[10Oct2025 00:15:22.477] [main/INFO] [cpw.mods.modlauncher.Launcher/MODLAUNCHER]: ModLauncher running: args [--launchTarget, forgeserver, --fml.forgeVersion, 47.4.0, --fml.mcVersion, 1.20.1, --fml.forgeGroup, net.minecraftforge, --fml.mcpVersion, 20230612.114412, nogui]
[10Oct2025 00:15:22.483] [main/INFO] [cpw.mods.modlauncher.Launcher/MODLAUNCHER]: ModLauncher 10.0.9+10.0.9+main.dcd20f30 starting: java version 17.0.16 by Ubuntu; OS Linux arch amd64 version 6.8.0-1030-azure
[10Oct2025 00:15:24.779] [main/INFO] [net.minecraftforge.fml.loading.ImmediateWindowHandler/]: ImmediateWindowProvider not loading because launch target is forgeserver
[10Oct2025 00:15:24.831] [main/INFO] [mixin/]: SpongePowered MIXIN Subsystem Version=0.8.5 Source=union:/workspaces/amigospro1/servidor_minecraft/libraries/org/spongepowered/mixin/0.8.5/mixin-0.8.5.jar%2365!/ Service=ModLauncher Env=SERVER
[10Oct2025 00:15:25.270] [main/WARN] [net.minecraftforge.fml.loading.moddiscovery.ModFileParser/LOADING]: Mod file /workspaces/amigospro1/servidor_minecraft/libraries/net/minecraftforge/fmlcore/1.20.1-47.4.0/fmlcore-1.20.1-47.4.0.jar is missing mods.toml file
[10Oct2025 00:15:25.271] [main/WARN] [net.minecraftforge.fml.loading.moddiscovery.ModFileParser/LOADING]: Mod file /workspaces/amigospro1/servidor_minecraft/libraries/net/minecraftforge/javafmllanguage/1.20.1-47.4.0/javafmllanguage-1.20.1-47.4.0.jar is missing mods.toml file
[10Oct2025 00:15:25.272] [main/WARN] [net.minecraftforge.fml.loading.moddiscovery.ModFileParser/LOADING]: Mod file /workspaces/amigospro1/servidor_minecraft/libraries/net/minecraftforge/lowcodelanguage/1.20.1-47.4.0/lowcodelanguage-1.20.1-47.4.0.jar is missing mods.toml file
[10Oct2025 00:15:25.273] [main/WARN] [net.minecraftforge.fml.loading.moddiscovery.ModFileParser/LOADING]: Mod file /workspaces/amigospro1/servidor_minecraft/libraries/net/minecraftforge/mclanguage/1.20.1-47.4.0/mclanguage-1.20.1-47.4.0.jar is missing mods.toml file
[10Oct2025 00:15:25.608] [main/INFO] [net.minecraftforge.fml.loading.moddiscovery.JarInJarDependencyLocator/]: Found 20 dependencies adding them to mods collection
[10Oct2025 00:15:29.729] [main/INFO] [mixin/]: Compatibility level set to JAVA_17
[10Oct2025 00:15:30.049] [main/ERROR] [mixin/]: Mixin config azurelib.mixins.json does not specify "minVersion" property
[10Oct2025 00:15:30.052] [main/ERROR] [mixin/]: Mixin config azurelib.forge.mixins.json does not specify "minVersion" property
[10Oct2025 00:15:30.140] [main/ERROR] [mixin/]: Mixin config yacl.mixins.json does not specify "minVersion" property
[10Oct2025 00:15:30.188] [main/INFO] [mixin/]: Successfully loaded Mixin Connector [de.maxhenkel.tradecycling.MixinConnector]
[10Oct2025 00:15:30.191] [main/INFO] [cpw.mods.modlauncher.LaunchServiceHandler/MODLAUNCHER]: Launching target 'forgeserver' with arguments [nogui]
[10Oct2025 00:15:30.254] [main/WARN] [mixin/]: Reference map 'morevillagers-forge-forge-refmap.json' for morevillagers.mixins.json could not be read. If this is a development environment you can ignore this message
[10Oct2025 00:15:30.337] [main/WARN] [mixin/]: Reference map 'CuriosBackSlot.refmap.json' for curiosbackslot.mixins.json could not be read. If this is a development environment you can ignore this message
[10Oct2025 00:15:30.340] [main/WARN] [mixin/]: Reference map 'puzzlesaccessapi.common.refmap.json' for puzzlesaccessapi.common.mixins.json could not be read. If this is a development environment you can ignore this message
[10Oct2025 00:15:30.347] [main/WARN] [mixin/]: Reference map 'mixins.wither_spawn_animation.refmap.json' for mixins.wither_spawn_animation.json could not be read. If this is a development environment you can ignore this message
[10Oct2025 00:15:30.402] [main/INFO] [Puzzles Lib/]: Loading 194 mods:
	- advancednetherite 2.1.3
	- advancementplaques 1.6.9
	- ags_day_counter 5.0
	- alexscaves 2.0.2
	- alexsdelight 1.5
	- alexsmobs 1.22.9
	- alshanex_familiars 1.20.1_v1.1.2_HotFix
	- animal_feeding_trough 1.1.0+1.20.1-forge
	- animalgarden_owl 1.0.0
	- animalgarden_porcupine 1.0.0
	- appleskin 2.5.1+mc1.20.1
	- aquamirae 6.API15
	- architectury 9.2.14
	- attributeslib 1.3.7
	- azurelib 3.0.15
	- bagofholding 8.0.2
		\-- puzzlesapi 8.1.6
	- bakery 1.1.15
	- balm 7.3.31
		\-- kuma_api 20.1.10
	- better_totem_of_undying 2.1.1
	- bettercombat 1.8.6+1.20.1
	- betterendcities 1.0.0-1.20.1
	- betterendisland 1.20-Forge-2.0.6
	- betterfortresses 1.20-Forge-2.0.6
	- bettermineshafts 1.20-Forge-4.0.4
	- bettervillage 3.3.1
	- bfendcities 1.0
	- block_factorys_bosses 1.0.9.1
	- blueprint 7.1.3
	- born_in_chaos_v1 1.7
	- caelus 3.2.0+1.20.1
	- castle_in_the_sky 1.20.1
	- cataclysm 3.03
	- cataclysm_spellbooks 1.2.2-1.20.1
	- cerbons_api 1.1.0
	- charmofundying 6.5.0+1.20.1
		\-- spectrelib 0.13.15+1.20.1
	- chefsdelight 1.0.3-forge-1.20.1
	- citadel 2.6.1
	- cloth_config 11.1.136
	- cobweb 1.0.1
	- collective 8.3
	- collectorsreap 1.3.4
	- combatroll 1.3.3+1.20.1
	- condensedores 1.0.0
	- corn_delight 1.1.6-1.20.1
	- cosmeticarmorreworked 1.20.1-v1a
	- craftable_enchanted_golden_apple 1.0.0
	- creativecore 2.12.32
	- cristellib 1.1.6
	- ctov 3.4.14
	- cupboard 1.20.1-2.7
	- curios 5.14.1+1.20.1
	- curiosbackslot 4.0.6-nc
	- dacxirons 1.4fix-1.20.1
	- deeper_oceans 2.0.0
	- deimos 2.4
	- disenchanting_table 5.0.2
	- doapi 1.2.15
		\-- terraform 7.0.1
	- droppedbuffs 1.20.1-1.4.1
	- dungeons_and_combat 1.1.8
	- easyanvils 8.0.2
	- ec_isasb_plugin 1.0.0
	- eeeabsmobs 1.20.1-0.97
	- endrem 5.3.3-R-1.20.1
	- expanded_combat 3.2.7
	- farmers_structures 1.0.0
	- farmersdelight 1.20.1-1.2.8
	- firearrows 13.3
	- flib 0.0.15
	- forge 47.4.0
	- framework 0.7.15
	- friendsandfoes 3.0.9
	- fromtheshadows 2.8
	- geckolib 4.7.3
	- gnumus 1.0.0
	- goblintraders 1.9.3
	- goldenhopper 1.4.1
	- golemsarefriends 1.20.0-1.0.1
	- gtbcs_geomancy_plus 1.1.0-1.20.1
	- gtbcs_spell_lib 1.3.0-1.20.1
	- hoporp 1.3.7
	- ias_spellbooks 0.5.0-1.20.1
	- iceberg 1.1.25
	- illageandspillage 1.2.8
	- illager_additions 1.20.1-0.0.2-alpha
	- illagerinvasion 8.0.7
	- immersive_aircraft 1.2.2+1.20.1
	- immersive_paintings 0.6.8+1.20.1
	- improvedtrident 2.1
	- irons_spellbooks 1.20.1-3.4.0.11
	- irons_spells_dynamic_skilltree 1.1.0
	- jade 11.13.1+forge
	- jamlib 1.3.5+1.20.1
	- jei 15.20.0.112
	- jeresources 1.4.0.247
	- journeymap 5.10.3
	- jumpoverfences 1.3.1
	- jungle_treehouse_village 1.0.0
	- just_in_nether 1.0.0
	- justanotherlibrarymod 1.0.0
	- lava_swim 1.0.0
	- legendary_monsters 1.20.1
	- libraryferret 4.0.0
	- lionfishapi 2.4-Fix
	- lios_overhauled_villages 1.18.2-1.21.6-v0.0.8
	- lithostitched 1.4.8
	- lootintegrations 1.20.1-4.7
	- lootr 0.7.35.92
	- man_of_many_planes 0.2.0+1.20.1
	- merenc 4.2
	- mes 1.3.4-1.20-forge
	- milesplayz 0.5
	- minecraft 1.20.1
	- miners_delight 1.20.1-1.2.3
	- mischief_illagers 1.2
	- monolib 2.1.0
	- moonlight 1.20-2.14.4
	- morevillagers 5.0.0
	- mowziesmobs 1.7.3
	- mr_cherry_villages 1.0.3
	- mr_desert_mansion 2.0
	- mr_limesplatus_ending 1-v1.1.0c
	- mr_lukis_grandcapitals 1.1.2
	- mr_tidal_towns 1.3.4
	- mr_withering_heights 1-alpha-1
	- mutantmonsters 8.0.7
	- mutantsbuff 1.0.0
	- mynethersdelight 1.20.1-1.7.5
	- mysterious_mountain_lib 1.5.21-1.20.1
	- naturallychargedcreepers 3.6
	- neapolitan 5.1.0
	- obscure_api 15
	- obscure_tooltips 2.2
	- oceanic_delight 1.0.3
	- overweight_farming 1.20.1-2.1.0-forge
	- particular 1.2.4
	- pehkui 3.8.2+1.20.1-forge
	- pickupnotifier 8.0.0
	- placebo 8.6.3
	- playeranimator 1.0.2-rc1+1.20
	- pufferfish_unofficial_additions 2.2.3
		\-- mixinsquared 0.1.1
	- puffish_attributes 0.7.6
	- puffish_skills 0.16.5
	- puzzleslib 8.1.32
		\-- puzzlesaccessapi 20.1.1
	- quick_cure 1.20.1-1.0.0
	- realmrpg_skeletons 1.1.0
	- responsiveshields 2.3
	- ribbits 1.20.1-Forge-3.0.4
	- rightclickharvest 4.5.3+1.20.1
	- royalvariations 1.0.0
	- rusticdelight 1.4.1
	- sawmillhouse 1.3.0
	- simpletomb 1.20.1-1.3.0
	- simplylight 1.20.1-1.4.6-build.50
	- simplyswords 1.56.0-1.20.1
	- skyvillages 1.0.4
	- smarterfarmers 1.20-2.1.2
	- snuffles 1.0.7
	- some_assembly_required 1.20.1-4.2.0
	- sophisticatedbackpacks 3.23.19.1263
	- sophisticatedcore 1.2.71.1022
	- sophisticatedstorage 1.3.51.1182
	- soul_fire_d 4.0.11
		\-- mixinextras 0.4.1
	- stackablepotions 1.0.0
	- stackrefill 4.7
	- statuseffectbars 1.0.3
	- stronger_structures 1.0.0
	- t_and_t 0.0NONE
	- taxcp 1.0.1
	- thalassophobia 1.0.0
	- tlc 1.0.2
	- trade_cycling 1.20.1-1.0.18
	- tradingplayers 1.3.3
	- tradingpost 8.0.2
	- trashslot 15.1.2
	- travelerstitles 1.20-Forge-4.0.2
	- traveloptics 5.5.0-1.20.1
	- treasuredistance 1.20-1.2
	- treeharvester 9.1
	- twilightforest 4.3.2508
	- undermod 0.2.1
	- villagergolemhealer 1.0.0
	- villagernames 8.2
	- wildberries 1.3.0
	- wither_spawn_animation 1.5.2
	- wre 1.0.0
	- xtraarrows 3.0.12
	- yet_another_config_lib_v3 3.6.6+1.20.1-forge
	- yungsapi 1.20-Forge-4.0.6
[10Oct2025 00:15:30.491] [main/WARN] [mixin/]: Reference map 'Aquamirae.refmap.json' for aquamirae.mixins.json could not be read. If this is a development environment you can ignore this message
[10Oct2025 00:15:30.504] [main/WARN] [mixin/]: Reference map 'cristellib-forge-refmap.json' for cristellib.mixins.json could not be read. If this is a development environment you can ignore this message
[10Oct2025 00:15:30.549] [main/WARN] [mixin/]: Reference map 'cobweb.refmap.json' for cobweb.mixins.json could not be read. If this is a development environment you can ignore this message
[10Oct2025 00:15:30.552] [main/WARN] [mixin/]: Reference map 'cobweb.refmap.json' for cobweb.forge.mixins.json could not be read. If this is a development environment you can ignore this message
[10Oct2025 00:15:30.591] [main/WARN] [mixin/]: Reference map 'CerbonsAPI-Forge-1.20.1-forge-refmap.json' for cerbons_api.mixins.json could not be read. If this is a development environment you can ignore this message
[10Oct2025 00:15:30.632] [main/WARN] [mixin/]: Reference map 'trashslot.refmap.json' for trashslot.mixins.json could not be read. If this is a development environment you can ignore this message
[10Oct2025 00:15:30.690] [main/WARN] [mixin/]: Reference map 'simplyswords-forge-refmap.json' for simplyswords.mixins.json could not be read. If this is a development environment you can ignore this message
[10Oct2025 00:15:30.745] [main/WARN] [mixin/]: Reference map 'mes-forge-refmap.json' for mes-forge.mixins.json could not be read. If this is a development environment you can ignore this message
[10Oct2025 00:15:31.094] [main/INFO] [net.minecraftforge.coremod.CoreMod.placebo/COREMODLOG]: Patching IForgeItemStack#getEnchantmentLevel
[10Oct2025 00:15:31.128] [main/INFO] [net.minecraftforge.coremod.CoreMod.placebo/COREMODLOG]: Patching IForgeItemStack#getEnchantmentLevel
[10Oct2025 00:15:32.082] [main/WARN] [mixin/]: Error loading class: net/minecraft/client/model/PlayerModel (java.lang.ClassNotFoundException: net.minecraft.client.model.PlayerModel)
[10Oct2025 00:15:32.082] [main/WARN] [mixin/]: @Mixin target net.minecraft.client.model.PlayerModel was not found mixins.block_factorys_bosses.json:PlayerRollMixin
[10Oct2025 00:15:32.670] [main/WARN] [mixin/]: Error loading class: com/simibubi/create/content/fluids/spout/FillingBySpout (java.lang.ClassNotFoundException: com.simibubi.create.content.fluids.spout.FillingBySpout)
[10Oct2025 00:15:32.685] [main/WARN] [mixin/]: Error loading class: net/mehvahdjukaar/amendments/events/behaviors/InteractEvents (java.lang.ClassNotFoundException: net.mehvahdjukaar.amendments.events.behaviors.InteractEvents)
[10Oct2025 00:15:32.685] [main/WARN] [mixin/]: @Mixin target net.mehvahdjukaar.amendments.events.behaviors.InteractEvents was not found mynethersdelight.mixins.json:amendments.InteractEventsMixin
[10Oct2025 00:15:32.834] [main/INFO] [MixinExtras|Service/]: Initializing MixinExtras via com.llamalad7.mixinextras.service.MixinExtrasServiceImpl(version=0.4.1).
[10Oct2025 00:15:34.299] [main/INFO] [net.minecraftforge.coremod.CoreMod.placebo/COREMODLOG]: Patching IForgeItemStack#getEnchantmentLevel
[10Oct2025 00:15:34.300] [main/INFO] [net.minecraftforge.coremod.CoreMod.placebo/COREMODLOG]: Patching IForgeItemStack#getEnchantmentLevel
[10Oct2025 00:15:36.411] [main/INFO] [net.minecraftforge.coremod.CoreMod.placebo/COREMODLOG]: Patching IForgeItemStack#getEnchantmentLevel
[10Oct2025 00:15:36.411] [main/INFO] [net.minecraftforge.coremod.CoreMod.placebo/COREMODLOG]: Patching IForgeItemStack#getEnchantmentLevel
[10Oct2025 00:15:39.547] [main/WARN] [mixin/]: Mixin alexscaves.mixins.json:SwampHutPieceMixin has multiple constructors, (Lnet/minecraft/world/level/levelgen/structure/pieces/StructurePieceType;IIIIIILnet/minecraft/core/Direction;)V was selected

[10Oct2025 00:15:40.257] [modloading-worker-0/INFO] [Puzzles Lib/]: Constructing common components for easyanvils:main
[10Oct2025 00:15:40.444] [modloading-worker-0/INFO] [Puzzles Lib/]: Constructing common components for pickupnotifier:main
[10Oct2025 00:15:40.834] [modloading-worker-0/INFO] [com.autovw.advancednetherite.AdvancedNetherite/]: Initializing platform helper for Advanced Netherite!
[10Oct2025 00:15:41.160] [modloading-worker-0/INFO] [Puzzles Lib/]: Constructing common components for mutantmonsters:main
[10Oct2025 00:15:41.183] [modloading-worker-0/INFO] [Puzzles Lib/]: Constructing common components for puzzlesapi:iteminteractions
[10Oct2025 00:15:41.239] [modloading-worker-0/INFO] [Puzzles Lib/]: Constructing common components for puzzlesapi:slotcycling
[10Oct2025 00:15:41.240] [modloading-worker-0/INFO] [Puzzles Lib/]: Constructing common components for puzzlesapi:limitlesscontainers
[10Oct2025 00:15:41.260] [modloading-worker-0/INFO] [Puzzles Lib/]: Constructing common components for puzzlesapi:statues
[10Oct2025 00:15:41.427] [modloading-worker-0/INFO] [com.jtorleonstudios.libraryferret.LibraryFerret/]: Initialize mod Library Ferret
[10Oct2025 00:15:41.448] [modloading-worker-0/INFO] [com.jtorleonstudios.libraryferret.LibraryFerret/]: Initialized mod Library Ferret
[10Oct2025 00:15:41.520] [modloading-worker-0/INFO] [Puzzles Lib/]: Constructing common components for bagofholding:main
[10Oct2025 00:15:41.560] [modloading-worker-0/INFO] [net.minecraftforge.common.ForgeMod/FORGEMOD]: Forge mod loading, version 47.4.0, for MC 1.20.1 with MCP 20230612.114412
[10Oct2025 00:15:41.561] [modloading-worker-0/INFO] [net.minecraftforge.common.MinecraftForge/FORGE]: MinecraftForge v47.4.0 Initialized
[10Oct2025 00:15:41.880] [modloading-worker-0/WARN] [mixin/]: @Inject(@At("INVOKE")) Shift.BY=2 on pufferfish_unofficial_additions.mixins.json:LootTableMixin::handler$zol000$pufferfish_unofficial_additions$applyExperienceSource exceeds the maximum allowed value: 0. Increase the value of maxShiftBy to suppress this warning.
[10Oct2025 00:15:41.934] [modloading-worker-0/INFO] [Puzzles Lib/]: Constructing common components for puzzleslib:main
[10Oct2025 00:15:42.043] [modloading-worker-0/INFO] [Puzzles Lib/]: Constructing common components for illagerinvasion:main
[10Oct2025 00:15:42.192] [modloading-worker-0/INFO] [Collective/]: [Collective] JSON file 'entity_names.json' generation requested by mod 'villagernames'.
[10Oct2025 00:15:42.207] [modloading-worker-0/INFO] [Jump over Fences/]: This mod should only be installed on the client to save RAM
[10Oct2025 00:15:42.288] [modloading-worker-0/INFO] [quick_cure/]: No more dying of old age before your zombie friends get healthy again!
[10Oct2025 00:15:43.273] [modloading-worker-0/INFO] [Collective/]: Loading Collective version 8.3.
[10Oct2025 00:15:43.411] [modloading-worker-0/INFO] [JamLib/]: Initializing JamLib on Forge
[10Oct2025 00:15:43.453] [modloading-worker-0/INFO] [dev.architectury.networking.forge.NetworkManagerImpl/]: Registering C2S receiver with id architectury:sync_ids
[10Oct2025 00:15:43.456] [modloading-worker-0/INFO] [JamLib/]: Updated config file at /workspaces/amigospro1/servidor_minecraft/config/rightclickharvest.json5
[10Oct2025 00:15:43.462] [modloading-worker-0/INFO] [Right Click Harvest/]: Initializing Right Click Harvest on FORGE
[10Oct2025 00:15:43.473] [modloading-worker-0/INFO] [Animal Feeding Trough/]: [Animal Feeding Trough] Load Complete! Enjoy :D
[10Oct2025 00:15:43.493] [modloading-worker-0/INFO] [com.cupboard.Cupboard/]: Loaded config for: cupboard.json
[10Oct2025 00:15:43.633] [modloading-worker-0/INFO] [Puzzles Lib/]: Constructing common components for tradingpost:main
[10Oct2025 00:15:43.885] [modloading-worker-0/ERROR] [net.minecraftforge.eventbus.EventSubclassTransformer/EVENTBUS]: Could not find parent net/minecraft/client/renderer/entity/layers/RenderLayer for class com/obscuria/obscureapi/client/renderer/PatreonLayer in classloader cpw.mods.modlauncher.TransformingClassLoader@a826ff8 on thread Thread[modloading-worker-0,5,main]
[10Oct2025 00:15:43.887] [modloading-worker-0/ERROR] [net.minecraftforge.eventbus.EventSubclassTransformer/EVENTBUS]: An error occurred building event handler
java.lang.ClassNotFoundException: net.minecraft.client.renderer.entity.layers.RenderLayer
	at cpw.mods.cl.ModuleClassLoader.loadClass(ModuleClassLoader.java:141) ~[securejarhandler-2.1.10.jar:?]
	at java.lang.ClassLoader.loadClass(ClassLoader.java:525) ~[?:?]
	at net.minecraftforge.eventbus.EventSubclassTransformer.buildEvents(EventSubclassTransformer.java:97) ~[eventbus-6.0.5.jar%2352!/:?]
	at net.minecraftforge.eventbus.EventSubclassTransformer.transform(EventSubclassTransformer.java:48) ~[eventbus-6.0.5.jar%2352!/:?]
	at net.minecraftforge.eventbus.EventBusEngine.processClass(EventBusEngine.java:26) ~[eventbus-6.0.5.jar%2352!/:?]
	at net.minecraftforge.eventbus.service.ModLauncherService.processClassWithFlags(ModLauncherService.java:32) ~[eventbus-6.0.5.jar%2352!/:6.0.5+6.0.5+master.eb8e549b]
	at cpw.mods.modlauncher.LaunchPluginHandler.offerClassNodeToPlugins(LaunchPluginHandler.java:88) ~[modlauncher-10.0.9.jar%2355!/:?]
	at cpw.mods.modlauncher.ClassTransformer.transform(ClassTransformer.java:120) ~[modlauncher-10.0.9.jar%2355!/:?]
	at cpw.mods.modlauncher.TransformingClassLoader.maybeTransformClassBytes(TransformingClassLoader.java:50) ~[modlauncher-10.0.9.jar%2355!/:?]
	at cpw.mods.cl.ModuleClassLoader.readerToClass(ModuleClassLoader.java:113) ~[securejarhandler-2.1.10.jar:?]
	at cpw.mods.cl.ModuleClassLoader.lambda$findClass$15(ModuleClassLoader.java:219) ~[securejarhandler-2.1.10.jar:?]
	at cpw.mods.cl.ModuleClassLoader.loadFromModule(ModuleClassLoader.java:229) ~[securejarhandler-2.1.10.jar:?]
	at cpw.mods.cl.ModuleClassLoader.findClass(ModuleClassLoader.java:219) ~[securejarhandler-2.1.10.jar:?]
	at cpw.mods.cl.ModuleClassLoader.loadClass(ModuleClassLoader.java:135) ~[securejarhandler-2.1.10.jar:?]
	at java.lang.ClassLoader.loadClass(ClassLoader.java:525) ~[?:?]
	at java.lang.ClassLoader.defineClass0(Native Method) ~[?:?]
	at java.lang.System$2.defineClass(System.java:2324) ~[?:?]
	at java.lang.invoke.MethodHandles$Lookup$ClassDefiner.defineClass(MethodHandles.java:2439) ~[?:?]
	at java.lang.invoke.MethodHandles$Lookup$ClassDefiner.defineClassAsLookup(MethodHandles.java:2420) ~[?:?]
	at java.lang.invoke.MethodHandles$Lookup.defineHiddenClass(MethodHandles.java:2127) ~[?:?]
	at java.lang.invoke.InnerClassLambdaMetafactory.generateInnerClass(InnerClassLambdaMetafactory.java:407) ~[?:?]
	at java.lang.invoke.InnerClassLambdaMetafactory.spinInnerClass(InnerClassLambdaMetafactory.java:315) ~[?:?]
	at java.lang.invoke.InnerClassLambdaMetafactory.buildCallSite(InnerClassLambdaMetafactory.java:228) ~[?:?]
	at java.lang.invoke.LambdaMetafactory.metafactory(LambdaMetafactory.java:341) ~[?:?]
	at java.lang.invoke.BootstrapMethodInvoker.invoke(BootstrapMethodInvoker.java:134) ~[?:?]
	at java.lang.invoke.CallSite.makeSite(CallSite.java:315) ~[?:?]
	at java.lang.invoke.MethodHandleNatives.linkCallSiteImpl(MethodHandleNatives.java:281) ~[?:?]
	at java.lang.invoke.MethodHandleNatives.linkCallSite(MethodHandleNatives.java:271) ~[?:?]
	at com.obscuria.obscureapi.client.renderer.PatreonLayer$Mode.<clinit>(PatreonLayer.java:55) ~[obscure_api-15.jar%23408!/:com.obscuria]
	at com.obscuria.obscureapi.ObscureAPIConfig$Client.<clinit>(ObscureAPIConfig.java:28) ~[obscure_api-15.jar%23408!/:com.obscuria]
	at com.obscuria.obscureapi.ObscureAPIConfig.register(ObscureAPIConfig.java:46) ~[obscure_api-15.jar%23408!/:com.obscuria]
	at com.obscuria.obscureapi.ObscureAPI.<init>(ObscureAPI.java:69) ~[obscure_api-15.jar%23408!/:com.obscuria]
	at jdk.internal.reflect.NativeConstructorAccessorImpl.newInstance0(Native Method) ~[?:?]
	at jdk.internal.reflect.NativeConstructorAccessorImpl.newInstance(NativeConstructorAccessorImpl.java:77) ~[?:?]
	at jdk.internal.reflect.DelegatingConstructorAccessorImpl.newInstance(DelegatingConstructorAccessorImpl.java:45) ~[?:?]
	at java.lang.reflect.Constructor.newInstanceWithCaller(Constructor.java:500) ~[?:?]
	at java.lang.reflect.Constructor.newInstance(Constructor.java:481) ~[?:?]
	at net.minecraftforge.fml.javafmlmod.FMLModContainer.constructMod(FMLModContainer.java:77) ~[javafmllanguage-1.20.1-47.4.0.jar%23475!/:?]
	at net.minecraftforge.fml.ModContainer.lambda$buildTransitionHandler$5(ModContainer.java:126) ~[fmlcore-1.20.1-47.4.0.jar%23474!/:?]
	at java.util.concurrent.CompletableFuture$AsyncRun.run(CompletableFuture.java:1804) ~[?:?]
	at java.util.concurrent.CompletableFuture$AsyncRun.exec(CompletableFuture.java:1796) ~[?:?]
	at java.util.concurrent.ForkJoinTask.doExec(ForkJoinTask.java:373) ~[?:?]
	at java.util.concurrent.ForkJoinPool$WorkQueue.topLevelExec(ForkJoinPool.java:1182) ~[?:?]
	at java.util.concurrent.ForkJoinPool.scan(ForkJoinPool.java:1655) ~[?:?]
	at java.util.concurrent.ForkJoinPool.runWorker(ForkJoinPool.java:1622) ~[?:?]
	at java.util.concurrent.ForkJoinWorkerThread.run(ForkJoinWorkerThread.java:165) ~[?:?]
[10Oct2025 00:15:43.892] [modloading-worker-0/ERROR] [net.minecraftforge.fml.loading.RuntimeDistCleaner/DISTXFORM]: Attempted to load class com/obscuria/obscureapi/client/renderer/PatreonLayer for invalid dist DEDICATED_SERVER
[10Oct2025 00:15:43.960] [modloading-worker-0/INFO] [particular/]: I am quite particular about the effects I choose to add :3
[10Oct2025 00:15:44.121] [modloading-worker-0/INFO] [azurelib/FileWatching]: Registered azurelib config for auto-sync function
[10Oct2025 00:15:45.246] [modloading-worker-0/ERROR] [io.redspace.ironsspellbooks.IronsSpellbooks/]: SpellDiscovery:  net.acetheeldritchking.cataclysm_spellbooks.entity.mobs.SummonedAmethystCrab, java.lang.ClassCastException: class net.acetheeldritchking.cataclysm_spellbooks.entity.mobs.SummonedAmethystCrab
[10Oct2025 00:15:45.468] [modloading-worker-0/INFO] [YetAnotherConfigLib/]: Deserializing YACLConfig from '/workspaces/amigospro1/servidor_minecraft/config/yacl.json5'
[10Oct2025 00:15:50.368] [main/WARN] [dev.architectury.registry.registries.forge.RegistrarManagerImpl/]: Registry entry listened Registry Entry [minecraft:entity_type / bakery:wandering_baker] was not realized!
[10Oct2025 00:15:50.371] [main/WARN] [dev.architectury.registry.registries.forge.RegistrarManagerImpl/]: Registry entry listened Registry Entry [minecraft:entity_type / bakery:wandering_baker] was not realized!
[10Oct2025 00:15:50.371] [main/WARN] [dev.architectury.registry.registries.forge.RegistrarManagerImpl/]: Registry entry listened Registry Entry [minecraft:entity_type / bakery:wandering_baker] was not realized!
[10Oct2025 00:15:50.646] [main/INFO] [Moonlight/]: Initialized block sets in 17ms
[10Oct2025 00:15:51.937] [main/WARN] [net.minecraft.network.syncher.SynchedEntityData/]: defineId called for: class net.mcreator.borninchaosv.entity.BabySpiderEntity from class net.mcreator.borninchaosv.entity.MotherSpiderEntity
[10Oct2025 00:15:51.959] [main/WARN] [net.minecraft.network.syncher.SynchedEntityData/]: defineId called for: class com.github.alexmodguy.alexscaves.server.entity.living.TremorzillaEntity from class com.github.alexmodguy.alexscaves.server.entity.living.LicowitchEntity
[10Oct2025 00:15:51.969] [main/WARN] [net.minecraft.network.syncher.SynchedEntityData/]: defineId called for: class net.miauczel.legendary_monsters.entity.AnimatedMonster.Mobs.Shulker_MimicEntity from class net.miauczel.legendary_monsters.entity.AnimatedMonster.Old.OldShulkerMimic
[10Oct2025 00:15:51.970] [main/WARN] [net.minecraft.network.syncher.SynchedEntityData/]: defineId called for: class net.miauczel.legendary_monsters.entity.AnimatedMonster.IAnimatedBoss.CloudGolem.Cloud_GolemEntity from class net.miauczel.legendary_monsters.entity.AnimatedMonster.OriginClasses.IAnimatedBoss
[10Oct2025 00:15:51.970] [main/WARN] [net.minecraft.network.syncher.SynchedEntityData/]: defineId called for: class net.miauczel.legendary_monsters.entity.AnimatedMonster.IAnimatedBoss.CloudGolem.Cloud_GolemEntity from class net.miauczel.legendary_monsters.entity.AnimatedMonster.OriginClasses.IAnimatedBoss
[10Oct2025 00:15:51.970] [main/WARN] [net.minecraft.network.syncher.SynchedEntityData/]: defineId called for: class net.miauczel.legendary_monsters.entity.AnimatedMonster.IAnimatedBoss.CloudGolem.Cloud_GolemEntity from class net.miauczel.legendary_monsters.entity.AnimatedMonster.OriginClasses.IAnimatedBoss
[10Oct2025 00:15:52.094] [main/INFO] [Puzzles Lib/]: Loading common config for mutantmonsters
[10Oct2025 00:15:52.095] [Thread-2/INFO] [Puzzles Lib/]: Reloading common config for mutantmonsters
[10Oct2025 00:15:52.096] [Thread-2/INFO] [Puzzles Lib/]: Reloading common config for mutantmonsters
[10Oct2025 00:15:52.121] [main/INFO] [Puzzles Lib/]: Loading common config for bagofholding
[10Oct2025 00:15:52.122] [Thread-2/INFO] [Puzzles Lib/]: Reloading common config for bagofholding
[10Oct2025 00:15:52.125] [Thread-2/INFO] [Puzzles Lib/]: Reloading common config for bagofholding
[10Oct2025 00:15:52.267] [modloading-worker-0/INFO] [com.song.castle_in_the_sky.CastleInTheSky/]: HELLO FROM PREINIT
[10Oct2025 00:15:52.422] [modloading-worker-0/INFO] [com.lootintegrations.LootintegrationsMod/]: lootintegrations mod initialized
[10Oct2025 00:15:52.521] [modloading-worker-0/INFO] [net.antrolgaming.ags_daycounter.AgsDayCounterMod/]: [Day Counter] Loading config file...
[10Oct2025 00:15:52.523] [modloading-worker-0/INFO] [net.antrolgaming.ags_daycounter.AgsDayCounterMod/]: [Day Counter] Config file successfuly loaded!
[10Oct2025 00:15:52.567] [modloading-worker-0/INFO] [cn.mcmod_mmf.mmlib.Main/]: Presented by Zaia
[10Oct2025 00:15:52.725] [Forge Version Check/INFO] [net.minecraftforge.fml.VersionChecker/]: [easyanvils] Starting version check at https://raw.githubusercontent.com/Fuzss/modresources/main/update/easyanvils.json
[10Oct2025 00:15:52.936] [main/INFO] [ribbits/]: Registering Ribbit umbrella types...
[10Oct2025 00:15:52.936] [main/INFO] [ribbits/]: Registering Ribbit professions...
[10Oct2025 00:15:52.936] [main/INFO] [ribbits/]: Registering Ribbit instruments...
[10Oct2025 00:15:52.938] [main/INFO] [ribbits/]: Registering Ribbit data serializers...
[10Oct2025 00:15:52.960] [Forge Version Check/INFO] [net.minecraftforge.fml.VersionChecker/]: [easyanvils] Found status: UP_TO_DATE Current: 8.0.2 Target: null
[10Oct2025 00:15:52.960] [Forge Version Check/INFO] [net.minecraftforge.fml.VersionChecker/]: [pickupnotifier] Starting version check at https://raw.githubusercontent.com/Fuzss/modresources/main/update/pickupnotifier.json
[10Oct2025 00:15:52.970] [main/WARN] [net.mehvahdjukaar.smarterfarmers.SmarterFarmers/]: Failed to add custom foods to villagers
[10Oct2025 00:15:52.977] [Forge Version Check/INFO] [net.minecraftforge.fml.VersionChecker/]: [pickupnotifier] Found status: UP_TO_DATE Current: 8.0.0 Target: null
[10Oct2025 00:15:52.977] [Forge Version Check/INFO] [net.minecraftforge.fml.VersionChecker/]: [ctov] Starting version check at https://api.modrinth.com/updates/fgmhI8kH/forge_updates.json
[10Oct2025 00:15:53.021] [main/INFO] [com.eeeab.eeeabsmobs.EEEABMobs/]: Starting to register Curios item...
[10Oct2025 00:15:53.071] [main/INFO] [journeymap/]: Initializing Packet Registries
[10Oct2025 00:15:53.106] [Forge Version Check/INFO] [net.minecraftforge.fml.VersionChecker/]: [ctov] Found status: UP_TO_DATE Current: 3.4.14 Target: null
[10Oct2025 00:15:53.106] [Forge Version Check/INFO] [net.minecraftforge.fml.VersionChecker/]: [advancementplaques] Starting version check at https://mc-update-check.anthonyhilyard.com/499826
[10Oct2025 00:15:53.141] [main/INFO] [Moonlight/]: Initialized color sets in 44ms
[10Oct2025 00:15:53.196] [modloading-worker-0/INFO] [io.redspace.ironsspellbooks.IronsSpellbooks/]: Got IMC []
[10Oct2025 00:15:53.214] [modloading-worker-0/INFO] [com.eeeab.eeeabsmobs.EEEABMobs/]: Registering custom criteria trigger...
[10Oct2025 00:15:53.278] [Forge Version Check/WARN] [net.minecraftforge.fml.VersionChecker/]: Failed to process update information
javax.net.ssl.SSLHandshakeException: PKIX path validation failed: java.security.cert.CertPathValidatorException: validity check failed
	at jdk.internal.net.http.HttpClientImpl.send(HttpClientImpl.java:579) ~[java.net.http:?]
	at jdk.internal.net.http.HttpClientFacade.send(HttpClientFacade.java:123) ~[java.net.http:?]
	at net.minecraftforge.fml.VersionChecker$1.openUrlString(VersionChecker.java:142) ~[fmlcore-1.20.1-47.4.0.jar%23474!/:?]
	at net.minecraftforge.fml.VersionChecker$1.process(VersionChecker.java:180) ~[fmlcore-1.20.1-47.4.0.jar%23474!/:?]
	at java.lang.Iterable.forEach(Iterable.java:75) ~[?:?]
	at net.minecraftforge.fml.VersionChecker$1.run(VersionChecker.java:117) ~[fmlcore-1.20.1-47.4.0.jar%23474!/:?]
Caused by: javax.net.ssl.SSLHandshakeException: PKIX path validation failed: java.security.cert.CertPathValidatorException: validity check failed
	at sun.security.ssl.Alert.createSSLException(Alert.java:131) ~[?:?]
	at sun.security.ssl.TransportContext.fatal(TransportContext.java:383) ~[?:?]
	at sun.security.ssl.TransportContext.fatal(TransportContext.java:326) ~[?:?]
	at sun.security.ssl.TransportContext.fatal(TransportContext.java:321) ~[?:?]
	at sun.security.ssl.CertificateMessage$T12CertificateConsumer.checkServerCerts(CertificateMessage.java:654) ~[?:?]
	at sun.security.ssl.CertificateMessage$T12CertificateConsumer.onCertificate(CertificateMessage.java:473) ~[?:?]
	at sun.security.ssl.CertificateMessage$T12CertificateConsumer.consume(CertificateMessage.java:369) ~[?:?]
	at sun.security.ssl.SSLHandshake.consume(SSLHandshake.java:396) ~[?:?]
	at sun.security.ssl.HandshakeContext.dispatch(HandshakeContext.java:480) ~[?:?]
	at sun.security.ssl.SSLEngineImpl$DelegatedTask$DelegatedAction.run(SSLEngineImpl.java:1277) ~[?:?]
	at sun.security.ssl.SSLEngineImpl$DelegatedTask$DelegatedAction.run(SSLEngineImpl.java:1264) ~[?:?]
	at java.security.AccessController.doPrivileged(AccessController.java:712) ~[?:?]
	at sun.security.ssl.SSLEngineImpl$DelegatedTask.run(SSLEngineImpl.java:1209) ~[?:?]
	at java.util.ArrayList.forEach(ArrayList.java:1511) ~[?:?]
	at jdk.internal.net.http.common.SSLFlowDelegate.lambda$executeTasks$3(SSLFlowDelegate.java:1132) ~[java.net.http:?]
	at jdk.internal.net.http.HttpClientImpl$DelegatingExecutor.execute(HttpClientImpl.java:158) ~[java.net.http:?]
	at jdk.internal.net.http.common.SSLFlowDelegate.executeTasks(SSLFlowDelegate.java:1127) ~[java.net.http:?]
	at jdk.internal.net.http.common.SSLFlowDelegate.doHandshake(SSLFlowDelegate.java:1093) ~[java.net.http:?]
	at jdk.internal.net.http.common.SSLFlowDelegate$Reader.processData(SSLFlowDelegate.java:498) ~[java.net.http:?]
	at jdk.internal.net.http.common.SSLFlowDelegate$Reader$ReaderDownstreamPusher.run(SSLFlowDelegate.java:282) ~[java.net.http:?]
	at jdk.internal.net.http.common.SequentialScheduler$LockingRestartableTask.run(SequentialScheduler.java:205) ~[java.net.http:?]
	at jdk.internal.net.http.common.SequentialScheduler$CompleteRestartableTask.run(SequentialScheduler.java:149) ~[java.net.http:?]
	at jdk.internal.net.http.common.SequentialScheduler$TryEndDeferredCompleter.complete(SequentialScheduler.java:347) ~[java.net.http:?]
	at jdk.internal.net.http.common.SequentialScheduler$CompleteRestartableTask.run(SequentialScheduler.java:151) ~[java.net.http:?]
	at jdk.internal.net.http.common.SequentialScheduler$SchedulableTask.run(SequentialScheduler.java:230) ~[java.net.http:?]
	at java.util.concurrent.ThreadPoolExecutor.runWorker(ThreadPoolExecutor.java:1136) ~[?:?]
	at java.util.concurrent.ThreadPoolExecutor$Worker.run(ThreadPoolExecutor.java:635) ~[?:?]
	at java.lang.Thread.run(Thread.java:840) ~[?:?]
Caused by: sun.security.validator.ValidatorException: PKIX path validation failed: java.security.cert.CertPathValidatorException: validity check failed
	at sun.security.validator.PKIXValidator.doValidate(PKIXValidator.java:369) ~[?:?]
	at sun.security.validator.PKIXValidator.engineValidate(PKIXValidator.java:275) ~[?:?]
	at sun.security.validator.Validator.validate(Validator.java:264) ~[?:?]
	at sun.security.ssl.X509TrustManagerImpl.checkTrusted(X509TrustManagerImpl.java:285) ~[?:?]
	at sun.security.ssl.X509TrustManagerImpl.checkServerTrusted(X509TrustManagerImpl.java:144) ~[?:?]
	at sun.security.ssl.CertificateMessage$T12CertificateConsumer.checkServerCerts(CertificateMessage.java:632) ~[?:?]
	at sun.security.ssl.CertificateMessage$T12CertificateConsumer.onCertificate(CertificateMessage.java:473) ~[?:?]
	at sun.security.ssl.CertificateMessage$T12CertificateConsumer.consume(CertificateMessage.java:369) ~[?:?]
	at sun.security.ssl.SSLHandshake.consume(SSLHandshake.java:396) ~[?:?]
	at sun.security.ssl.HandshakeContext.dispatch(HandshakeContext.java:480) ~[?:?]
	at sun.security.ssl.SSLEngineImpl$DelegatedTask$DelegatedAction.run(SSLEngineImpl.java:1277) ~[?:?]
	at sun.security.ssl.SSLEngineImpl$DelegatedTask$DelegatedAction.run(SSLEngineImpl.java:1264) ~[?:?]
	at java.security.AccessController.doPrivileged(AccessController.java:712) ~[?:?]
	at sun.security.ssl.SSLEngineImpl$DelegatedTask.run(SSLEngineImpl.java:1209) ~[?:?]
	at java.util.ArrayList.forEach(ArrayList.java:1511) ~[?:?]
	at jdk.internal.net.http.common.SSLFlowDelegate.lambda$executeTasks$3(SSLFlowDelegate.java:1132) ~[java.net.http:?]
	at jdk.internal.net.http.HttpClientImpl$DelegatingExecutor.execute(HttpClientImpl.java:158) ~[java.net.http:?]
	at jdk.internal.net.http.common.SSLFlowDelegate.executeTasks(SSLFlowDelegate.java:1127) ~[java.net.http:?]
	at jdk.internal.net.http.common.SSLFlowDelegate.doHandshake(SSLFlowDelegate.java:1093) ~[java.net.http:?]
	at jdk.internal.net.http.common.SSLFlowDelegate$Reader.processData(SSLFlowDelegate.java:498) ~[java.net.http:?]
	at jdk.internal.net.http.common.SSLFlowDelegate$Reader$ReaderDownstreamPusher.run(SSLFlowDelegate.java:282) ~[java.net.http:?]
	at jdk.internal.net.http.common.SequentialScheduler$LockingRestartableTask.run(SequentialScheduler.java:205) ~[java.net.http:?]
	at jdk.internal.net.http.common.SequentialScheduler$CompleteRestartableTask.run(SequentialScheduler.java:149) ~[java.net.http:?]
	at jdk.internal.net.http.common.SequentialScheduler$TryEndDeferredCompleter.complete(SequentialScheduler.java:347) ~[java.net.http:?]
	at jdk.internal.net.http.common.SequentialScheduler$CompleteRestartableTask.run(SequentialScheduler.java:151) ~[java.net.http:?]
	at jdk.internal.net.http.common.SequentialScheduler$SchedulableTask.run(SequentialScheduler.java:230) ~[java.net.http:?]
	at java.util.concurrent.ThreadPoolExecutor.runWorker(ThreadPoolExecutor.java:1136) ~[?:?]
	at java.util.concurrent.ThreadPoolExecutor$Worker.run(ThreadPoolExecutor.java:635) ~[?:?]
	at java.lang.Thread.run(Thread.java:840) ~[?:?]
Caused by: java.security.cert.CertPathValidatorException: validity check failed
	at sun.security.provider.certpath.PKIXMasterCertPathValidator.validate(PKIXMasterCertPathValidator.java:135) ~[?:?]
	at sun.security.provider.certpath.PKIXCertPathValidator.validate(PKIXCertPathValidator.java:224) ~[?:?]
	at sun.security.provider.certpath.PKIXCertPathValidator.validate(PKIXCertPathValidator.java:144) ~[?:?]
	at sun.security.provider.certpath.PKIXCertPathValidator.engineValidate(PKIXCertPathValidator.java:83) ~[?:?]
	at java.security.cert.CertPathValidator.validate(CertPathValidator.java:309) ~[?:?]
	at sun.security.validator.PKIXValidator.doValidate(PKIXValidator.java:364) ~[?:?]
	at sun.security.validator.PKIXValidator.engineValidate(PKIXValidator.java:275) ~[?:?]
	at sun.security.validator.Validator.validate(Validator.java:264) ~[?:?]
	at sun.security.ssl.X509TrustManagerImpl.checkTrusted(X509TrustManagerImpl.java:285) ~[?:?]
	at sun.security.ssl.X509TrustManagerImpl.checkServerTrusted(X509TrustManagerImpl.java:144) ~[?:?]
	at sun.security.ssl.CertificateMessage$T12CertificateConsumer.checkServerCerts(CertificateMessage.java:632) ~[?:?]
	at sun.security.ssl.CertificateMessage$T12CertificateConsumer.onCertificate(CertificateMessage.java:473) ~[?:?]
	at sun.security.ssl.CertificateMessage$T12CertificateConsumer.consume(CertificateMessage.java:369) ~[?:?]
	at sun.security.ssl.SSLHandshake.consume(SSLHandshake.java:396) ~[?:?]
	at sun.security.ssl.HandshakeContext.dispatch(HandshakeContext.java:480) ~[?:?]
	at sun.security.ssl.SSLEngineImpl$DelegatedTask$DelegatedAction.run(SSLEngineImpl.java:1277) ~[?:?]
	at sun.security.ssl.SSLEngineImpl$DelegatedTask$DelegatedAction.run(SSLEngineImpl.java:1264) ~[?:?]
	at java.security.AccessController.doPrivileged(AccessController.java:712) ~[?:?]
	at sun.security.ssl.SSLEngineImpl$DelegatedTask.run(SSLEngineImpl.java:1209) ~[?:?]
	at java.util.ArrayList.forEach(ArrayList.java:1511) ~[?:?]
	at jdk.internal.net.http.common.SSLFlowDelegate.lambda$executeTasks$3(SSLFlowDelegate.java:1132) ~[java.net.http:?]
	at jdk.internal.net.http.HttpClientImpl$DelegatingExecutor.execute(HttpClientImpl.java:158) ~[java.net.http:?]
	at jdk.internal.net.http.common.SSLFlowDelegate.executeTasks(SSLFlowDelegate.java:1127) ~[java.net.http:?]
	at jdk.internal.net.http.common.SSLFlowDelegate.doHandshake(SSLFlowDelegate.java:1093) ~[java.net.http:?]
	at jdk.internal.net.http.common.SSLFlowDelegate$Reader.processData(SSLFlowDelegate.java:498) ~[java.net.http:?]
	at jdk.internal.net.http.common.SSLFlowDelegate$Reader$ReaderDownstreamPusher.run(SSLFlowDelegate.java:282) ~[java.net.http:?]
	at jdk.internal.net.http.common.SequentialScheduler$LockingRestartableTask.run(SequentialScheduler.java:205) ~[java.net.http:?]
	at jdk.internal.net.http.common.SequentialScheduler$CompleteRestartableTask.run(SequentialScheduler.java:149) ~[java.net.http:?]
	at jdk.internal.net.http.common.SequentialScheduler$TryEndDeferredCompleter.complete(SequentialScheduler.java:347) ~[java.net.http:?]
	at jdk.internal.net.http.common.SequentialScheduler$CompleteRestartableTask.run(SequentialScheduler.java:151) ~[java.net.http:?]
	at jdk.internal.net.http.common.SequentialScheduler$SchedulableTask.run(SequentialScheduler.java:230) ~[java.net.http:?]
	at java.util.concurrent.ThreadPoolExecutor.runWorker(ThreadPoolExecutor.java:1136) ~[?:?]
	at java.util.concurrent.ThreadPoolExecutor$Worker.run(ThreadPoolExecutor.java:635) ~[?:?]
	at java.lang.Thread.run(Thread.java:840) ~[?:?]
Caused by: java.security.cert.CertificateExpiredException: NotAfter: Sat Sep 06 14:33:56 UTC 2025
	at sun.security.x509.CertificateValidity.valid(CertificateValidity.java:274) ~[?:?]
	at sun.security.x509.X509CertImpl.checkValidity(X509CertImpl.java:621) ~[?:?]
	at sun.security.provider.certpath.BasicChecker.verifyValidity(BasicChecker.java:190) ~[?:?]
	at sun.security.provider.certpath.BasicChecker.check(BasicChecker.java:144) ~[?:?]
	at sun.security.provider.certpath.PKIXMasterCertPathValidator.validate(PKIXMasterCertPathValidator.java:125) ~[?:?]
	at sun.security.provider.certpath.PKIXCertPathValidator.validate(PKIXCertPathValidator.java:224) ~[?:?]
	at sun.security.provider.certpath.PKIXCertPathValidator.validate(PKIXCertPathValidator.java:144) ~[?:?]
	at sun.security.provider.certpath.PKIXCertPathValidator.engineValidate(PKIXCertPathValidator.java:83) ~[?:?]
	at java.security.cert.CertPathValidator.validate(CertPathValidator.java:309) ~[?:?]
	at sun.security.validator.PKIXValidator.doValidate(PKIXValidator.java:364) ~[?:?]
	at sun.security.validator.PKIXValidator.engineValidate(PKIXValidator.java:275) ~[?:?]
	at sun.security.validator.Validator.validate(Validator.java:264) ~[?:?]
	at sun.security.ssl.X509TrustManagerImpl.checkTrusted(X509TrustManagerImpl.java:285) ~[?:?]
	at sun.security.ssl.X509TrustManagerImpl.checkServerTrusted(X509TrustManagerImpl.java:144) ~[?:?]
	at sun.security.ssl.CertificateMessage$T12CertificateConsumer.checkServerCerts(CertificateMessage.java:632) ~[?:?]
	at sun.security.ssl.CertificateMessage$T12CertificateConsumer.onCertificate(CertificateMessage.java:473) ~[?:?]
	at sun.security.ssl.CertificateMessage$T12CertificateConsumer.consume(CertificateMessage.java:369) ~[?:?]
	at sun.security.ssl.SSLHandshake.consume(SSLHandshake.java:396) ~[?:?]
	at sun.security.ssl.HandshakeContext.dispatch(HandshakeContext.java:480) ~[?:?]
	at sun.security.ssl.SSLEngineImpl$DelegatedTask$DelegatedAction.run(SSLEngineImpl.java:1277) ~[?:?]
	at sun.security.ssl.SSLEngineImpl$DelegatedTask$DelegatedAction.run(SSLEngineImpl.java:1264) ~[?:?]
	at java.security.AccessController.doPrivileged(AccessController.java:712) ~[?:?]
	at sun.security.ssl.SSLEngineImpl$DelegatedTask.run(SSLEngineImpl.java:1209) ~[?:?]
	at java.util.ArrayList.forEach(ArrayList.java:1511) ~[?:?]
	at jdk.internal.net.http.common.SSLFlowDelegate.lambda$executeTasks$3(SSLFlowDelegate.java:1132) ~[java.net.http:?]
	at jdk.internal.net.http.HttpClientImpl$DelegatingExecutor.execute(HttpClientImpl.java:158) ~[java.net.http:?]
	at jdk.internal.net.http.common.SSLFlowDelegate.executeTasks(SSLFlowDelegate.java:1127) ~[java.net.http:?]
	at jdk.internal.net.http.common.SSLFlowDelegate.doHandshake(SSLFlowDelegate.java:1093) ~[java.net.http:?]
	at jdk.internal.net.http.common.SSLFlowDelegate$Reader.processData(SSLFlowDelegate.java:498) ~[java.net.http:?]
	at jdk.internal.net.http.common.SSLFlowDelegate$Reader$ReaderDownstreamPusher.run(SSLFlowDelegate.java:282) ~[java.net.http:?]
	at jdk.internal.net.http.common.SequentialScheduler$LockingRestartableTask.run(SequentialScheduler.java:205) ~[java.net.http:?]
	at jdk.internal.net.http.common.SequentialScheduler$CompleteRestartableTask.run(SequentialScheduler.java:149) ~[java.net.http:?]
	at jdk.internal.net.http.common.SequentialScheduler$TryEndDeferredCompleter.complete(SequentialScheduler.java:347) ~[java.net.http:?]
	at jdk.internal.net.http.common.SequentialScheduler$CompleteRestartableTask.run(SequentialScheduler.java:151) ~[java.net.http:?]
	at jdk.internal.net.http.common.SequentialScheduler$SchedulableTask.run(SequentialScheduler.java:230) ~[java.net.http:?]
	at java.util.concurrent.ThreadPoolExecutor.runWorker(ThreadPoolExecutor.java:1136) ~[?:?]
	at java.util.concurrent.ThreadPoolExecutor$Worker.run(ThreadPoolExecutor.java:635) ~[?:?]
	at java.lang.Thread.run(Thread.java:840) ~[?:?]
[10Oct2025 00:15:53.285] [Forge Version Check/INFO] [net.minecraftforge.fml.VersionChecker/]: [mr_tidal_towns] Starting version check at https://api.modrinth.com/updates/EEIwvQVo/forge_updates.json
[10Oct2025 00:15:53.285] [modloading-worker-0/INFO] [Jade/]: Start loading plugin at net.blay09.mods.balm.forge.compat.hudinfo.ForgeJadeModCompat
[10Oct2025 00:15:53.299] [modloading-worker-0/INFO] [Jade/]: Start loading plugin at twilightforest.compat.jade.JadeCompat
[10Oct2025 00:15:53.301] [modloading-worker-0/INFO] [Jade/]: Start loading plugin at net.p3pp3rf1y.sophisticatedstorage.compat.jade.StorageJadePlugin
[10Oct2025 00:15:53.302] [modloading-worker-0/INFO] [Jade/]: Start loading plugin at snownee.jade.addon.vanilla.VanillaPlugin
[10Oct2025 00:15:53.322] [modloading-worker-0/INFO] [Jade/]: Start loading plugin at snownee.jade.addon.universal.UniversalPlugin
[10Oct2025 00:15:53.330] [modloading-worker-0/INFO] [Jade/]: Start loading plugin at snownee.jade.addon.core.CorePlugin
[10Oct2025 00:15:53.333] [modloading-worker-0/INFO] [Jade/]: Start loading plugin at net.brdle.collectorsreap.compat.jade.CRJadePlugin
[10Oct2025 00:15:53.336] [Forge Version Check/INFO] [net.minecraftforge.fml.VersionChecker/]: [mr_tidal_towns] Found status: OUTDATED Current: 1.3.4 Target: 1.3.4+mod
[10Oct2025 00:15:53.336] [Forge Version Check/INFO] [net.minecraftforge.fml.VersionChecker/]: [advancednetherite] Starting version check at https://raw.githubusercontent.com/Autovw/ModUpdates/master/advancednetherite/update.json
[10Oct2025 00:15:53.359] [Forge Version Check/INFO] [net.minecraftforge.fml.VersionChecker/]: [advancednetherite] Found status: BETA Current: 2.1.3 Target: 2.1.3
[10Oct2025 00:15:53.359] [Forge Version Check/INFO] [net.minecraftforge.fml.VersionChecker/]: [undermod] Starting version check at https://raw.githubusercontent.com/mystronics/undermod/main/versions-forge.json
[10Oct2025 00:15:53.390] [Forge Version Check/INFO] [net.minecraftforge.fml.VersionChecker/]: [undermod] Found status: BETA Current: 0.2.1 Target: null
[10Oct2025 00:15:53.390] [Forge Version Check/INFO] [net.minecraftforge.fml.VersionChecker/]: [mr_limesplatus_ending] Starting version check at https://api.modrinth.com/updates/MCnBYP0b/forge_updates.json
[10Oct2025 00:15:53.431] [Forge Version Check/INFO] [net.minecraftforge.fml.VersionChecker/]: [mr_limesplatus_ending] Found status: OUTDATED Current: 1-v1.1.0c Target: 1.1.0c+mod
[10Oct2025 00:15:53.431] [Forge Version Check/INFO] [net.minecraftforge.fml.VersionChecker/]: [puzzlesapi] Starting version check at https://raw.githubusercontent.com/Fuzss/modresources/main/update/puzzlesapi.json
[10Oct2025 00:15:53.447] [Forge Version Check/INFO] [net.minecraftforge.fml.VersionChecker/]: [puzzlesapi] Found status: BETA Current: 8.1.6 Target: null
[10Oct2025 00:15:53.447] [Forge Version Check/INFO] [net.minecraftforge.fml.VersionChecker/]: [mutantmonsters] Starting version check at https://raw.githubusercontent.com/Fuzss/modresources/main/update/mutantmonsters.json
[10Oct2025 00:15:53.449] [main/ERROR] [net.minecraft.Util/]: Entity cataclysm_spellbooks:extended_laser_beam has no attributes
[10Oct2025 00:15:53.449] [main/ERROR] [net.minecraft.Util/]: Entity cataclysm_spellbooks:extended_death_laser_beam has no attributes
[10Oct2025 00:15:53.450] [main/ERROR] [net.minecraft.Util/]: Entity illageandspillage:bone has no attributes
[10Oct2025 00:15:53.450] [main/ERROR] [net.minecraft.Util/]: Entity illageandspillage:axe has no attributes
[10Oct2025 00:15:53.450] [main/ERROR] [net.minecraft.Util/]: Entity cataclysm_spellbooks:extended_laser_beam has no attributes
[10Oct2025 00:15:53.450] [main/ERROR] [net.minecraft.Util/]: Entity cataclysm_spellbooks:extended_death_laser_beam has no attributes
[10Oct2025 00:15:53.451] [main/ERROR] [net.minecraft.Util/]: Entity illageandspillage:bone has no attributes
[10Oct2025 00:15:53.451] [main/ERROR] [net.minecraft.Util/]: Entity illageandspillage:axe has no attributes
[10Oct2025 00:15:53.451] [main/ERROR] [net.minecraft.Util/]: Entity cataclysm_spellbooks:extended_laser_beam has no attributes
[10Oct2025 00:15:53.451] [main/ERROR] [net.minecraft.Util/]: Entity cataclysm_spellbooks:extended_death_laser_beam has no attributes
[10Oct2025 00:15:53.451] [main/ERROR] [net.minecraft.Util/]: Entity illageandspillage:bone has no attributes
[10Oct2025 00:15:53.451] [main/ERROR] [net.minecraft.Util/]: Entity illageandspillage:axe has no attributes
[10Oct2025 00:15:53.452] [main/ERROR] [net.minecraft.Util/]: Entity cataclysm_spellbooks:extended_laser_beam has no attributes
[10Oct2025 00:15:53.452] [main/ERROR] [net.minecraft.Util/]: Entity cataclysm_spellbooks:extended_death_laser_beam has no attributes
[10Oct2025 00:15:53.452] [main/ERROR] [net.minecraft.Util/]: Entity illageandspillage:bone has no attributes
[10Oct2025 00:15:53.452] [main/ERROR] [net.minecraft.Util/]: Entity illageandspillage:axe has no attributes
[10Oct2025 00:15:53.452] [main/ERROR] [net.minecraft.Util/]: Entity cataclysm_spellbooks:extended_laser_beam has no attributes
[10Oct2025 00:15:53.453] [main/ERROR] [net.minecraft.Util/]: Entity cataclysm_spellbooks:extended_death_laser_beam has no attributes
[10Oct2025 00:15:53.453] [main/ERROR] [net.minecraft.Util/]: Entity illageandspillage:bone has no attributes
[10Oct2025 00:15:53.453] [main/ERROR] [net.minecraft.Util/]: Entity illageandspillage:axe has no attributes
[10Oct2025 00:15:53.453] [main/ERROR] [net.minecraft.Util/]: Entity cataclysm_spellbooks:extended_laser_beam has no attributes
[10Oct2025 00:15:53.453] [main/ERROR] [net.minecraft.Util/]: Entity cataclysm_spellbooks:extended_death_laser_beam has no attributes
[10Oct2025 00:15:53.453] [main/ERROR] [net.minecraft.Util/]: Entity illageandspillage:bone has no attributes
[10Oct2025 00:15:53.453] [main/ERROR] [net.minecraft.Util/]: Entity illageandspillage:axe has no attributes
[10Oct2025 00:15:53.454] [main/ERROR] [net.minecraft.Util/]: Entity cataclysm_spellbooks:extended_laser_beam has no attributes
[10Oct2025 00:15:53.454] [main/ERROR] [net.minecraft.Util/]: Entity cataclysm_spellbooks:extended_death_laser_beam has no attributes
[10Oct2025 00:15:53.454] [main/ERROR] [net.minecraft.Util/]: Entity illageandspillage:bone has no attributes
[10Oct2025 00:15:53.454] [main/ERROR] [net.minecraft.Util/]: Entity illageandspillage:axe has no attributes
[10Oct2025 00:15:53.454] [main/ERROR] [net.minecraft.Util/]: Entity cataclysm_spellbooks:extended_laser_beam has no attributes
[10Oct2025 00:15:53.455] [main/ERROR] [net.minecraft.Util/]: Entity cataclysm_spellbooks:extended_death_laser_beam has no attributes
[10Oct2025 00:15:53.455] [main/ERROR] [net.minecraft.Util/]: Entity illageandspillage:bone has no attributes
[10Oct2025 00:15:53.455] [main/ERROR] [net.minecraft.Util/]: Entity illageandspillage:axe has no attributes
[10Oct2025 00:15:53.455] [main/ERROR] [net.minecraft.Util/]: Entity cataclysm_spellbooks:extended_laser_beam has no attributes
[10Oct2025 00:15:53.455] [main/ERROR] [net.minecraft.Util/]: Entity cataclysm_spellbooks:extended_death_laser_beam has no attributes
[10Oct2025 00:15:53.455] [main/ERROR] [net.minecraft.Util/]: Entity illageandspillage:bone has no attributes
[10Oct2025 00:15:53.455] [main/ERROR] [net.minecraft.Util/]: Entity illageandspillage:axe has no attributes
[10Oct2025 00:15:53.456] [main/ERROR] [net.minecraft.Util/]: Entity cataclysm_spellbooks:extended_laser_beam has no attributes
[10Oct2025 00:15:53.456] [main/ERROR] [net.minecraft.Util/]: Entity cataclysm_spellbooks:extended_death_laser_beam has no attributes
[10Oct2025 00:15:53.456] [main/ERROR] [net.minecraft.Util/]: Entity illageandspillage:bone has no attributes
[10Oct2025 00:15:53.456] [main/ERROR] [net.minecraft.Util/]: Entity illageandspillage:axe has no attributes
[10Oct2025 00:15:53.456] [main/ERROR] [net.minecraft.Util/]: Entity cataclysm_spellbooks:extended_laser_beam has no attributes
[10Oct2025 00:15:53.456] [main/ERROR] [net.minecraft.Util/]: Entity cataclysm_spellbooks:extended_death_laser_beam has no attributes
[10Oct2025 00:15:53.457] [main/ERROR] [net.minecraft.Util/]: Entity illageandspillage:bone has no attributes
[10Oct2025 00:15:53.457] [main/ERROR] [net.minecraft.Util/]: Entity illageandspillage:axe has no attributes
[10Oct2025 00:15:53.457] [main/ERROR] [net.minecraft.Util/]: Entity cataclysm_spellbooks:extended_laser_beam has no attributes
[10Oct2025 00:15:53.457] [main/ERROR] [net.minecraft.Util/]: Entity cataclysm_spellbooks:extended_death_laser_beam has no attributes
[10Oct2025 00:15:53.457] [main/ERROR] [net.minecraft.Util/]: Entity illageandspillage:bone has no attributes
[10Oct2025 00:15:53.457] [main/ERROR] [net.minecraft.Util/]: Entity illageandspillage:axe has no attributes
[10Oct2025 00:15:53.458] [main/ERROR] [net.minecraft.Util/]: Entity cataclysm_spellbooks:extended_laser_beam has no attributes
[10Oct2025 00:15:53.458] [main/ERROR] [net.minecraft.Util/]: Entity cataclysm_spellbooks:extended_death_laser_beam has no attributes
[10Oct2025 00:15:53.458] [main/ERROR] [net.minecraft.Util/]: Entity illageandspillage:bone has no attributes
[10Oct2025 00:15:53.458] [main/ERROR] [net.minecraft.Util/]: Entity illageandspillage:axe has no attributes
[10Oct2025 00:15:53.458] [main/ERROR] [net.minecraft.Util/]: Entity cataclysm_spellbooks:extended_laser_beam has no attributes
[10Oct2025 00:15:53.458] [main/ERROR] [net.minecraft.Util/]: Entity cataclysm_spellbooks:extended_death_laser_beam has no attributes
[10Oct2025 00:15:53.458] [main/ERROR] [net.minecraft.Util/]: Entity illageandspillage:bone has no attributes
[10Oct2025 00:15:53.459] [main/ERROR] [net.minecraft.Util/]: Entity illageandspillage:axe has no attributes
[10Oct2025 00:15:53.459] [main/ERROR] [net.minecraft.Util/]: Entity cataclysm_spellbooks:extended_laser_beam has no attributes
[10Oct2025 00:15:53.459] [Forge Version Check/INFO] [net.minecraftforge.fml.VersionChecker/]: [mutantmonsters] Found status: UP_TO_DATE Current: 8.0.7 Target: null
[10Oct2025 00:15:53.459] [main/ERROR] [net.minecraft.Util/]: Entity cataclysm_spellbooks:extended_death_laser_beam has no attributes
[10Oct2025 00:15:53.460] [main/ERROR] [net.minecraft.Util/]: Entity illageandspillage:bone has no attributes
[10Oct2025 00:15:53.460] [main/ERROR] [net.minecraft.Util/]: Entity illageandspillage:axe has no attributes
[10Oct2025 00:15:53.460] [Forge Version Check/INFO] [net.minecraftforge.fml.VersionChecker/]: [goblintraders] Starting version check at https://mrcrayfish.com/modupdatejson?id=goblintraders
[10Oct2025 00:15:53.460] [main/ERROR] [net.minecraft.Util/]: Entity cataclysm_spellbooks:extended_laser_beam has no attributes
[10Oct2025 00:15:53.461] [main/ERROR] [net.minecraft.Util/]: Entity cataclysm_spellbooks:extended_death_laser_beam has no attributes
[10Oct2025 00:15:53.461] [main/ERROR] [net.minecraft.Util/]: Entity illageandspillage:bone has no attributes
[10Oct2025 00:15:53.461] [main/ERROR] [net.minecraft.Util/]: Entity illageandspillage:axe has no attributes
[10Oct2025 00:15:53.461] [main/ERROR] [net.minecraft.Util/]: Entity cataclysm_spellbooks:extended_laser_beam has no attributes
[10Oct2025 00:15:53.461] [main/ERROR] [net.minecraft.Util/]: Entity cataclysm_spellbooks:extended_death_laser_beam has no attributes
[10Oct2025 00:15:53.461] [main/ERROR] [net.minecraft.Util/]: Entity illageandspillage:bone has no attributes
[10Oct2025 00:15:53.461] [main/ERROR] [net.minecraft.Util/]: Entity illageandspillage:axe has no attributes
[10Oct2025 00:15:53.462] [main/ERROR] [net.minecraft.Util/]: Entity cataclysm_spellbooks:extended_laser_beam has no attributes
[10Oct2025 00:15:53.462] [main/ERROR] [net.minecraft.Util/]: Entity cataclysm_spellbooks:extended_death_laser_beam has no attributes
[10Oct2025 00:15:53.462] [main/ERROR] [net.minecraft.Util/]: Entity illageandspillage:bone has no attributes
[10Oct2025 00:15:53.462] [main/ERROR] [net.minecraft.Util/]: Entity illageandspillage:axe has no attributes
[10Oct2025 00:15:53.462] [main/ERROR] [net.minecraft.Util/]: Entity cataclysm_spellbooks:extended_laser_beam has no attributes
[10Oct2025 00:15:53.463] [main/ERROR] [net.minecraft.Util/]: Entity cataclysm_spellbooks:extended_death_laser_beam has no attributes
[10Oct2025 00:15:53.463] [main/ERROR] [net.minecraft.Util/]: Entity illageandspillage:bone has no attributes
[10Oct2025 00:15:53.463] [main/ERROR] [net.minecraft.Util/]: Entity illageandspillage:axe has no attributes
[10Oct2025 00:15:53.463] [main/ERROR] [net.minecraft.Util/]: Entity cataclysm_spellbooks:extended_laser_beam has no attributes
[10Oct2025 00:15:53.466] [main/ERROR] [net.minecraft.Util/]: Entity cataclysm_spellbooks:extended_death_laser_beam has no attributes
[10Oct2025 00:15:53.466] [main/ERROR] [net.minecraft.Util/]: Entity illageandspillage:bone has no attributes
[10Oct2025 00:15:53.466] [main/ERROR] [net.minecraft.Util/]: Entity illageandspillage:axe has no attributes
[10Oct2025 00:15:53.467] [main/ERROR] [net.minecraft.Util/]: Entity cataclysm_spellbooks:extended_laser_beam has no attributes
[10Oct2025 00:15:53.467] [main/ERROR] [net.minecraft.Util/]: Entity cataclysm_spellbooks:extended_death_laser_beam has no attributes
[10Oct2025 00:15:53.467] [main/ERROR] [net.minecraft.Util/]: Entity illageandspillage:bone has no attributes
[10Oct2025 00:15:53.468] [main/ERROR] [net.minecraft.Util/]: Entity illageandspillage:axe has no attributes
[10Oct2025 00:15:53.468] [main/ERROR] [net.minecraft.Util/]: Entity cataclysm_spellbooks:extended_laser_beam has no attributes
[10Oct2025 00:15:53.468] [main/ERROR] [net.minecraft.Util/]: Entity cataclysm_spellbooks:extended_death_laser_beam has no attributes
[10Oct2025 00:15:53.468] [main/ERROR] [net.minecraft.Util/]: Entity illageandspillage:bone has no attributes
[10Oct2025 00:15:53.468] [main/ERROR] [net.minecraft.Util/]: Entity illageandspillage:axe has no attributes
[10Oct2025 00:15:53.469] [main/ERROR] [net.minecraft.Util/]: Entity cataclysm_spellbooks:extended_laser_beam has no attributes
[10Oct2025 00:15:53.469] [main/ERROR] [net.minecraft.Util/]: Entity cataclysm_spellbooks:extended_death_laser_beam has no attributes
[10Oct2025 00:15:53.469] [main/ERROR] [net.minecraft.Util/]: Entity illageandspillage:bone has no attributes
[10Oct2025 00:15:53.469] [main/ERROR] [net.minecraft.Util/]: Entity illageandspillage:axe has no attributes
[10Oct2025 00:15:53.469] [main/ERROR] [net.minecraft.Util/]: Entity cataclysm_spellbooks:extended_laser_beam has no attributes
[10Oct2025 00:15:53.470] [main/ERROR] [net.minecraft.Util/]: Entity cataclysm_spellbooks:extended_death_laser_beam has no attributes
[10Oct2025 00:15:53.470] [main/ERROR] [net.minecraft.Util/]: Entity illageandspillage:bone has no attributes
[10Oct2025 00:15:53.470] [main/ERROR] [net.minecraft.Util/]: Entity illageandspillage:axe has no attributes
[10Oct2025 00:15:53.470] [main/ERROR] [net.minecraft.Util/]: Entity cataclysm_spellbooks:extended_laser_beam has no attributes
[10Oct2025 00:15:53.471] [main/ERROR] [net.minecraft.Util/]: Entity cataclysm_spellbooks:extended_death_laser_beam has no attributes
[10Oct2025 00:15:53.471] [main/ERROR] [net.minecraft.Util/]: Entity illageandspillage:bone has no attributes
[10Oct2025 00:15:53.471] [main/ERROR] [net.minecraft.Util/]: Entity illageandspillage:axe has no attributes
[10Oct2025 00:15:53.472] [main/ERROR] [net.minecraft.Util/]: Entity cataclysm_spellbooks:extended_laser_beam has no attributes
[10Oct2025 00:15:53.472] [main/ERROR] [net.minecraft.Util/]: Entity cataclysm_spellbooks:extended_death_laser_beam has no attributes
[10Oct2025 00:15:53.472] [main/ERROR] [net.minecraft.Util/]: Entity illageandspillage:bone has no attributes
[10Oct2025 00:15:53.472] [main/ERROR] [net.minecraft.Util/]: Entity illageandspillage:axe has no attributes
[10Oct2025 00:15:53.473] [main/ERROR] [net.minecraft.Util/]: Entity cataclysm_spellbooks:extended_laser_beam has no attributes
[10Oct2025 00:15:53.473] [main/ERROR] [net.minecraft.Util/]: Entity cataclysm_spellbooks:extended_death_laser_beam has no attributes
[10Oct2025 00:15:53.473] [main/ERROR] [net.minecraft.Util/]: Entity illageandspillage:bone has no attributes
[10Oct2025 00:15:53.473] [main/ERROR] [net.minecraft.Util/]: Entity illageandspillage:axe has no attributes
[10Oct2025 00:15:53.475] [main/ERROR] [net.minecraft.Util/]: Entity cataclysm_spellbooks:extended_laser_beam has no attributes
[10Oct2025 00:15:53.475] [main/ERROR] [net.minecraft.Util/]: Entity cataclysm_spellbooks:extended_death_laser_beam has no attributes
[10Oct2025 00:15:53.475] [main/ERROR] [net.minecraft.Util/]: Entity illageandspillage:bone has no attributes
[10Oct2025 00:15:53.475] [main/ERROR] [net.minecraft.Util/]: Entity illageandspillage:axe has no attributes
[10Oct2025 00:15:53.475] [main/ERROR] [net.minecraft.Util/]: Entity cataclysm_spellbooks:extended_laser_beam has no attributes
[10Oct2025 00:15:53.476] [main/ERROR] [net.minecraft.Util/]: Entity cataclysm_spellbooks:extended_death_laser_beam has no attributes
[10Oct2025 00:15:53.476] [main/ERROR] [net.minecraft.Util/]: Entity illageandspillage:bone has no attributes
[10Oct2025 00:15:53.476] [main/ERROR] [net.minecraft.Util/]: Entity illageandspillage:axe has no attributes
[10Oct2025 00:15:53.476] [main/ERROR] [net.minecraft.Util/]: Entity cataclysm_spellbooks:extended_laser_beam has no attributes
[10Oct2025 00:15:53.476] [main/ERROR] [net.minecraft.Util/]: Entity cataclysm_spellbooks:extended_death_laser_beam has no attributes
[10Oct2025 00:15:53.477] [main/ERROR] [net.minecraft.Util/]: Entity illageandspillage:bone has no attributes
[10Oct2025 00:15:53.477] [main/ERROR] [net.minecraft.Util/]: Entity illageandspillage:axe has no attributes
[10Oct2025 00:15:53.478] [main/ERROR] [net.minecraft.Util/]: Entity cataclysm_spellbooks:extended_laser_beam has no attributes
[10Oct2025 00:15:53.478] [main/ERROR] [net.minecraft.Util/]: Entity cataclysm_spellbooks:extended_death_laser_beam has no attributes
[10Oct2025 00:15:53.478] [main/ERROR] [net.minecraft.Util/]: Entity illageandspillage:bone has no attributes
[10Oct2025 00:15:53.479] [main/ERROR] [net.minecraft.Util/]: Entity illageandspillage:axe has no attributes
[10Oct2025 00:15:53.480] [main/ERROR] [net.minecraft.Util/]: Entity cataclysm_spellbooks:extended_laser_beam has no attributes
[10Oct2025 00:15:53.481] [main/ERROR] [net.minecraft.Util/]: Entity cataclysm_spellbooks:extended_death_laser_beam has no attributes
[10Oct2025 00:15:53.481] [main/ERROR] [net.minecraft.Util/]: Entity illageandspillage:bone has no attributes
[10Oct2025 00:15:53.481] [main/ERROR] [net.minecraft.Util/]: Entity illageandspillage:axe has no attributes
[10Oct2025 00:15:53.481] [main/ERROR] [net.minecraft.Util/]: Entity cataclysm_spellbooks:extended_laser_beam has no attributes
[10Oct2025 00:15:53.482] [main/ERROR] [net.minecraft.Util/]: Entity cataclysm_spellbooks:extended_death_laser_beam has no attributes
[10Oct2025 00:15:53.482] [main/ERROR] [net.minecraft.Util/]: Entity illageandspillage:bone has no attributes
[10Oct2025 00:15:53.482] [main/ERROR] [net.minecraft.Util/]: Entity illageandspillage:axe has no attributes
[10Oct2025 00:15:53.483] [main/ERROR] [net.minecraft.Util/]: Entity cataclysm_spellbooks:extended_laser_beam has no attributes
[10Oct2025 00:15:53.483] [main/ERROR] [net.minecraft.Util/]: Entity cataclysm_spellbooks:extended_death_laser_beam has no attributes
[10Oct2025 00:15:53.483] [main/ERROR] [net.minecraft.Util/]: Entity illageandspillage:bone has no attributes
[10Oct2025 00:15:53.483] [main/ERROR] [net.minecraft.Util/]: Entity illageandspillage:axe has no attributes
[10Oct2025 00:15:53.483] [main/ERROR] [net.minecraft.Util/]: Entity cataclysm_spellbooks:extended_laser_beam has no attributes
[10Oct2025 00:15:53.484] [main/ERROR] [net.minecraft.Util/]: Entity cataclysm_spellbooks:extended_death_laser_beam has no attributes
[10Oct2025 00:15:53.484] [main/ERROR] [net.minecraft.Util/]: Entity illageandspillage:bone has no attributes
[10Oct2025 00:15:53.484] [main/ERROR] [net.minecraft.Util/]: Entity illageandspillage:axe has no attributes
[10Oct2025 00:15:53.484] [main/ERROR] [net.minecraft.Util/]: Entity cataclysm_spellbooks:extended_laser_beam has no attributes
[10Oct2025 00:15:53.484] [main/ERROR] [net.minecraft.Util/]: Entity cataclysm_spellbooks:extended_death_laser_beam has no attributes
[10Oct2025 00:15:53.484] [main/ERROR] [net.minecraft.Util/]: Entity illageandspillage:bone has no attributes
[10Oct2025 00:15:53.485] [main/ERROR] [net.minecraft.Util/]: Entity illageandspillage:axe has no attributes
[10Oct2025 00:15:53.485] [main/ERROR] [net.minecraft.Util/]: Entity cataclysm_spellbooks:extended_laser_beam has no attributes
[10Oct2025 00:15:53.485] [main/ERROR] [net.minecraft.Util/]: Entity cataclysm_spellbooks:extended_death_laser_beam has no attributes
[10Oct2025 00:15:53.485] [main/ERROR] [net.minecraft.Util/]: Entity illageandspillage:bone has no attributes
[10Oct2025 00:15:53.486] [main/ERROR] [net.minecraft.Util/]: Entity illageandspillage:axe has no attributes
[10Oct2025 00:15:53.486] [main/ERROR] [net.minecraft.Util/]: Entity cataclysm_spellbooks:extended_laser_beam has no attributes
[10Oct2025 00:15:53.486] [main/ERROR] [net.minecraft.Util/]: Entity cataclysm_spellbooks:extended_death_laser_beam has no attributes
[10Oct2025 00:15:53.486] [main/ERROR] [net.minecraft.Util/]: Entity illageandspillage:bone has no attributes
[10Oct2025 00:15:53.486] [main/ERROR] [net.minecraft.Util/]: Entity illageandspillage:axe has no attributes
[10Oct2025 00:15:53.487] [main/ERROR] [net.minecraft.Util/]: Entity cataclysm_spellbooks:extended_laser_beam has no attributes
[10Oct2025 00:15:53.487] [main/ERROR] [net.minecraft.Util/]: Entity cataclysm_spellbooks:extended_death_laser_beam has no attributes
[10Oct2025 00:15:53.487] [main/ERROR] [net.minecraft.Util/]: Entity illageandspillage:bone has no attributes
[10Oct2025 00:15:53.487] [main/ERROR] [net.minecraft.Util/]: Entity illageandspillage:axe has no attributes
[10Oct2025 00:15:53.488] [main/ERROR] [net.minecraft.Util/]: Entity cataclysm_spellbooks:extended_laser_beam has no attributes
[10Oct2025 00:15:53.488] [main/ERROR] [net.minecraft.Util/]: Entity cataclysm_spellbooks:extended_death_laser_beam has no attributes
[10Oct2025 00:15:53.488] [main/ERROR] [net.minecraft.Util/]: Entity illageandspillage:bone has no attributes
[10Oct2025 00:15:53.488] [main/ERROR] [net.minecraft.Util/]: Entity illageandspillage:axe has no attributes
[10Oct2025 00:15:53.489] [main/ERROR] [net.minecraft.Util/]: Entity cataclysm_spellbooks:extended_laser_beam has no attributes
[10Oct2025 00:15:53.489] [main/ERROR] [net.minecraft.Util/]: Entity cataclysm_spellbooks:extended_death_laser_beam has no attributes
[10Oct2025 00:15:53.489] [main/ERROR] [net.minecraft.Util/]: Entity illageandspillage:bone has no attributes
[10Oct2025 00:15:53.490] [main/ERROR] [net.minecraft.Util/]: Entity illageandspillage:axe has no attributes
[10Oct2025 00:15:53.490] [main/ERROR] [net.minecraft.Util/]: Entity cataclysm_spellbooks:extended_laser_beam has no attributes
[10Oct2025 00:15:53.490] [main/ERROR] [net.minecraft.Util/]: Entity cataclysm_spellbooks:extended_death_laser_beam has no attributes
[10Oct2025 00:15:53.490] [main/ERROR] [net.minecraft.Util/]: Entity illageandspillage:bone has no attributes
[10Oct2025 00:15:53.491] [main/ERROR] [net.minecraft.Util/]: Entity illageandspillage:axe has no attributes
[10Oct2025 00:15:53.491] [main/ERROR] [net.minecraft.Util/]: Entity cataclysm_spellbooks:extended_laser_beam has no attributes
[10Oct2025 00:15:53.491] [main/ERROR] [net.minecraft.Util/]: Entity cataclysm_spellbooks:extended_death_laser_beam has no attributes
[10Oct2025 00:15:53.492] [main/ERROR] [net.minecraft.Util/]: Entity illageandspillage:bone has no attributes
[10Oct2025 00:15:53.492] [main/ERROR] [net.minecraft.Util/]: Entity illageandspillage:axe has no attributes
[10Oct2025 00:15:53.492] [main/ERROR] [net.minecraft.Util/]: Entity cataclysm_spellbooks:extended_laser_beam has no attributes
[10Oct2025 00:15:53.492] [main/ERROR] [net.minecraft.Util/]: Entity cataclysm_spellbooks:extended_death_laser_beam has no attributes
[10Oct2025 00:15:53.493] [main/ERROR] [net.minecraft.Util/]: Entity illageandspillage:bone has no attributes
[10Oct2025 00:15:53.493] [main/ERROR] [net.minecraft.Util/]: Entity illageandspillage:axe has no attributes
[10Oct2025 00:15:53.493] [main/ERROR] [net.minecraft.Util/]: Entity cataclysm_spellbooks:extended_laser_beam has no attributes
[10Oct2025 00:15:53.493] [main/ERROR] [net.minecraft.Util/]: Entity cataclysm_spellbooks:extended_death_laser_beam has no attributes
[10Oct2025 00:15:53.494] [main/ERROR] [net.minecraft.Util/]: Entity illageandspillage:bone has no attributes
[10Oct2025 00:15:53.494] [main/ERROR] [net.minecraft.Util/]: Entity illageandspillage:axe has no attributes
[10Oct2025 00:15:53.494] [main/ERROR] [net.minecraft.Util/]: Entity cataclysm_spellbooks:extended_laser_beam has no attributes
[10Oct2025 00:15:53.494] [main/ERROR] [net.minecraft.Util/]: Entity cataclysm_spellbooks:extended_death_laser_beam has no attributes
[10Oct2025 00:15:53.494] [main/ERROR] [net.minecraft.Util/]: Entity illageandspillage:bone has no attributes
[10Oct2025 00:15:53.495] [main/ERROR] [net.minecraft.Util/]: Entity illageandspillage:axe has no attributes
[10Oct2025 00:15:53.495] [main/ERROR] [net.minecraft.Util/]: Entity cataclysm_spellbooks:extended_laser_beam has no attributes
[10Oct2025 00:15:53.495] [main/ERROR] [net.minecraft.Util/]: Entity cataclysm_spellbooks:extended_death_laser_beam has no attributes
[10Oct2025 00:15:53.495] [main/ERROR] [net.minecraft.Util/]: Entity illageandspillage:bone has no attributes
[10Oct2025 00:15:53.495] [main/ERROR] [net.minecraft.Util/]: Entity illageandspillage:axe has no attributes
[10Oct2025 00:15:53.495] [main/ERROR] [net.minecraft.Util/]: Entity cataclysm_spellbooks:extended_laser_beam has no attributes
[10Oct2025 00:15:53.496] [main/ERROR] [net.minecraft.Util/]: Entity cataclysm_spellbooks:extended_death_laser_beam has no attributes
[10Oct2025 00:15:53.496] [main/ERROR] [net.minecraft.Util/]: Entity illageandspillage:bone has no attributes
[10Oct2025 00:15:53.496] [main/ERROR] [net.minecraft.Util/]: Entity illageandspillage:axe has no attributes
[10Oct2025 00:15:53.496] [main/ERROR] [net.minecraft.Util/]: Entity cataclysm_spellbooks:extended_laser_beam has no attributes
[10Oct2025 00:15:53.496] [main/ERROR] [net.minecraft.Util/]: Entity cataclysm_spellbooks:extended_death_laser_beam has no attributes
[10Oct2025 00:15:53.498] [main/ERROR] [net.minecraft.Util/]: Entity illageandspillage:bone has no attributes
[10Oct2025 00:15:53.498] [main/ERROR] [net.minecraft.Util/]: Entity illageandspillage:axe has no attributes
[10Oct2025 00:15:53.498] [main/ERROR] [net.minecraft.Util/]: Entity cataclysm_spellbooks:extended_laser_beam has no attributes
[10Oct2025 00:15:53.498] [main/ERROR] [net.minecraft.Util/]: Entity cataclysm_spellbooks:extended_death_laser_beam has no attributes
[10Oct2025 00:15:53.500] [main/ERROR] [net.minecraft.Util/]: Entity illageandspillage:bone has no attributes
[10Oct2025 00:15:53.500] [main/ERROR] [net.minecraft.Util/]: Entity illageandspillage:axe has no attributes
[10Oct2025 00:15:53.501] [main/ERROR] [net.minecraft.Util/]: Entity cataclysm_spellbooks:extended_laser_beam has no attributes
[10Oct2025 00:15:53.501] [main/ERROR] [net.minecraft.Util/]: Entity cataclysm_spellbooks:extended_death_laser_beam has no attributes
[10Oct2025 00:15:53.502] [main/ERROR] [net.minecraft.Util/]: Entity illageandspillage:bone has no attributes
[10Oct2025 00:15:53.502] [main/ERROR] [net.minecraft.Util/]: Entity illageandspillage:axe has no attributes
[10Oct2025 00:15:53.502] [main/ERROR] [net.minecraft.Util/]: Entity cataclysm_spellbooks:extended_laser_beam has no attributes
[10Oct2025 00:15:53.503] [main/ERROR] [net.minecraft.Util/]: Entity cataclysm_spellbooks:extended_death_laser_beam has no attributes
[10Oct2025 00:15:53.503] [main/ERROR] [net.minecraft.Util/]: Entity illageandspillage:bone has no attributes
[10Oct2025 00:15:53.503] [main/ERROR] [net.minecraft.Util/]: Entity illageandspillage:axe has no attributes
[10Oct2025 00:15:53.503] [main/ERROR] [net.minecraft.Util/]: Entity cataclysm_spellbooks:extended_laser_beam has no attributes
[10Oct2025 00:15:53.503] [main/ERROR] [net.minecraft.Util/]: Entity cataclysm_spellbooks:extended_death_laser_beam has no attributes
[10Oct2025 00:15:53.504] [main/ERROR] [net.minecraft.Util/]: Entity illageandspillage:bone has no attributes
[10Oct2025 00:15:53.504] [main/ERROR] [net.minecraft.Util/]: Entity illageandspillage:axe has no attributes
[10Oct2025 00:15:53.504] [main/ERROR] [net.minecraft.Util/]: Entity cataclysm_spellbooks:extended_laser_beam has no attributes
[10Oct2025 00:15:53.504] [main/ERROR] [net.minecraft.Util/]: Entity cataclysm_spellbooks:extended_death_laser_beam has no attributes
[10Oct2025 00:15:53.504] [main/ERROR] [net.minecraft.Util/]: Entity illageandspillage:bone has no attributes
[10Oct2025 00:15:53.505] [main/ERROR] [net.minecraft.Util/]: Entity illageandspillage:axe has no attributes
[10Oct2025 00:15:53.505] [main/ERROR] [net.minecraft.Util/]: Entity cataclysm_spellbooks:extended_laser_beam has no attributes
[10Oct2025 00:15:53.505] [main/ERROR] [net.minecraft.Util/]: Entity cataclysm_spellbooks:extended_death_laser_beam has no attributes
[10Oct2025 00:15:53.505] [main/ERROR] [net.minecraft.Util/]: Entity illageandspillage:bone has no attributes
[10Oct2025 00:15:53.505] [main/ERROR] [net.minecraft.Util/]: Entity illageandspillage:axe has no attributes
[10Oct2025 00:15:53.506] [main/ERROR] [net.minecraft.Util/]: Entity cataclysm_spellbooks:extended_laser_beam has no attributes
[10Oct2025 00:15:53.506] [main/ERROR] [net.minecraft.Util/]: Entity cataclysm_spellbooks:extended_death_laser_beam has no attributes
[10Oct2025 00:15:53.506] [main/ERROR] [net.minecraft.Util/]: Entity illageandspillage:bone has no attributes
[10Oct2025 00:15:53.506] [main/ERROR] [net.minecraft.Util/]: Entity illageandspillage:axe has no attributes
[10Oct2025 00:15:53.506] [main/ERROR] [net.minecraft.Util/]: Entity cataclysm_spellbooks:extended_laser_beam has no attributes
[10Oct2025 00:15:53.507] [main/ERROR] [net.minecraft.Util/]: Entity cataclysm_spellbooks:extended_death_laser_beam has no attributes
[10Oct2025 00:15:53.507] [main/ERROR] [net.minecraft.Util/]: Entity illageandspillage:bone has no attributes
[10Oct2025 00:15:53.507] [main/ERROR] [net.minecraft.Util/]: Entity illageandspillage:axe has no attributes
[10Oct2025 00:15:53.508] [main/ERROR] [net.minecraft.Util/]: Entity cataclysm_spellbooks:extended_laser_beam has no attributes
[10Oct2025 00:15:53.508] [main/ERROR] [net.minecraft.Util/]: Entity cataclysm_spellbooks:extended_death_laser_beam has no attributes
[10Oct2025 00:15:53.508] [main/ERROR] [net.minecraft.Util/]: Entity illageandspillage:bone has no attributes
[10Oct2025 00:15:53.508] [main/ERROR] [net.minecraft.Util/]: Entity illageandspillage:axe has no attributes
[10Oct2025 00:15:53.509] [main/ERROR] [net.minecraft.Util/]: Entity cataclysm_spellbooks:extended_laser_beam has no attributes
[10Oct2025 00:15:53.509] [main/ERROR] [net.minecraft.Util/]: Entity cataclysm_spellbooks:extended_death_laser_beam has no attributes
[10Oct2025 00:15:53.509] [main/ERROR] [net.minecraft.Util/]: Entity illageandspillage:bone has no attributes
[10Oct2025 00:15:53.509] [main/ERROR] [net.minecraft.Util/]: Entity illageandspillage:axe has no attributes
[10Oct2025 00:15:53.510] [main/ERROR] [net.minecraft.Util/]: Entity cataclysm_spellbooks:extended_laser_beam has no attributes
[10Oct2025 00:15:53.510] [main/ERROR] [net.minecraft.Util/]: Entity cataclysm_spellbooks:extended_death_laser_beam has no attributes
[10Oct2025 00:15:53.510] [main/ERROR] [net.minecraft.Util/]: Entity illageandspillage:bone has no attributes
[10Oct2025 00:15:53.510] [main/ERROR] [net.minecraft.Util/]: Entity illageandspillage:axe has no attributes
[10Oct2025 00:15:53.511] [main/ERROR] [net.minecraft.Util/]: Entity cataclysm_spellbooks:extended_laser_beam has no attributes
[10Oct2025 00:15:53.511] [main/ERROR] [net.minecraft.Util/]: Entity cataclysm_spellbooks:extended_death_laser_beam has no attributes
[10Oct2025 00:15:53.511] [main/ERROR] [net.minecraft.Util/]: Entity illageandspillage:bone has no attributes
[10Oct2025 00:15:53.511] [main/ERROR] [net.minecraft.Util/]: Entity illageandspillage:axe has no attributes
[10Oct2025 00:15:53.512] [main/ERROR] [net.minecraft.Util/]: Entity cataclysm_spellbooks:extended_laser_beam has no attributes
[10Oct2025 00:15:53.512] [main/ERROR] [net.minecraft.Util/]: Entity cataclysm_spellbooks:extended_death_laser_beam has no attributes
[10Oct2025 00:15:53.512] [main/ERROR] [net.minecraft.Util/]: Entity illageandspillage:bone has no attributes
[10Oct2025 00:15:53.512] [main/ERROR] [net.minecraft.Util/]: Entity illageandspillage:axe has no attributes
[10Oct2025 00:15:53.513] [main/ERROR] [net.minecraft.Util/]: Entity cataclysm_spellbooks:extended_laser_beam has no attributes
[10Oct2025 00:15:53.513] [main/ERROR] [net.minecraft.Util/]: Entity cataclysm_spellbooks:extended_death_laser_beam has no attributes
[10Oct2025 00:15:53.513] [main/ERROR] [net.minecraft.Util/]: Entity illageandspillage:bone has no attributes
[10Oct2025 00:15:53.513] [main/ERROR] [net.minecraft.Util/]: Entity illageandspillage:axe has no attributes
[10Oct2025 00:15:53.513] [main/ERROR] [net.minecraft.Util/]: Entity cataclysm_spellbooks:extended_laser_beam has no attributes
[10Oct2025 00:15:53.513] [main/ERROR] [net.minecraft.Util/]: Entity cataclysm_spellbooks:extended_death_laser_beam has no attributes
[10Oct2025 00:15:53.514] [main/ERROR] [net.minecraft.Util/]: Entity illageandspillage:bone has no attributes
[10Oct2025 00:15:53.514] [main/ERROR] [net.minecraft.Util/]: Entity illageandspillage:axe has no attributes
[10Oct2025 00:15:53.515] [main/ERROR] [net.minecraft.Util/]: Entity cataclysm_spellbooks:extended_laser_beam has no attributes
[10Oct2025 00:15:53.515] [main/ERROR] [net.minecraft.Util/]: Entity cataclysm_spellbooks:extended_death_laser_beam has no attributes
[10Oct2025 00:15:53.515] [main/ERROR] [net.minecraft.Util/]: Entity illageandspillage:bone has no attributes
[10Oct2025 00:15:53.515] [main/ERROR] [net.minecraft.Util/]: Entity illageandspillage:axe has no attributes
[10Oct2025 00:15:53.515] [main/ERROR] [net.minecraft.Util/]: Entity cataclysm_spellbooks:extended_laser_beam has no attributes
[10Oct2025 00:15:53.515] [main/ERROR] [net.minecraft.Util/]: Entity cataclysm_spellbooks:extended_death_laser_beam has no attributes
[10Oct2025 00:15:53.515] [main/ERROR] [net.minecraft.Util/]: Entity illageandspillage:bone has no attributes
[10Oct2025 00:15:53.516] [main/ERROR] [net.minecraft.Util/]: Entity illageandspillage:axe has no attributes
[10Oct2025 00:15:53.516] [main/ERROR] [net.minecraft.Util/]: Entity cataclysm_spellbooks:extended_laser_beam has no attributes
[10Oct2025 00:15:53.516] [main/ERROR] [net.minecraft.Util/]: Entity cataclysm_spellbooks:extended_death_laser_beam has no attributes
[10Oct2025 00:15:53.516] [main/ERROR] [net.minecraft.Util/]: Entity illageandspillage:bone has no attributes
[10Oct2025 00:15:53.516] [main/ERROR] [net.minecraft.Util/]: Entity illageandspillage:axe has no attributes
[10Oct2025 00:15:53.517] [main/ERROR] [net.minecraft.Util/]: Entity cataclysm_spellbooks:extended_laser_beam has no attributes
[10Oct2025 00:15:53.517] [main/ERROR] [net.minecraft.Util/]: Entity cataclysm_spellbooks:extended_death_laser_beam has no attributes
[10Oct2025 00:15:53.518] [main/ERROR] [net.minecraft.Util/]: Entity illageandspillage:bone has no attributes
[10Oct2025 00:15:53.518] [main/ERROR] [net.minecraft.Util/]: Entity illageandspillage:axe has no attributes
[10Oct2025 00:15:53.518] [main/ERROR] [net.minecraft.Util/]: Entity cataclysm_spellbooks:extended_laser_beam has no attributes
[10Oct2025 00:15:53.518] [main/ERROR] [net.minecraft.Util/]: Entity cataclysm_spellbooks:extended_death_laser_beam has no attributes
[10Oct2025 00:15:53.518] [main/ERROR] [net.minecraft.Util/]: Entity illageandspillage:bone has no attributes
[10Oct2025 00:15:53.519] [main/ERROR] [net.minecraft.Util/]: Entity illageandspillage:axe has no attributes
[10Oct2025 00:15:53.519] [main/ERROR] [net.minecraft.Util/]: Entity cataclysm_spellbooks:extended_laser_beam has no attributes
[10Oct2025 00:15:53.519] [main/ERROR] [net.minecraft.Util/]: Entity cataclysm_spellbooks:extended_death_laser_beam has no attributes
[10Oct2025 00:15:53.519] [main/ERROR] [net.minecraft.Util/]: Entity illageandspillage:bone has no attributes
[10Oct2025 00:15:53.519] [main/ERROR] [net.minecraft.Util/]: Entity illageandspillage:axe has no attributes
[10Oct2025 00:15:53.520] [main/ERROR] [net.minecraft.Util/]: Entity cataclysm_spellbooks:extended_laser_beam has no attributes
[10Oct2025 00:15:53.520] [main/ERROR] [net.minecraft.Util/]: Entity cataclysm_spellbooks:extended_death_laser_beam has no attributes
[10Oct2025 00:15:53.520] [main/ERROR] [net.minecraft.Util/]: Entity illageandspillage:bone has no attributes
[10Oct2025 00:15:53.520] [main/ERROR] [net.minecraft.Util/]: Entity illageandspillage:axe has no attributes
[10Oct2025 00:15:53.521] [main/ERROR] [net.minecraft.Util/]: Entity cataclysm_spellbooks:extended_laser_beam has no attributes
[10Oct2025 00:15:53.521] [main/ERROR] [net.minecraft.Util/]: Entity cataclysm_spellbooks:extended_death_laser_beam has no attributes
[10Oct2025 00:15:53.521] [main/ERROR] [net.minecraft.Util/]: Entity illageandspillage:bone has no attributes
[10Oct2025 00:15:53.521] [main/ERROR] [net.minecraft.Util/]: Entity illageandspillage:axe has no attributes
[10Oct2025 00:15:53.522] [main/ERROR] [net.minecraft.Util/]: Entity cataclysm_spellbooks:extended_laser_beam has no attributes
[10Oct2025 00:15:53.522] [main/ERROR] [net.minecraft.Util/]: Entity cataclysm_spellbooks:extended_death_laser_beam has no attributes
[10Oct2025 00:15:53.522] [main/ERROR] [net.minecraft.Util/]: Entity illageandspillage:bone has no attributes
[10Oct2025 00:15:53.522] [main/ERROR] [net.minecraft.Util/]: Entity illageandspillage:axe has no attributes
[10Oct2025 00:15:53.523] [main/ERROR] [net.minecraft.Util/]: Entity cataclysm_spellbooks:extended_laser_beam has no attributes
[10Oct2025 00:15:53.523] [main/ERROR] [net.minecraft.Util/]: Entity cataclysm_spellbooks:extended_death_laser_beam has no attributes
[10Oct2025 00:15:53.523] [main/ERROR] [net.minecraft.Util/]: Entity illageandspillage:bone has no attributes
[10Oct2025 00:15:53.523] [main/ERROR] [net.minecraft.Util/]: Entity illageandspillage:axe has no attributes
[10Oct2025 00:15:53.523] [main/ERROR] [net.minecraft.Util/]: Entity cataclysm_spellbooks:extended_laser_beam has no attributes
[10Oct2025 00:15:53.524] [main/ERROR] [net.minecraft.Util/]: Entity cataclysm_spellbooks:extended_death_laser_beam has no attributes
[10Oct2025 00:15:53.524] [main/ERROR] [net.minecraft.Util/]: Entity illageandspillage:bone has no attributes
[10Oct2025 00:15:53.524] [main/ERROR] [net.minecraft.Util/]: Entity illageandspillage:axe has no attributes
[10Oct2025 00:15:53.524] [main/ERROR] [net.minecraft.Util/]: Entity cataclysm_spellbooks:extended_laser_beam has no attributes
[10Oct2025 00:15:53.524] [main/ERROR] [net.minecraft.Util/]: Entity cataclysm_spellbooks:extended_death_laser_beam has no attributes
[10Oct2025 00:15:53.525] [main/ERROR] [net.minecraft.Util/]: Entity illageandspillage:bone has no attributes
[10Oct2025 00:15:53.525] [main/ERROR] [net.minecraft.Util/]: Entity illageandspillage:axe has no attributes
[10Oct2025 00:15:53.525] [main/ERROR] [net.minecraft.Util/]: Entity cataclysm_spellbooks:extended_laser_beam has no attributes
[10Oct2025 00:15:53.525] [main/ERROR] [net.minecraft.Util/]: Entity cataclysm_spellbooks:extended_death_laser_beam has no attributes
[10Oct2025 00:15:53.525] [main/ERROR] [net.minecraft.Util/]: Entity illageandspillage:bone has no attributes
[10Oct2025 00:15:53.526] [main/ERROR] [net.minecraft.Util/]: Entity illageandspillage:axe has no attributes
[10Oct2025 00:15:53.526] [main/ERROR] [net.minecraft.Util/]: Entity cataclysm_spellbooks:extended_laser_beam has no attributes
[10Oct2025 00:15:53.526] [main/ERROR] [net.minecraft.Util/]: Entity cataclysm_spellbooks:extended_death_laser_beam has no attributes
[10Oct2025 00:15:53.526] [main/ERROR] [net.minecraft.Util/]: Entity illageandspillage:bone has no attributes
[10Oct2025 00:15:53.526] [main/ERROR] [net.minecraft.Util/]: Entity illageandspillage:axe has no attributes
[10Oct2025 00:15:53.527] [main/ERROR] [net.minecraft.Util/]: Entity cataclysm_spellbooks:extended_laser_beam has no attributes
[10Oct2025 00:15:53.527] [main/ERROR] [net.minecraft.Util/]: Entity cataclysm_spellbooks:extended_death_laser_beam has no attributes
[10Oct2025 00:15:53.527] [main/ERROR] [net.minecraft.Util/]: Entity illageandspillage:bone has no attributes
[10Oct2025 00:15:53.527] [main/ERROR] [net.minecraft.Util/]: Entity illageandspillage:axe has no attributes
[10Oct2025 00:15:53.528] [main/ERROR] [net.minecraft.Util/]: Entity cataclysm_spellbooks:extended_laser_beam has no attributes
[10Oct2025 00:15:53.528] [main/ERROR] [net.minecraft.Util/]: Entity cataclysm_spellbooks:extended_death_laser_beam has no attributes
[10Oct2025 00:15:53.528] [main/ERROR] [net.minecraft.Util/]: Entity illageandspillage:bone has no attributes
[10Oct2025 00:15:53.528] [main/ERROR] [net.minecraft.Util/]: Entity illageandspillage:axe has no attributes
[10Oct2025 00:15:53.528] [main/ERROR] [net.minecraft.Util/]: Entity cataclysm_spellbooks:extended_laser_beam has no attributes
[10Oct2025 00:15:53.528] [main/ERROR] [net.minecraft.Util/]: Entity cataclysm_spellbooks:extended_death_laser_beam has no attributes
[10Oct2025 00:15:53.528] [main/ERROR] [net.minecraft.Util/]: Entity illageandspillage:bone has no attributes
[10Oct2025 00:15:53.528] [main/ERROR] [net.minecraft.Util/]: Entity illageandspillage:axe has no attributes
[10Oct2025 00:15:53.529] [main/ERROR] [net.minecraft.Util/]: Entity cataclysm_spellbooks:extended_laser_beam has no attributes
[10Oct2025 00:15:53.529] [main/ERROR] [net.minecraft.Util/]: Entity cataclysm_spellbooks:extended_death_laser_beam has no attributes
[10Oct2025 00:15:53.529] [main/ERROR] [net.minecraft.Util/]: Entity illageandspillage:bone has no attributes
[10Oct2025 00:15:53.529] [main/ERROR] [net.minecraft.Util/]: Entity illageandspillage:axe has no attributes
[10Oct2025 00:15:53.529] [main/ERROR] [net.minecraft.Util/]: Entity cataclysm_spellbooks:extended_laser_beam has no attributes
[10Oct2025 00:15:53.529] [main/ERROR] [net.minecraft.Util/]: Entity cataclysm_spellbooks:extended_death_laser_beam has no attributes
[10Oct2025 00:15:53.529] [main/ERROR] [net.minecraft.Util/]: Entity illageandspillage:bone has no attributes
[10Oct2025 00:15:53.530] [main/ERROR] [net.minecraft.Util/]: Entity illageandspillage:axe has no attributes
[10Oct2025 00:15:53.530] [main/ERROR] [net.minecraft.Util/]: Entity cataclysm_spellbooks:extended_laser_beam has no attributes
[10Oct2025 00:15:53.530] [main/ERROR] [net.minecraft.Util/]: Entity cataclysm_spellbooks:extended_death_laser_beam has no attributes
[10Oct2025 00:15:53.530] [main/ERROR] [net.minecraft.Util/]: Entity illageandspillage:bone has no attributes
[10Oct2025 00:15:53.530] [main/ERROR] [net.minecraft.Util/]: Entity illageandspillage:axe has no attributes
[10Oct2025 00:15:53.530] [main/ERROR] [net.minecraft.Util/]: Entity cataclysm_spellbooks:extended_laser_beam has no attributes
[10Oct2025 00:15:53.531] [main/ERROR] [net.minecraft.Util/]: Entity cataclysm_spellbooks:extended_death_laser_beam has no attributes
[10Oct2025 00:15:53.531] [main/ERROR] [net.minecraft.Util/]: Entity illageandspillage:bone has no attributes
[10Oct2025 00:15:53.531] [main/ERROR] [net.minecraft.Util/]: Entity illageandspillage:axe has no attributes
[10Oct2025 00:15:53.531] [main/ERROR] [net.minecraft.Util/]: Entity cataclysm_spellbooks:extended_laser_beam has no attributes
[10Oct2025 00:15:53.531] [main/ERROR] [net.minecraft.Util/]: Entity cataclysm_spellbooks:extended_death_laser_beam has no attributes
[10Oct2025 00:15:53.532] [main/ERROR] [net.minecraft.Util/]: Entity illageandspillage:bone has no attributes
[10Oct2025 00:15:53.532] [main/ERROR] [net.minecraft.Util/]: Entity illageandspillage:axe has no attributes
[10Oct2025 00:15:53.532] [main/ERROR] [net.minecraft.Util/]: Entity cataclysm_spellbooks:extended_laser_beam has no attributes
[10Oct2025 00:15:53.532] [main/ERROR] [net.minecraft.Util/]: Entity cataclysm_spellbooks:extended_death_laser_beam has no attributes
[10Oct2025 00:15:53.533] [main/ERROR] [net.minecraft.Util/]: Entity illageandspillage:bone has no attributes
[10Oct2025 00:15:53.533] [main/ERROR] [net.minecraft.Util/]: Entity illageandspillage:axe has no attributes
[10Oct2025 00:15:53.533] [main/ERROR] [net.minecraft.Util/]: Entity cataclysm_spellbooks:extended_laser_beam has no attributes
[10Oct2025 00:15:53.533] [main/ERROR] [net.minecraft.Util/]: Entity cataclysm_spellbooks:extended_death_laser_beam has no attributes
[10Oct2025 00:15:53.533] [main/ERROR] [net.minecraft.Util/]: Entity illageandspillage:bone has no attributes
[10Oct2025 00:15:53.533] [main/ERROR] [net.minecraft.Util/]: Entity illageandspillage:axe has no attributes
[10Oct2025 00:15:53.534] [main/ERROR] [net.minecraft.Util/]: Entity cataclysm_spellbooks:extended_laser_beam has no attributes
[10Oct2025 00:15:53.534] [main/ERROR] [net.minecraft.Util/]: Entity cataclysm_spellbooks:extended_death_laser_beam has no attributes
[10Oct2025 00:15:53.534] [main/ERROR] [net.minecraft.Util/]: Entity illageandspillage:bone has no attributes
[10Oct2025 00:15:53.534] [main/ERROR] [net.minecraft.Util/]: Entity illageandspillage:axe has no attributes
[10Oct2025 00:15:53.535] [main/ERROR] [net.minecraft.Util/]: Entity cataclysm_spellbooks:extended_laser_beam has no attributes
[10Oct2025 00:15:53.535] [main/ERROR] [net.minecraft.Util/]: Entity cataclysm_spellbooks:extended_death_laser_beam has no attributes
[10Oct2025 00:15:53.535] [main/ERROR] [net.minecraft.Util/]: Entity illageandspillage:bone has no attributes
[10Oct2025 00:15:53.535] [main/ERROR] [net.minecraft.Util/]: Entity illageandspillage:axe has no attributes
[10Oct2025 00:15:53.535] [main/ERROR] [net.minecraft.Util/]: Entity cataclysm_spellbooks:extended_laser_beam has no attributes
[10Oct2025 00:15:53.536] [main/ERROR] [net.minecraft.Util/]: Entity cataclysm_spellbooks:extended_death_laser_beam has no attributes
[10Oct2025 00:15:53.536] [main/ERROR] [net.minecraft.Util/]: Entity illageandspillage:bone has no attributes
[10Oct2025 00:15:53.536] [main/ERROR] [net.minecraft.Util/]: Entity illageandspillage:axe has no attributes
[10Oct2025 00:15:53.536] [main/ERROR] [net.minecraft.Util/]: Entity cataclysm_spellbooks:extended_laser_beam has no attributes
[10Oct2025 00:15:53.536] [main/ERROR] [net.minecraft.Util/]: Entity cataclysm_spellbooks:extended_death_laser_beam has no attributes
[10Oct2025 00:15:53.536] [main/ERROR] [net.minecraft.Util/]: Entity illageandspillage:bone has no attributes
[10Oct2025 00:15:53.536] [main/ERROR] [net.minecraft.Util/]: Entity illageandspillage:axe has no attributes
[10Oct2025 00:15:53.536] [main/ERROR] [net.minecraft.Util/]: Entity cataclysm_spellbooks:extended_laser_beam has no attributes
[10Oct2025 00:15:53.537] [main/ERROR] [net.minecraft.Util/]: Entity cataclysm_spellbooks:extended_death_laser_beam has no attributes
[10Oct2025 00:15:53.537] [main/ERROR] [net.minecraft.Util/]: Entity illageandspillage:bone has no attributes
[10Oct2025 00:15:53.537] [main/ERROR] [net.minecraft.Util/]: Entity illageandspillage:axe has no attributes
[10Oct2025 00:15:53.537] [main/ERROR] [net.minecraft.Util/]: Entity cataclysm_spellbooks:extended_laser_beam has no attributes
[10Oct2025 00:15:53.537] [main/ERROR] [net.minecraft.Util/]: Entity cataclysm_spellbooks:extended_death_laser_beam has no attributes
[10Oct2025 00:15:53.537] [main/ERROR] [net.minecraft.Util/]: Entity illageandspillage:bone has no attributes
[10Oct2025 00:15:53.537] [main/ERROR] [net.minecraft.Util/]: Entity illageandspillage:axe has no attributes
[10Oct2025 00:15:53.537] [main/ERROR] [net.minecraft.Util/]: Entity cataclysm_spellbooks:extended_laser_beam has no attributes
[10Oct2025 00:15:53.537] [main/ERROR] [net.minecraft.Util/]: Entity cataclysm_spellbooks:extended_death_laser_beam has no attributes
[10Oct2025 00:15:53.537] [main/ERROR] [net.minecraft.Util/]: Entity illageandspillage:bone has no attributes
[10Oct2025 00:15:53.537] [main/ERROR] [net.minecraft.Util/]: Entity illageandspillage:axe has no attributes
[10Oct2025 00:15:53.538] [main/ERROR] [net.minecraft.Util/]: Entity cataclysm_spellbooks:extended_laser_beam has no attributes
[10Oct2025 00:15:53.538] [main/ERROR] [net.minecraft.Util/]: Entity cataclysm_spellbooks:extended_death_laser_beam has no attributes
[10Oct2025 00:15:53.538] [main/ERROR] [net.minecraft.Util/]: Entity illageandspillage:bone has no attributes
[10Oct2025 00:15:53.538] [main/ERROR] [net.minecraft.Util/]: Entity illageandspillage:axe has no attributes
[10Oct2025 00:15:53.538] [main/ERROR] [net.minecraft.Util/]: Entity cataclysm_spellbooks:extended_laser_beam has no attributes
[10Oct2025 00:15:53.538] [main/ERROR] [net.minecraft.Util/]: Entity cataclysm_spellbooks:extended_death_laser_beam has no attributes
[10Oct2025 00:15:53.538] [main/ERROR] [net.minecraft.Util/]: Entity illageandspillage:bone has no attributes
[10Oct2025 00:15:53.538] [main/ERROR] [net.minecraft.Util/]: Entity illageandspillage:axe has no attributes
[10Oct2025 00:15:53.540] [main/ERROR] [net.minecraft.Util/]: Entity cataclysm_spellbooks:extended_laser_beam has no attributes
[10Oct2025 00:15:53.540] [main/ERROR] [net.minecraft.Util/]: Entity cataclysm_spellbooks:extended_death_laser_beam has no attributes
[10Oct2025 00:15:53.541] [main/ERROR] [net.minecraft.Util/]: Entity illageandspillage:bone has no attributes
[10Oct2025 00:15:53.541] [main/ERROR] [net.minecraft.Util/]: Entity illageandspillage:axe has no attributes
[10Oct2025 00:15:53.542] [main/ERROR] [net.minecraft.Util/]: Entity cataclysm_spellbooks:extended_laser_beam has no attributes
[10Oct2025 00:15:53.542] [main/ERROR] [net.minecraft.Util/]: Entity cataclysm_spellbooks:extended_death_laser_beam has no attributes
[10Oct2025 00:15:53.542] [main/ERROR] [net.minecraft.Util/]: Entity illageandspillage:bone has no attributes
[10Oct2025 00:15:53.543] [main/ERROR] [net.minecraft.Util/]: Entity illageandspillage:axe has no attributes
[10Oct2025 00:15:53.543] [main/ERROR] [net.minecraft.Util/]: Entity cataclysm_spellbooks:extended_laser_beam has no attributes
[10Oct2025 00:15:53.544] [main/ERROR] [net.minecraft.Util/]: Entity cataclysm_spellbooks:extended_death_laser_beam has no attributes
[10Oct2025 00:15:53.544] [main/ERROR] [net.minecraft.Util/]: Entity illageandspillage:bone has no attributes
[10Oct2025 00:15:53.545] [main/ERROR] [net.minecraft.Util/]: Entity illageandspillage:axe has no attributes
[10Oct2025 00:15:53.545] [main/ERROR] [net.minecraft.Util/]: Entity cataclysm_spellbooks:extended_laser_beam has no attributes
[10Oct2025 00:15:53.545] [main/ERROR] [net.minecraft.Util/]: Entity cataclysm_spellbooks:extended_death_laser_beam has no attributes
[10Oct2025 00:15:53.546] [main/ERROR] [net.minecraft.Util/]: Entity illageandspillage:bone has no attributes
[10Oct2025 00:15:53.546] [main/ERROR] [net.minecraft.Util/]: Entity illageandspillage:axe has no attributes
[10Oct2025 00:15:53.546] [main/ERROR] [net.minecraft.Util/]: Entity cataclysm_spellbooks:extended_laser_beam has no attributes
[10Oct2025 00:15:53.546] [main/ERROR] [net.minecraft.Util/]: Entity cataclysm_spellbooks:extended_death_laser_beam has no attributes
[10Oct2025 00:15:53.546] [main/ERROR] [net.minecraft.Util/]: Entity illageandspillage:bone has no attributes
[10Oct2025 00:15:53.546] [main/ERROR] [net.minecraft.Util/]: Entity illageandspillage:axe has no attributes
[10Oct2025 00:15:53.547] [main/ERROR] [net.minecraft.Util/]: Entity cataclysm_spellbooks:extended_laser_beam has no attributes
[10Oct2025 00:15:53.547] [main/ERROR] [net.minecraft.Util/]: Entity cataclysm_spellbooks:extended_death_laser_beam has no attributes
[10Oct2025 00:15:53.547] [main/ERROR] [net.minecraft.Util/]: Entity illageandspillage:bone has no attributes
[10Oct2025 00:15:53.548] [main/ERROR] [net.minecraft.Util/]: Entity illageandspillage:axe has no attributes
[10Oct2025 00:15:53.548] [main/ERROR] [net.minecraft.Util/]: Entity cataclysm_spellbooks:extended_laser_beam has no attributes
[10Oct2025 00:15:53.548] [main/ERROR] [net.minecraft.Util/]: Entity cataclysm_spellbooks:extended_death_laser_beam has no attributes
[10Oct2025 00:15:53.548] [main/ERROR] [net.minecraft.Util/]: Entity illageandspillage:bone has no attributes
[10Oct2025 00:15:53.548] [main/ERROR] [net.minecraft.Util/]: Entity illageandspillage:axe has no attributes
[10Oct2025 00:15:53.549] [main/ERROR] [net.minecraft.Util/]: Entity cataclysm_spellbooks:extended_laser_beam has no attributes
[10Oct2025 00:15:53.549] [main/ERROR] [net.minecraft.Util/]: Entity cataclysm_spellbooks:extended_death_laser_beam has no attributes
[10Oct2025 00:15:53.549] [main/ERROR] [net.minecraft.Util/]: Entity illageandspillage:bone has no attributes
[10Oct2025 00:15:53.549] [main/ERROR] [net.minecraft.Util/]: Entity illageandspillage:axe has no attributes
[10Oct2025 00:15:53.549] [main/ERROR] [net.minecraft.Util/]: Entity cataclysm_spellbooks:extended_laser_beam has no attributes
[10Oct2025 00:15:53.549] [main/ERROR] [net.minecraft.Util/]: Entity cataclysm_spellbooks:extended_death_laser_beam has no attributes
[10Oct2025 00:15:53.550] [main/ERROR] [net.minecraft.Util/]: Entity illageandspillage:bone has no attributes
[10Oct2025 00:15:53.550] [main/ERROR] [net.minecraft.Util/]: Entity illageandspillage:axe has no attributes
[10Oct2025 00:15:53.550] [main/ERROR] [net.minecraft.Util/]: Entity cataclysm_spellbooks:extended_laser_beam has no attributes
[10Oct2025 00:15:53.550] [main/ERROR] [net.minecraft.Util/]: Entity cataclysm_spellbooks:extended_death_laser_beam has no attributes
[10Oct2025 00:15:53.550] [main/ERROR] [net.minecraft.Util/]: Entity illageandspillage:bone has no attributes
[10Oct2025 00:15:53.550] [main/ERROR] [net.minecraft.Util/]: Entity illageandspillage:axe has no attributes
[10Oct2025 00:15:53.551] [main/ERROR] [net.minecraft.Util/]: Entity cataclysm_spellbooks:extended_laser_beam has no attributes
[10Oct2025 00:15:53.551] [main/ERROR] [net.minecraft.Util/]: Entity cataclysm_spellbooks:extended_death_laser_beam has no attributes
[10Oct2025 00:15:53.551] [main/ERROR] [net.minecraft.Util/]: Entity illageandspillage:bone has no attributes
[10Oct2025 00:15:53.551] [main/ERROR] [net.minecraft.Util/]: Entity illageandspillage:axe has no attributes
[10Oct2025 00:15:53.551] [main/ERROR] [net.minecraft.Util/]: Entity cataclysm_spellbooks:extended_laser_beam has no attributes
[10Oct2025 00:15:53.551] [main/ERROR] [net.minecraft.Util/]: Entity cataclysm_spellbooks:extended_death_laser_beam has no attributes
[10Oct2025 00:15:53.552] [main/ERROR] [net.minecraft.Util/]: Entity illageandspillage:bone has no attributes
[10Oct2025 00:15:53.552] [main/ERROR] [net.minecraft.Util/]: Entity illageandspillage:axe has no attributes
[10Oct2025 00:15:53.552] [main/ERROR] [net.minecraft.Util/]: Entity cataclysm_spellbooks:extended_laser_beam has no attributes
[10Oct2025 00:15:53.552] [main/ERROR] [net.minecraft.Util/]: Entity cataclysm_spellbooks:extended_death_laser_beam has no attributes
[10Oct2025 00:15:53.552] [main/ERROR] [net.minecraft.Util/]: Entity illageandspillage:bone has no attributes
[10Oct2025 00:15:53.552] [main/ERROR] [net.minecraft.Util/]: Entity illageandspillage:axe has no attributes
[10Oct2025 00:15:53.552] [main/ERROR] [net.minecraft.Util/]: Entity cataclysm_spellbooks:extended_laser_beam has no attributes
[10Oct2025 00:15:53.552] [main/ERROR] [net.minecraft.Util/]: Entity cataclysm_spellbooks:extended_death_laser_beam has no attributes
[10Oct2025 00:15:53.552] [main/ERROR] [net.minecraft.Util/]: Entity illageandspillage:bone has no attributes
[10Oct2025 00:15:53.553] [main/ERROR] [net.minecraft.Util/]: Entity illageandspillage:axe has no attributes
[10Oct2025 00:15:53.553] [main/ERROR] [net.minecraft.Util/]: Entity cataclysm_spellbooks:extended_laser_beam has no attributes
[10Oct2025 00:15:53.553] [main/ERROR] [net.minecraft.Util/]: Entity cataclysm_spellbooks:extended_death_laser_beam has no attributes
[10Oct2025 00:15:53.553] [main/ERROR] [net.minecraft.Util/]: Entity illageandspillage:bone has no attributes
[10Oct2025 00:15:53.553] [main/ERROR] [net.minecraft.Util/]: Entity illageandspillage:axe has no attributes
[10Oct2025 00:15:53.553] [main/ERROR] [net.minecraft.Util/]: Entity cataclysm_spellbooks:extended_laser_beam has no attributes
[10Oct2025 00:15:53.553] [main/ERROR] [net.minecraft.Util/]: Entity cataclysm_spellbooks:extended_death_laser_beam has no attributes
[10Oct2025 00:15:53.554] [main/ERROR] [net.minecraft.Util/]: Entity illageandspillage:bone has no attributes
[10Oct2025 00:15:53.554] [main/ERROR] [net.minecraft.Util/]: Entity illageandspillage:axe has no attributes
[10Oct2025 00:15:53.554] [main/ERROR] [net.minecraft.Util/]: Entity cataclysm_spellbooks:extended_laser_beam has no attributes
[10Oct2025 00:15:53.554] [main/ERROR] [net.minecraft.Util/]: Entity cataclysm_spellbooks:extended_death_laser_beam has no attributes
[10Oct2025 00:15:53.554] [main/ERROR] [net.minecraft.Util/]: Entity illageandspillage:bone has no attributes
[10Oct2025 00:15:53.554] [main/ERROR] [net.minecraft.Util/]: Entity illageandspillage:axe has no attributes
[10Oct2025 00:15:53.555] [main/ERROR] [net.minecraft.Util/]: Entity cataclysm_spellbooks:extended_laser_beam has no attributes
[10Oct2025 00:15:53.555] [main/ERROR] [net.minecraft.Util/]: Entity cataclysm_spellbooks:extended_death_laser_beam has no attributes
[10Oct2025 00:15:53.555] [main/ERROR] [net.minecraft.Util/]: Entity illageandspillage:bone has no attributes
[10Oct2025 00:15:53.555] [main/ERROR] [net.minecraft.Util/]: Entity illageandspillage:axe has no attributes
[10Oct2025 00:15:53.555] [main/ERROR] [net.minecraft.Util/]: Entity cataclysm_spellbooks:extended_laser_beam has no attributes
[10Oct2025 00:15:53.556] [main/ERROR] [net.minecraft.Util/]: Entity cataclysm_spellbooks:extended_death_laser_beam has no attributes
[10Oct2025 00:15:53.556] [main/ERROR] [net.minecraft.Util/]: Entity illageandspillage:bone has no attributes
[10Oct2025 00:15:53.556] [main/ERROR] [net.minecraft.Util/]: Entity illageandspillage:axe has no attributes
[10Oct2025 00:15:53.556] [main/ERROR] [net.minecraft.Util/]: Entity cataclysm_spellbooks:extended_laser_beam has no attributes
[10Oct2025 00:15:53.556] [main/ERROR] [net.minecraft.Util/]: Entity cataclysm_spellbooks:extended_death_laser_beam has no attributes
[10Oct2025 00:15:53.556] [main/ERROR] [net.minecraft.Util/]: Entity illageandspillage:bone has no attributes
[10Oct2025 00:15:53.557] [main/ERROR] [net.minecraft.Util/]: Entity illageandspillage:axe has no attributes
[10Oct2025 00:15:53.557] [main/ERROR] [net.minecraft.Util/]: Entity cataclysm_spellbooks:extended_laser_beam has no attributes
[10Oct2025 00:15:53.557] [main/ERROR] [net.minecraft.Util/]: Entity cataclysm_spellbooks:extended_death_laser_beam has no attributes
[10Oct2025 00:15:53.557] [main/ERROR] [net.minecraft.Util/]: Entity illageandspillage:bone has no attributes
[10Oct2025 00:15:53.557] [main/ERROR] [net.minecraft.Util/]: Entity illageandspillage:axe has no attributes
[10Oct2025 00:15:53.558] [main/ERROR] [net.minecraft.Util/]: Entity cataclysm_spellbooks:extended_laser_beam has no attributes
[10Oct2025 00:15:53.558] [main/ERROR] [net.minecraft.Util/]: Entity cataclysm_spellbooks:extended_death_laser_beam has no attributes
[10Oct2025 00:15:53.558] [main/ERROR] [net.minecraft.Util/]: Entity illageandspillage:bone has no attributes
[10Oct2025 00:15:53.558] [main/ERROR] [net.minecraft.Util/]: Entity illageandspillage:axe has no attributes
[10Oct2025 00:15:53.558] [main/ERROR] [net.minecraft.Util/]: Entity cataclysm_spellbooks:extended_laser_beam has no attributes
[10Oct2025 00:15:53.559] [main/ERROR] [net.minecraft.Util/]: Entity cataclysm_spellbooks:extended_death_laser_beam has no attributes
[10Oct2025 00:15:53.559] [main/ERROR] [net.minecraft.Util/]: Entity illageandspillage:bone has no attributes
[10Oct2025 00:15:53.559] [main/ERROR] [net.minecraft.Util/]: Entity illageandspillage:axe has no attributes
[10Oct2025 00:15:53.559] [main/ERROR] [net.minecraft.Util/]: Entity cataclysm_spellbooks:extended_laser_beam has no attributes
[10Oct2025 00:15:53.559] [main/ERROR] [net.minecraft.Util/]: Entity cataclysm_spellbooks:extended_death_laser_beam has no attributes
[10Oct2025 00:15:53.559] [main/ERROR] [net.minecraft.Util/]: Entity illageandspillage:bone has no attributes
[10Oct2025 00:15:53.560] [main/ERROR] [net.minecraft.Util/]: Entity illageandspillage:axe has no attributes
[10Oct2025 00:15:53.560] [main/ERROR] [net.minecraft.Util/]: Entity cataclysm_spellbooks:extended_laser_beam has no attributes
[10Oct2025 00:15:53.560] [main/ERROR] [net.minecraft.Util/]: Entity cataclysm_spellbooks:extended_death_laser_beam has no attributes
[10Oct2025 00:15:53.560] [main/ERROR] [net.minecraft.Util/]: Entity illageandspillage:bone has no attributes
[10Oct2025 00:15:53.560] [main/ERROR] [net.minecraft.Util/]: Entity illageandspillage:axe has no attributes
[10Oct2025 00:15:53.561] [main/ERROR] [net.minecraft.Util/]: Entity cataclysm_spellbooks:extended_laser_beam has no attributes
[10Oct2025 00:15:53.561] [main/ERROR] [net.minecraft.Util/]: Entity cataclysm_spellbooks:extended_death_laser_beam has no attributes
[10Oct2025 00:15:53.561] [main/ERROR] [net.minecraft.Util/]: Entity illageandspillage:bone has no attributes
[10Oct2025 00:15:53.561] [main/ERROR] [net.minecraft.Util/]: Entity illageandspillage:axe has no attributes
[10Oct2025 00:15:53.561] [main/ERROR] [net.minecraft.Util/]: Entity cataclysm_spellbooks:extended_laser_beam has no attributes
[10Oct2025 00:15:53.561] [main/ERROR] [net.minecraft.Util/]: Entity cataclysm_spellbooks:extended_death_laser_beam has no attributes
[10Oct2025 00:15:53.561] [main/ERROR] [net.minecraft.Util/]: Entity illageandspillage:bone has no attributes
[10Oct2025 00:15:53.561] [main/ERROR] [net.minecraft.Util/]: Entity illageandspillage:axe has no attributes
[10Oct2025 00:15:53.562] [main/ERROR] [net.minecraft.Util/]: Entity cataclysm_spellbooks:extended_laser_beam has no attributes
[10Oct2025 00:15:53.562] [main/ERROR] [net.minecraft.Util/]: Entity cataclysm_spellbooks:extended_death_laser_beam has no attributes
[10Oct2025 00:15:53.562] [main/ERROR] [net.minecraft.Util/]: Entity illageandspillage:bone has no attributes
[10Oct2025 00:15:53.562] [main/ERROR] [net.minecraft.Util/]: Entity illageandspillage:axe has no attributes
[10Oct2025 00:15:53.562] [main/ERROR] [net.minecraft.Util/]: Entity cataclysm_spellbooks:extended_laser_beam has no attributes
[10Oct2025 00:15:53.562] [main/ERROR] [net.minecraft.Util/]: Entity cataclysm_spellbooks:extended_death_laser_beam has no attributes
[10Oct2025 00:15:53.562] [main/ERROR] [net.minecraft.Util/]: Entity illageandspillage:bone has no attributes
[10Oct2025 00:15:53.562] [main/ERROR] [net.minecraft.Util/]: Entity illageandspillage:axe has no attributes
[10Oct2025 00:15:53.563] [main/ERROR] [net.minecraft.Util/]: Entity cataclysm_spellbooks:extended_laser_beam has no attributes
[10Oct2025 00:15:53.563] [main/ERROR] [net.minecraft.Util/]: Entity cataclysm_spellbooks:extended_death_laser_beam has no attributes
[10Oct2025 00:15:53.563] [main/ERROR] [net.minecraft.Util/]: Entity illageandspillage:bone has no attributes
[10Oct2025 00:15:53.563] [main/ERROR] [net.minecraft.Util/]: Entity illageandspillage:axe has no attributes
[10Oct2025 00:15:53.563] [main/ERROR] [net.minecraft.Util/]: Entity cataclysm_spellbooks:extended_laser_beam has no attributes
[10Oct2025 00:15:53.563] [main/ERROR] [net.minecraft.Util/]: Entity cataclysm_spellbooks:extended_death_laser_beam has no attributes
[10Oct2025 00:15:53.563] [main/ERROR] [net.minecraft.Util/]: Entity illageandspillage:bone has no attributes
[10Oct2025 00:15:53.564] [main/ERROR] [net.minecraft.Util/]: Entity illageandspillage:axe has no attributes
[10Oct2025 00:15:53.565] [main/ERROR] [net.minecraft.Util/]: Entity cataclysm_spellbooks:extended_laser_beam has no attributes
[10Oct2025 00:15:53.565] [main/ERROR] [net.minecraft.Util/]: Entity cataclysm_spellbooks:extended_death_laser_beam has no attributes
[10Oct2025 00:15:53.565] [main/ERROR] [net.minecraft.Util/]: Entity illageandspillage:bone has no attributes
[10Oct2025 00:15:53.565] [main/ERROR] [net.minecraft.Util/]: Entity illageandspillage:axe has no attributes
[10Oct2025 00:15:53.565] [main/ERROR] [net.minecraft.Util/]: Entity cataclysm_spellbooks:extended_laser_beam has no attributes
[10Oct2025 00:15:53.565] [main/ERROR] [net.minecraft.Util/]: Entity cataclysm_spellbooks:extended_death_laser_beam has no attributes
[10Oct2025 00:15:53.566] [main/ERROR] [net.minecraft.Util/]: Entity illageandspillage:bone has no attributes
[10Oct2025 00:15:53.566] [main/ERROR] [net.minecraft.Util/]: Entity illageandspillage:axe has no attributes
[10Oct2025 00:15:53.566] [main/ERROR] [net.minecraft.Util/]: Entity cataclysm_spellbooks:extended_laser_beam has no attributes
[10Oct2025 00:15:53.566] [main/ERROR] [net.minecraft.Util/]: Entity cataclysm_spellbooks:extended_death_laser_beam has no attributes
[10Oct2025 00:15:53.567] [main/ERROR] [net.minecraft.Util/]: Entity illageandspillage:bone has no attributes
[10Oct2025 00:15:53.567] [main/ERROR] [net.minecraft.Util/]: Entity illageandspillage:axe has no attributes
[10Oct2025 00:15:53.568] [main/ERROR] [net.minecraft.Util/]: Entity cataclysm_spellbooks:extended_laser_beam has no attributes
[10Oct2025 00:15:53.568] [main/ERROR] [net.minecraft.Util/]: Entity cataclysm_spellbooks:extended_death_laser_beam has no attributes
[10Oct2025 00:15:53.568] [main/ERROR] [net.minecraft.Util/]: Entity illageandspillage:bone has no attributes
[10Oct2025 00:15:53.568] [main/ERROR] [net.minecraft.Util/]: Entity illageandspillage:axe has no attributes
[10Oct2025 00:15:53.569] [main/ERROR] [net.minecraft.Util/]: Entity cataclysm_spellbooks:extended_laser_beam has no attributes
[10Oct2025 00:15:53.569] [main/ERROR] [net.minecraft.Util/]: Entity cataclysm_spellbooks:extended_death_laser_beam has no attributes
[10Oct2025 00:15:53.569] [main/ERROR] [net.minecraft.Util/]: Entity illageandspillage:bone has no attributes
[10Oct2025 00:15:53.569] [main/ERROR] [net.minecraft.Util/]: Entity illageandspillage:axe has no attributes
[10Oct2025 00:15:53.569] [main/ERROR] [net.minecraft.Util/]: Entity cataclysm_spellbooks:extended_laser_beam has no attributes
[10Oct2025 00:15:53.569] [main/ERROR] [net.minecraft.Util/]: Entity cataclysm_spellbooks:extended_death_laser_beam has no attributes
[10Oct2025 00:15:53.569] [main/ERROR] [net.minecraft.Util/]: Entity illageandspillage:bone has no attributes
[10Oct2025 00:15:53.569] [main/ERROR] [net.minecraft.Util/]: Entity illageandspillage:axe has no attributes
[10Oct2025 00:15:53.658] [Forge Version Check/WARN] [net.minecraftforge.fml.VersionChecker/]: Failed to process update information
com.google.gson.JsonSyntaxException: java.lang.IllegalStateException: Expected BEGIN_OBJECT but was STRING at line 1 column 1 path $
	at com.google.gson.Gson.fromJson(Gson.java:1226) ~[gson-2.10.jar%2372!/:?]
	at com.google.gson.Gson.fromJson(Gson.java:1124) ~[gson-2.10.jar%2372!/:?]
	at com.google.gson.Gson.fromJson(Gson.java:1034) ~[gson-2.10.jar%2372!/:?]
	at com.google.gson.Gson.fromJson(Gson.java:969) ~[gson-2.10.jar%2372!/:?]
	at net.minecraftforge.fml.VersionChecker$1.process(VersionChecker.java:186) ~[fmlcore-1.20.1-47.4.0.jar%23474!/:?]
	at java.lang.Iterable.forEach(Iterable.java:75) ~[?:?]
	at net.minecraftforge.fml.VersionChecker$1.run(VersionChecker.java:117) ~[fmlcore-1.20.1-47.4.0.jar%23474!/:?]
Caused by: java.lang.IllegalStateException: Expected BEGIN_OBJECT but was STRING at line 1 column 1 path $
	at com.google.gson.stream.JsonReader.beginObject(JsonReader.java:393) ~[gson-2.10.jar%2372!/:?]
	at com.google.gson.internal.bind.MapTypeAdapterFactory$Adapter.read(MapTypeAdapterFactory.java:182) ~[gson-2.10.jar%2372!/:?]
	at com.google.gson.internal.bind.MapTypeAdapterFactory$Adapter.read(MapTypeAdapterFactory.java:144) ~[gson-2.10.jar%2372!/:?]
	at com.google.gson.Gson.fromJson(Gson.java:1214) ~[gson-2.10.jar%2372!/:?]
	... 6 more
[10Oct2025 00:15:53.659] [Forge Version Check/INFO] [net.minecraftforge.fml.VersionChecker/]: [mr_cherry_villages] Starting version check at https://api.modrinth.com/updates/Xtpwas3W/forge_updates.json
[10Oct2025 00:15:53.706] [Forge Version Check/INFO] [net.minecraftforge.fml.VersionChecker/]: [mr_cherry_villages] Found status: OUTDATED Current: 1.0.3 Target: 1.1.2
[10Oct2025 00:15:53.707] [Forge Version Check/INFO] [net.minecraftforge.fml.VersionChecker/]: [bagofholding] Starting version check at https://raw.githubusercontent.com/Fuzss/modresources/main/update/bagofholding.json
[10Oct2025 00:15:53.718] [Forge Version Check/INFO] [net.minecraftforge.fml.VersionChecker/]: [bagofholding] Found status: UP_TO_DATE Current: 8.0.2 Target: null
[10Oct2025 00:15:53.719] [Forge Version Check/INFO] [net.minecraftforge.fml.VersionChecker/]: [puzzlesaccessapi] Starting version check at https://raw.githubusercontent.com/Fuzss/modresources/main/update/puzzlesaccessapi.json
[10Oct2025 00:15:53.731] [Forge Version Check/INFO] [net.minecraftforge.fml.VersionChecker/]: [puzzlesaccessapi] Found status: BETA Current: 20.1.1 Target: null
[10Oct2025 00:15:53.731] [Forge Version Check/INFO] [net.minecraftforge.fml.VersionChecker/]: [forge] Starting version check at https://files.minecraftforge.net/net/minecraftforge/forge/promotions_slim.json
[10Oct2025 00:15:53.927] [Forge Version Check/INFO] [net.minecraftforge.fml.VersionChecker/]: [forge] Found status: UP_TO_DATE Current: 47.4.0 Target: null
[10Oct2025 00:15:53.927] [Forge Version Check/INFO] [net.minecraftforge.fml.VersionChecker/]: [simpletomb] Starting version check at https://raw.githubusercontent.com/Lothrazar/SimpleTomb/trunk/1.20/update.json
[10Oct2025 00:15:53.939] [Forge Version Check/INFO] [net.minecraftforge.fml.VersionChecker/]: [simpletomb] Found status: BETA Current: 1.20.1-1.3.0 Target: 1.3.0
[10Oct2025 00:15:53.940] [Forge Version Check/INFO] [net.minecraftforge.fml.VersionChecker/]: [trade_cycling] Starting version check at https://update.maxhenkel.de/forge/trade_cycling
[10Oct2025 00:15:54.467] [Forge Version Check/INFO] [net.minecraftforge.fml.VersionChecker/]: [trade_cycling] Found status: AHEAD Current: 1.20.1-1.0.18 Target: null
[10Oct2025 00:15:54.467] [Forge Version Check/INFO] [net.minecraftforge.fml.VersionChecker/]: [puzzleslib] Starting version check at https://raw.githubusercontent.com/Fuzss/modresources/main/update/puzzleslib.json
[10Oct2025 00:15:54.476] [Forge Version Check/INFO] [net.minecraftforge.fml.VersionChecker/]: [puzzleslib] Found status: OUTDATED Current: 8.1.32 Target: 8.1.33
[10Oct2025 00:15:54.477] [Forge Version Check/INFO] [net.minecraftforge.fml.VersionChecker/]: [aquamirae] Starting version check at https://raw.githubusercontent.com/ObscuriaLithium/Home/main/aquamirae/versions.json
[10Oct2025 00:15:54.486] [Forge Version Check/WARN] [net.minecraftforge.fml.VersionChecker/]: Failed to process update information
com.google.gson.JsonSyntaxException: java.lang.IllegalStateException: Expected BEGIN_OBJECT but was NUMBER at line 1 column 4 path $
	at com.google.gson.Gson.fromJson(Gson.java:1226) ~[gson-2.10.jar%2372!/:?]
	at com.google.gson.Gson.fromJson(Gson.java:1124) ~[gson-2.10.jar%2372!/:?]
	at com.google.gson.Gson.fromJson(Gson.java:1034) ~[gson-2.10.jar%2372!/:?]
	at com.google.gson.Gson.fromJson(Gson.java:969) ~[gson-2.10.jar%2372!/:?]
	at net.minecraftforge.fml.VersionChecker$1.process(VersionChecker.java:186) ~[fmlcore-1.20.1-47.4.0.jar%23474!/:?]
	at java.lang.Iterable.forEach(Iterable.java:75) ~[?:?]
	at net.minecraftforge.fml.VersionChecker$1.run(VersionChecker.java:117) ~[fmlcore-1.20.1-47.4.0.jar%23474!/:?]
Caused by: java.lang.IllegalStateException: Expected BEGIN_OBJECT but was NUMBER at line 1 column 4 path $
	at com.google.gson.stream.JsonReader.beginObject(JsonReader.java:393) ~[gson-2.10.jar%2372!/:?]
	at com.google.gson.internal.bind.MapTypeAdapterFactory$Adapter.read(MapTypeAdapterFactory.java:182) ~[gson-2.10.jar%2372!/:?]
	at com.google.gson.internal.bind.MapTypeAdapterFactory$Adapter.read(MapTypeAdapterFactory.java:144) ~[gson-2.10.jar%2372!/:?]
	at com.google.gson.Gson.fromJson(Gson.java:1214) ~[gson-2.10.jar%2372!/:?]
	... 6 more
[10Oct2025 00:15:54.488] [Forge Version Check/INFO] [net.minecraftforge.fml.VersionChecker/]: [illagerinvasion] Starting version check at https://raw.githubusercontent.com/Fuzss/modresources/main/update/illagerinvasion.json
[10Oct2025 00:15:54.498] [Forge Version Check/INFO] [net.minecraftforge.fml.VersionChecker/]: [illagerinvasion] Found status: UP_TO_DATE Current: 8.0.7 Target: null
[10Oct2025 00:15:54.499] [Forge Version Check/INFO] [net.minecraftforge.fml.VersionChecker/]: [cobweb] Starting version check at https://api.modrinth.com/updates/cobweb/forge_updates.json
[10Oct2025 00:15:54.551] [Forge Version Check/INFO] [net.minecraftforge.fml.VersionChecker/]: [cobweb] Found status: UP_TO_DATE Current: 1.0.1 Target: null
[10Oct2025 00:15:54.551] [Forge Version Check/INFO] [net.minecraftforge.fml.VersionChecker/]: [soul_fire_d] Starting version check at https://api.modrinth.com/updates/soul-fire-d/forge_updates.json
[10Oct2025 00:15:54.598] [Forge Version Check/INFO] [net.minecraftforge.fml.VersionChecker/]: [soul_fire_d] Found status: UP_TO_DATE Current: 4.0.11 Target: null
[10Oct2025 00:15:54.598] [Forge Version Check/INFO] [net.minecraftforge.fml.VersionChecker/]: [twilightforest] Starting version check at https://gh.tamaized.com/TeamTwilight/twilightforest/update.json
[10Oct2025 00:15:54.732] [Forge Version Check/INFO] [net.minecraftforge.fml.VersionChecker/]: [twilightforest] Found status: AHEAD Current: 4.3.2508 Target: null
[10Oct2025 00:15:54.732] [Forge Version Check/INFO] [net.minecraftforge.fml.VersionChecker/]: [tradingpost] Starting version check at https://raw.githubusercontent.com/Fuzss/modresources/main/update/tradingpost.json
[10Oct2025 00:15:54.744] [Forge Version Check/INFO] [net.minecraftforge.fml.VersionChecker/]: [tradingpost] Found status: UP_TO_DATE Current: 8.0.2 Target: null
[10Oct2025 00:15:54.744] [Forge Version Check/INFO] [net.minecraftforge.fml.VersionChecker/]: [obscure_api] Starting version check at https://raw.githubusercontent.com/ObscuriaLithium/Home/main/obscure_api/versions.json
[10Oct2025 00:15:54.755] [Forge Version Check/WARN] [net.minecraftforge.fml.VersionChecker/]: Failed to process update information
com.google.gson.JsonSyntaxException: java.lang.IllegalStateException: Expected BEGIN_OBJECT but was NUMBER at line 1 column 4 path $
	at com.google.gson.Gson.fromJson(Gson.java:1226) ~[gson-2.10.jar%2372!/:?]
	at com.google.gson.Gson.fromJson(Gson.java:1124) ~[gson-2.10.jar%2372!/:?]
	at com.google.gson.Gson.fromJson(Gson.java:1034) ~[gson-2.10.jar%2372!/:?]
	at com.google.gson.Gson.fromJson(Gson.java:969) ~[gson-2.10.jar%2372!/:?]
	at net.minecraftforge.fml.VersionChecker$1.process(VersionChecker.java:186) ~[fmlcore-1.20.1-47.4.0.jar%23474!/:?]
	at java.lang.Iterable.forEach(Iterable.java:75) ~[?:?]
	at net.minecraftforge.fml.VersionChecker$1.run(VersionChecker.java:117) ~[fmlcore-1.20.1-47.4.0.jar%23474!/:?]
Caused by: java.lang.IllegalStateException: Expected BEGIN_OBJECT but was NUMBER at line 1 column 4 path $
	at com.google.gson.stream.JsonReader.beginObject(JsonReader.java:393) ~[gson-2.10.jar%2372!/:?]
	at com.google.gson.internal.bind.MapTypeAdapterFactory$Adapter.read(MapTypeAdapterFactory.java:182) ~[gson-2.10.jar%2372!/:?]
	at com.google.gson.internal.bind.MapTypeAdapterFactory$Adapter.read(MapTypeAdapterFactory.java:144) ~[gson-2.10.jar%2372!/:?]
	at com.google.gson.Gson.fromJson(Gson.java:1214) ~[gson-2.10.jar%2372!/:?]
	... 6 more
[10Oct2025 00:15:54.756] [Forge Version Check/INFO] [net.minecraftforge.fml.VersionChecker/]: [mr_desert_mansion] Starting version check at https://api.modrinth.com/updates/dUS7kX7b/forge_updates.json
[10Oct2025 00:15:54.797] [Forge Version Check/INFO] [net.minecraftforge.fml.VersionChecker/]: [mr_desert_mansion] Found status: OUTDATED Current: 2.0 Target: 2.0.1+mod
[10Oct2025 00:15:54.797] [Forge Version Check/INFO] [net.minecraftforge.fml.VersionChecker/]: [goldenhopper] Starting version check at https://mrcrayfish.com/modupdatejson?id=goldenhopper
[10Oct2025 00:15:54.821] [Forge Version Check/WARN] [net.minecraftforge.fml.VersionChecker/]: Failed to process update information
com.google.gson.JsonSyntaxException: java.lang.IllegalStateException: Expected BEGIN_OBJECT but was STRING at line 1 column 1 path $
	at com.google.gson.Gson.fromJson(Gson.java:1226) ~[gson-2.10.jar%2372!/:?]
	at com.google.gson.Gson.fromJson(Gson.java:1124) ~[gson-2.10.jar%2372!/:?]
	at com.google.gson.Gson.fromJson(Gson.java:1034) ~[gson-2.10.jar%2372!/:?]
	at com.google.gson.Gson.fromJson(Gson.java:969) ~[gson-2.10.jar%2372!/:?]
	at net.minecraftforge.fml.VersionChecker$1.process(VersionChecker.java:186) ~[fmlcore-1.20.1-47.4.0.jar%23474!/:?]
	at java.lang.Iterable.forEach(Iterable.java:75) ~[?:?]
	at net.minecraftforge.fml.VersionChecker$1.run(VersionChecker.java:117) ~[fmlcore-1.20.1-47.4.0.jar%23474!/:?]
Caused by: java.lang.IllegalStateException: Expected BEGIN_OBJECT but was STRING at line 1 column 1 path $
	at com.google.gson.stream.JsonReader.beginObject(JsonReader.java:393) ~[gson-2.10.jar%2372!/:?]
	at com.google.gson.internal.bind.MapTypeAdapterFactory$Adapter.read(MapTypeAdapterFactory.java:182) ~[gson-2.10.jar%2372!/:?]
	at com.google.gson.internal.bind.MapTypeAdapterFactory$Adapter.read(MapTypeAdapterFactory.java:144) ~[gson-2.10.jar%2372!/:?]
	at com.google.gson.Gson.fromJson(Gson.java:1214) ~[gson-2.10.jar%2372!/:?]
	... 6 more
[10Oct2025 00:15:54.822] [Forge Version Check/INFO] [net.minecraftforge.fml.VersionChecker/]: [journeymap] Starting version check at https://forge.curseupdate.com/32274/journeymap
[10Oct2025 00:15:54.928] [Forge Version Check/INFO] [net.minecraftforge.fml.VersionChecker/]: [journeymap] Found status: UP_TO_DATE Current: 5.10.3 Target: null
[10Oct2025 00:15:54.928] [Forge Version Check/INFO] [net.minecraftforge.fml.VersionChecker/]: [mr_lukis_grandcapitals] Starting version check at https://api.modrinth.com/updates/8Lw09aLb/forge_updates.json
[10Oct2025 00:15:54.966] [Forge Version Check/INFO] [net.minecraftforge.fml.VersionChecker/]: [mr_lukis_grandcapitals] Found status: OUTDATED Current: 1.1.2 Target: 1.1.2+mod
[10Oct2025 00:15:54.966] [Forge Version Check/INFO] [net.minecraftforge.fml.VersionChecker/]: [mr_withering_heights] Starting version check at https://api.modrinth.com/updates/NCPLOWlF/forge_updates.json
[10Oct2025 00:15:55.024] [Forge Version Check/INFO] [net.minecraftforge.fml.VersionChecker/]: [mr_withering_heights] Found status: BETA Current: 1-alpha-1 Target: alpha-1+mod
[10Oct2025 00:15:55.024] [Forge Version Check/INFO] [net.minecraftforge.fml.VersionChecker/]: [moonlight] Starting version check at https://raw.githubusercontent.com/MehVahdJukaar/Moonlight/multi-loader/forge/update.json
[10Oct2025 00:15:55.036] [Forge Version Check/INFO] [net.minecraftforge.fml.VersionChecker/]: [moonlight] Found status: BETA Current: 1.20-2.14.4 Target: null
[10Oct2025 00:15:55.036] [Forge Version Check/INFO] [net.minecraftforge.fml.VersionChecker/]: [iceberg] Starting version check at https://mc-update-check.anthonyhilyard.com/520110
[10Oct2025 00:15:55.100] [Forge Version Check/WARN] [net.minecraftforge.fml.VersionChecker/]: Failed to process update information
javax.net.ssl.SSLHandshakeException: PKIX path validation failed: java.security.cert.CertPathValidatorException: validity check failed
	at jdk.internal.net.http.HttpClientImpl.send(HttpClientImpl.java:579) ~[java.net.http:?]
	at jdk.internal.net.http.HttpClientFacade.send(HttpClientFacade.java:123) ~[java.net.http:?]
	at net.minecraftforge.fml.VersionChecker$1.openUrlString(VersionChecker.java:142) ~[fmlcore-1.20.1-47.4.0.jar%23474!/:?]
	at net.minecraftforge.fml.VersionChecker$1.process(VersionChecker.java:180) ~[fmlcore-1.20.1-47.4.0.jar%23474!/:?]
	at java.lang.Iterable.forEach(Iterable.java:75) ~[?:?]
	at net.minecraftforge.fml.VersionChecker$1.run(VersionChecker.java:117) ~[fmlcore-1.20.1-47.4.0.jar%23474!/:?]
Caused by: javax.net.ssl.SSLHandshakeException: PKIX path validation failed: java.security.cert.CertPathValidatorException: validity check failed
	at sun.security.ssl.Alert.createSSLException(Alert.java:131) ~[?:?]
	at sun.security.ssl.TransportContext.fatal(TransportContext.java:383) ~[?:?]
	at sun.security.ssl.TransportContext.fatal(TransportContext.java:326) ~[?:?]
	at sun.security.ssl.TransportContext.fatal(TransportContext.java:321) ~[?:?]
	at sun.security.ssl.CertificateMessage$T12CertificateConsumer.checkServerCerts(CertificateMessage.java:654) ~[?:?]
	at sun.security.ssl.CertificateMessage$T12CertificateConsumer.onCertificate(CertificateMessage.java:473) ~[?:?]
	at sun.security.ssl.CertificateMessage$T12CertificateConsumer.consume(CertificateMessage.java:369) ~[?:?]
	at sun.security.ssl.SSLHandshake.consume(SSLHandshake.java:396) ~[?:?]
	at sun.security.ssl.HandshakeContext.dispatch(HandshakeContext.java:480) ~[?:?]
	at sun.security.ssl.SSLEngineImpl$DelegatedTask$DelegatedAction.run(SSLEngineImpl.java:1277) ~[?:?]
	at sun.security.ssl.SSLEngineImpl$DelegatedTask$DelegatedAction.run(SSLEngineImpl.java:1264) ~[?:?]
	at java.security.AccessController.doPrivileged(AccessController.java:712) ~[?:?]
	at sun.security.ssl.SSLEngineImpl$DelegatedTask.run(SSLEngineImpl.java:1209) ~[?:?]
	at java.util.ArrayList.forEach(ArrayList.java:1511) ~[?:?]
	at jdk.internal.net.http.common.SSLFlowDelegate.lambda$executeTasks$3(SSLFlowDelegate.java:1132) ~[java.net.http:?]
	at jdk.internal.net.http.HttpClientImpl$DelegatingExecutor.execute(HttpClientImpl.java:158) ~[java.net.http:?]
	at jdk.internal.net.http.common.SSLFlowDelegate.executeTasks(SSLFlowDelegate.java:1127) ~[java.net.http:?]
	at jdk.internal.net.http.common.SSLFlowDelegate.doHandshake(SSLFlowDelegate.java:1093) ~[java.net.http:?]
	at jdk.internal.net.http.common.SSLFlowDelegate$Reader.processData(SSLFlowDelegate.java:498) ~[java.net.http:?]
	at jdk.internal.net.http.common.SSLFlowDelegate$Reader$ReaderDownstreamPusher.run(SSLFlowDelegate.java:282) ~[java.net.http:?]
	at jdk.internal.net.http.common.SequentialScheduler$LockingRestartableTask.run(SequentialScheduler.java:205) ~[java.net.http:?]
	at jdk.internal.net.http.common.SequentialScheduler$CompleteRestartableTask.run(SequentialScheduler.java:149) ~[java.net.http:?]
	at jdk.internal.net.http.common.SequentialScheduler$TryEndDeferredCompleter.complete(SequentialScheduler.java:347) ~[java.net.http:?]
	at jdk.internal.net.http.common.SequentialScheduler$CompleteRestartableTask.run(SequentialScheduler.java:151) ~[java.net.http:?]
	at jdk.internal.net.http.common.SequentialScheduler$SchedulableTask.run(SequentialScheduler.java:230) ~[java.net.http:?]
	at java.util.concurrent.ThreadPoolExecutor.runWorker(ThreadPoolExecutor.java:1136) ~[?:?]
	at java.util.concurrent.ThreadPoolExecutor$Worker.run(ThreadPoolExecutor.java:635) ~[?:?]
	at java.lang.Thread.run(Thread.java:840) ~[?:?]
Caused by: sun.security.validator.ValidatorException: PKIX path validation failed: java.security.cert.CertPathValidatorException: validity check failed
	at sun.security.validator.PKIXValidator.doValidate(PKIXValidator.java:369) ~[?:?]
	at sun.security.validator.PKIXValidator.engineValidate(PKIXValidator.java:275) ~[?:?]
	at sun.security.validator.Validator.validate(Validator.java:264) ~[?:?]
	at sun.security.ssl.X509TrustManagerImpl.checkTrusted(X509TrustManagerImpl.java:285) ~[?:?]
	at sun.security.ssl.X509TrustManagerImpl.checkServerTrusted(X509TrustManagerImpl.java:144) ~[?:?]
	at sun.security.ssl.CertificateMessage$T12CertificateConsumer.checkServerCerts(CertificateMessage.java:632) ~[?:?]
	at sun.security.ssl.CertificateMessage$T12CertificateConsumer.onCertificate(CertificateMessage.java:473) ~[?:?]
	at sun.security.ssl.CertificateMessage$T12CertificateConsumer.consume(CertificateMessage.java:369) ~[?:?]
	at sun.security.ssl.SSLHandshake.consume(SSLHandshake.java:396) ~[?:?]
	at sun.security.ssl.HandshakeContext.dispatch(HandshakeContext.java:480) ~[?:?]
	at sun.security.ssl.SSLEngineImpl$DelegatedTask$DelegatedAction.run(SSLEngineImpl.java:1277) ~[?:?]
	at sun.security.ssl.SSLEngineImpl$DelegatedTask$DelegatedAction.run(SSLEngineImpl.java:1264) ~[?:?]
	at java.security.AccessController.doPrivileged(AccessController.java:712) ~[?:?]
	at sun.security.ssl.SSLEngineImpl$DelegatedTask.run(SSLEngineImpl.java:1209) ~[?:?]
	at java.util.ArrayList.forEach(ArrayList.java:1511) ~[?:?]
	at jdk.internal.net.http.common.SSLFlowDelegate.lambda$executeTasks$3(SSLFlowDelegate.java:1132) ~[java.net.http:?]
	at jdk.internal.net.http.HttpClientImpl$DelegatingExecutor.execute(HttpClientImpl.java:158) ~[java.net.http:?]
	at jdk.internal.net.http.common.SSLFlowDelegate.executeTasks(SSLFlowDelegate.java:1127) ~[java.net.http:?]
	at jdk.internal.net.http.common.SSLFlowDelegate.doHandshake(SSLFlowDelegate.java:1093) ~[java.net.http:?]
	at jdk.internal.net.http.common.SSLFlowDelegate$Reader.processData(SSLFlowDelegate.java:498) ~[java.net.http:?]
	at jdk.internal.net.http.common.SSLFlowDelegate$Reader$ReaderDownstreamPusher.run(SSLFlowDelegate.java:282) ~[java.net.http:?]
	at jdk.internal.net.http.common.SequentialScheduler$LockingRestartableTask.run(SequentialScheduler.java:205) ~[java.net.http:?]
	at jdk.internal.net.http.common.SequentialScheduler$CompleteRestartableTask.run(SequentialScheduler.java:149) ~[java.net.http:?]
	at jdk.internal.net.http.common.SequentialScheduler$TryEndDeferredCompleter.complete(SequentialScheduler.java:347) ~[java.net.http:?]
	at jdk.internal.net.http.common.SequentialScheduler$CompleteRestartableTask.run(SequentialScheduler.java:151) ~[java.net.http:?]
	at jdk.internal.net.http.common.SequentialScheduler$SchedulableTask.run(SequentialScheduler.java:230) ~[java.net.http:?]
	at java.util.concurrent.ThreadPoolExecutor.runWorker(ThreadPoolExecutor.java:1136) ~[?:?]
	at java.util.concurrent.ThreadPoolExecutor$Worker.run(ThreadPoolExecutor.java:635) ~[?:?]
	at java.lang.Thread.run(Thread.java:840) ~[?:?]
Caused by: java.security.cert.CertPathValidatorException: validity check failed
	at sun.security.provider.certpath.PKIXMasterCertPathValidator.validate(PKIXMasterCertPathValidator.java:135) ~[?:?]
	at sun.security.provider.certpath.PKIXCertPathValidator.validate(PKIXCertPathValidator.java:224) ~[?:?]
	at sun.security.provider.certpath.PKIXCertPathValidator.validate(PKIXCertPathValidator.java:144) ~[?:?]
	at sun.security.provider.certpath.PKIXCertPathValidator.engineValidate(PKIXCertPathValidator.java:83) ~[?:?]
	at java.security.cert.CertPathValidator.validate(CertPathValidator.java:309) ~[?:?]
	at sun.security.validator.PKIXValidator.doValidate(PKIXValidator.java:364) ~[?:?]
	at sun.security.validator.PKIXValidator.engineValidate(PKIXValidator.java:275) ~[?:?]
	at sun.security.validator.Validator.validate(Validator.java:264) ~[?:?]
	at sun.security.ssl.X509TrustManagerImpl.checkTrusted(X509TrustManagerImpl.java:285) ~[?:?]
	at sun.security.ssl.X509TrustManagerImpl.checkServerTrusted(X509TrustManagerImpl.java:144) ~[?:?]
	at sun.security.ssl.CertificateMessage$T12CertificateConsumer.checkServerCerts(CertificateMessage.java:632) ~[?:?]
	at sun.security.ssl.CertificateMessage$T12CertificateConsumer.onCertificate(CertificateMessage.java:473) ~[?:?]
	at sun.security.ssl.CertificateMessage$T12CertificateConsumer.consume(CertificateMessage.java:369) ~[?:?]
	at sun.security.ssl.SSLHandshake.consume(SSLHandshake.java:396) ~[?:?]
	at sun.security.ssl.HandshakeContext.dispatch(HandshakeContext.java:480) ~[?:?]
	at sun.security.ssl.SSLEngineImpl$DelegatedTask$DelegatedAction.run(SSLEngineImpl.java:1277) ~[?:?]
	at sun.security.ssl.SSLEngineImpl$DelegatedTask$DelegatedAction.run(SSLEngineImpl.java:1264) ~[?:?]
	at java.security.AccessController.doPrivileged(AccessController.java:712) ~[?:?]
	at sun.security.ssl.SSLEngineImpl$DelegatedTask.run(SSLEngineImpl.java:1209) ~[?:?]
	at java.util.ArrayList.forEach(ArrayList.java:1511) ~[?:?]
	at jdk.internal.net.http.common.SSLFlowDelegate.lambda$executeTasks$3(SSLFlowDelegate.java:1132) ~[java.net.http:?]
	at jdk.internal.net.http.HttpClientImpl$DelegatingExecutor.execute(HttpClientImpl.java:158) ~[java.net.http:?]
	at jdk.internal.net.http.common.SSLFlowDelegate.executeTasks(SSLFlowDelegate.java:1127) ~[java.net.http:?]
	at jdk.internal.net.http.common.SSLFlowDelegate.doHandshake(SSLFlowDelegate.java:1093) ~[java.net.http:?]
	at jdk.internal.net.http.common.SSLFlowDelegate$Reader.processData(SSLFlowDelegate.java:498) ~[java.net.http:?]
	at jdk.internal.net.http.common.SSLFlowDelegate$Reader$ReaderDownstreamPusher.run(SSLFlowDelegate.java:282) ~[java.net.http:?]
	at jdk.internal.net.http.common.SequentialScheduler$LockingRestartableTask.run(SequentialScheduler.java:205) ~[java.net.http:?]
	at jdk.internal.net.http.common.SequentialScheduler$CompleteRestartableTask.run(SequentialScheduler.java:149) ~[java.net.http:?]
	at jdk.internal.net.http.common.SequentialScheduler$TryEndDeferredCompleter.complete(SequentialScheduler.java:347) ~[java.net.http:?]
	at jdk.internal.net.http.common.SequentialScheduler$CompleteRestartableTask.run(SequentialScheduler.java:151) ~[java.net.http:?]
	at jdk.internal.net.http.common.SequentialScheduler$SchedulableTask.run(SequentialScheduler.java:230) ~[java.net.http:?]
	at java.util.concurrent.ThreadPoolExecutor.runWorker(ThreadPoolExecutor.java:1136) ~[?:?]
	at java.util.concurrent.ThreadPoolExecutor$Worker.run(ThreadPoolExecutor.java:635) ~[?:?]
	at java.lang.Thread.run(Thread.java:840) ~[?:?]
Caused by: java.security.cert.CertificateExpiredException: NotAfter: Sat Sep 06 14:33:56 UTC 2025
	at sun.security.x509.CertificateValidity.valid(CertificateValidity.java:274) ~[?:?]
	at sun.security.x509.X509CertImpl.checkValidity(X509CertImpl.java:621) ~[?:?]
	at sun.security.provider.certpath.BasicChecker.verifyValidity(BasicChecker.java:190) ~[?:?]
	at sun.security.provider.certpath.BasicChecker.check(BasicChecker.java:144) ~[?:?]
	at sun.security.provider.certpath.PKIXMasterCertPathValidator.validate(PKIXMasterCertPathValidator.java:125) ~[?:?]
	at sun.security.provider.certpath.PKIXCertPathValidator.validate(PKIXCertPathValidator.java:224) ~[?:?]
	at sun.security.provider.certpath.PKIXCertPathValidator.validate(PKIXCertPathValidator.java:144) ~[?:?]
	at sun.security.provider.certpath.PKIXCertPathValidator.engineValidate(PKIXCertPathValidator.java:83) ~[?:?]
	at java.security.cert.CertPathValidator.validate(CertPathValidator.java:309) ~[?:?]
	at sun.security.validator.PKIXValidator.doValidate(PKIXValidator.java:364) ~[?:?]
	at sun.security.validator.PKIXValidator.engineValidate(PKIXValidator.java:275) ~[?:?]
	at sun.security.validator.Validator.validate(Validator.java:264) ~[?:?]
	at sun.security.ssl.X509TrustManagerImpl.checkTrusted(X509TrustManagerImpl.java:285) ~[?:?]
	at sun.security.ssl.X509TrustManagerImpl.checkServerTrusted(X509TrustManagerImpl.java:144) ~[?:?]
	at sun.security.ssl.CertificateMessage$T12CertificateConsumer.checkServerCerts(CertificateMessage.java:632) ~[?:?]
	at sun.security.ssl.CertificateMessage$T12CertificateConsumer.onCertificate(CertificateMessage.java:473) ~[?:?]
	at sun.security.ssl.CertificateMessage$T12CertificateConsumer.consume(CertificateMessage.java:369) ~[?:?]
	at sun.security.ssl.SSLHandshake.consume(SSLHandshake.java:396) ~[?:?]
	at sun.security.ssl.HandshakeContext.dispatch(HandshakeContext.java:480) ~[?:?]
	at sun.security.ssl.SSLEngineImpl$DelegatedTask$DelegatedAction.run(SSLEngineImpl.java:1277) ~[?:?]
	at sun.security.ssl.SSLEngineImpl$DelegatedTask$DelegatedAction.run(SSLEngineImpl.java:1264) ~[?:?]
	at java.security.AccessController.doPrivileged(AccessController.java:712) ~[?:?]
	at sun.security.ssl.SSLEngineImpl$DelegatedTask.run(SSLEngineImpl.java:1209) ~[?:?]
	at java.util.ArrayList.forEach(ArrayList.java:1511) ~[?:?]
	at jdk.internal.net.http.common.SSLFlowDelegate.lambda$executeTasks$3(SSLFlowDelegate.java:1132) ~[java.net.http:?]
	at jdk.internal.net.http.HttpClientImpl$DelegatingExecutor.execute(HttpClientImpl.java:158) ~[java.net.http:?]
	at jdk.internal.net.http.common.SSLFlowDelegate.executeTasks(SSLFlowDelegate.java:1127) ~[java.net.http:?]
	at jdk.internal.net.http.common.SSLFlowDelegate.doHandshake(SSLFlowDelegate.java:1093) ~[java.net.http:?]
	at jdk.internal.net.http.common.SSLFlowDelegate$Reader.processData(SSLFlowDelegate.java:498) ~[java.net.http:?]
	at jdk.internal.net.http.common.SSLFlowDelegate$Reader$ReaderDownstreamPusher.run(SSLFlowDelegate.java:282) ~[java.net.http:?]
	at jdk.internal.net.http.common.SequentialScheduler$LockingRestartableTask.run(SequentialScheduler.java:205) ~[java.net.http:?]
	at jdk.internal.net.http.common.SequentialScheduler$CompleteRestartableTask.run(SequentialScheduler.java:149) ~[java.net.http:?]
	at jdk.internal.net.http.common.SequentialScheduler$TryEndDeferredCompleter.complete(SequentialScheduler.java:347) ~[java.net.http:?]
	at jdk.internal.net.http.common.SequentialScheduler$CompleteRestartableTask.run(SequentialScheduler.java:151) ~[java.net.http:?]
	at jdk.internal.net.http.common.SequentialScheduler$SchedulableTask.run(SequentialScheduler.java:230) ~[java.net.http:?]
	at java.util.concurrent.ThreadPoolExecutor.runWorker(ThreadPoolExecutor.java:1136) ~[?:?]
	at java.util.concurrent.ThreadPoolExecutor$Worker.run(ThreadPoolExecutor.java:635) ~[?:?]
	at java.lang.Thread.run(Thread.java:840) ~[?:?]
[10Oct2025 00:15:55.106] [Forge Version Check/INFO] [net.minecraftforge.fml.VersionChecker/]: [collectorsreap] Starting version check at https://raw.githubusercontent.com/brnbrd/CollectorsReap/1.20.1/update.json
[10Oct2025 00:15:55.141] [Forge Version Check/INFO] [net.minecraftforge.fml.VersionChecker/]: [collectorsreap] Found status: OUTDATED Current: 1.3.4 Target: 1.4.1
[10Oct2025 00:15:58.615] [main/INFO] [com.mojang.authlib.yggdrasil.YggdrasilAuthenticationService/]: Environment: authHost='https://authserver.mojang.com', accountsHost='https://api.mojang.com', sessionHost='https://sessionserver.mojang.com', servicesHost='https://api.minecraftservices.com', name='PROD'
[10Oct2025 00:15:58.844] [main/ERROR] [net.minecraft.Util/]: Entity cataclysm_spellbooks:extended_laser_beam has no attributes
[10Oct2025 00:15:58.845] [main/ERROR] [net.minecraft.Util/]: Entity cataclysm_spellbooks:extended_death_laser_beam has no attributes
[10Oct2025 00:15:58.845] [main/ERROR] [net.minecraft.Util/]: Entity illageandspillage:bone has no attributes
[10Oct2025 00:15:58.845] [main/ERROR] [net.minecraft.Util/]: Entity illageandspillage:axe has no attributes
[10Oct2025 00:15:58.845] [main/ERROR] [net.minecraft.Util/]: Entity cataclysm_spellbooks:extended_laser_beam has no attributes
[10Oct2025 00:15:58.845] [main/ERROR] [net.minecraft.Util/]: Entity cataclysm_spellbooks:extended_death_laser_beam has no attributes
[10Oct2025 00:15:58.845] [main/ERROR] [net.minecraft.Util/]: Entity illageandspillage:bone has no attributes
[10Oct2025 00:15:58.845] [main/ERROR] [net.minecraft.Util/]: Entity illageandspillage:axe has no attributes
[10Oct2025 00:15:58.846] [main/ERROR] [net.minecraft.Util/]: Entity cataclysm_spellbooks:extended_laser_beam has no attributes
[10Oct2025 00:15:58.846] [main/ERROR] [net.minecraft.Util/]: Entity cataclysm_spellbooks:extended_death_laser_beam has no attributes
[10Oct2025 00:15:58.846] [main/ERROR] [net.minecraft.Util/]: Entity illageandspillage:bone has no attributes
[10Oct2025 00:15:58.846] [main/ERROR] [net.minecraft.Util/]: Entity illageandspillage:axe has no attributes
[10Oct2025 00:15:58.846] [main/ERROR] [net.minecraft.Util/]: Entity cataclysm_spellbooks:extended_laser_beam has no attributes
[10Oct2025 00:15:58.846] [main/ERROR] [net.minecraft.Util/]: Entity cataclysm_spellbooks:extended_death_laser_beam has no attributes
[10Oct2025 00:15:58.846] [main/ERROR] [net.minecraft.Util/]: Entity illageandspillage:bone has no attributes
[10Oct2025 00:15:58.846] [main/ERROR] [net.minecraft.Util/]: Entity illageandspillage:axe has no attributes
[10Oct2025 00:15:58.847] [main/ERROR] [net.minecraft.Util/]: Entity cataclysm_spellbooks:extended_laser_beam has no attributes
[10Oct2025 00:15:58.847] [main/ERROR] [net.minecraft.Util/]: Entity cataclysm_spellbooks:extended_death_laser_beam has no attributes
[10Oct2025 00:15:58.847] [main/ERROR] [net.minecraft.Util/]: Entity illageandspillage:bone has no attributes
[10Oct2025 00:15:58.847] [main/ERROR] [net.minecraft.Util/]: Entity illageandspillage:axe has no attributes
[10Oct2025 00:15:58.847] [main/ERROR] [net.minecraft.Util/]: Entity cataclysm_spellbooks:extended_laser_beam has no attributes
[10Oct2025 00:15:58.847] [main/ERROR] [net.minecraft.Util/]: Entity cataclysm_spellbooks:extended_death_laser_beam has no attributes
[10Oct2025 00:15:58.847] [main/ERROR] [net.minecraft.Util/]: Entity illageandspillage:bone has no attributes
[10Oct2025 00:15:58.847] [main/ERROR] [net.minecraft.Util/]: Entity illageandspillage:axe has no attributes
[10Oct2025 00:15:58.847] [main/ERROR] [net.minecraft.Util/]: Entity cataclysm_spellbooks:extended_laser_beam has no attributes
[10Oct2025 00:15:58.847] [main/ERROR] [net.minecraft.Util/]: Entity cataclysm_spellbooks:extended_death_laser_beam has no attributes
[10Oct2025 00:15:58.848] [main/ERROR] [net.minecraft.Util/]: Entity illageandspillage:bone has no attributes
[10Oct2025 00:15:58.848] [main/ERROR] [net.minecraft.Util/]: Entity illageandspillage:axe has no attributes
[10Oct2025 00:15:58.848] [main/ERROR] [net.minecraft.Util/]: Entity cataclysm_spellbooks:extended_laser_beam has no attributes
[10Oct2025 00:15:58.848] [main/ERROR] [net.minecraft.Util/]: Entity cataclysm_spellbooks:extended_death_laser_beam has no attributes
[10Oct2025 00:15:58.848] [main/ERROR] [net.minecraft.Util/]: Entity illageandspillage:bone has no attributes
[10Oct2025 00:15:58.848] [main/ERROR] [net.minecraft.Util/]: Entity illageandspillage:axe has no attributes
[10Oct2025 00:15:58.848] [main/ERROR] [net.minecraft.Util/]: Entity cataclysm_spellbooks:extended_laser_beam has no attributes
[10Oct2025 00:15:58.848] [main/ERROR] [net.minecraft.Util/]: Entity cataclysm_spellbooks:extended_death_laser_beam has no attributes
[10Oct2025 00:15:58.848] [main/ERROR] [net.minecraft.Util/]: Entity illageandspillage:bone has no attributes
[10Oct2025 00:15:58.849] [main/ERROR] [net.minecraft.Util/]: Entity illageandspillage:axe has no attributes
[10Oct2025 00:15:58.849] [main/ERROR] [net.minecraft.Util/]: Entity cataclysm_spellbooks:extended_laser_beam has no attributes
[10Oct2025 00:15:58.849] [main/ERROR] [net.minecraft.Util/]: Entity cataclysm_spellbooks:extended_death_laser_beam has no attributes
[10Oct2025 00:15:58.849] [main/ERROR] [net.minecraft.Util/]: Entity illageandspillage:bone has no attributes
[10Oct2025 00:15:58.849] [main/ERROR] [net.minecraft.Util/]: Entity illageandspillage:axe has no attributes
[10Oct2025 00:15:58.849] [main/ERROR] [net.minecraft.Util/]: Entity cataclysm_spellbooks:extended_laser_beam has no attributes
[10Oct2025 00:15:58.849] [main/ERROR] [net.minecraft.Util/]: Entity cataclysm_spellbooks:extended_death_laser_beam has no attributes
[10Oct2025 00:15:58.849] [main/ERROR] [net.minecraft.Util/]: Entity illageandspillage:bone has no attributes
[10Oct2025 00:15:58.849] [main/ERROR] [net.minecraft.Util/]: Entity illageandspillage:axe has no attributes
[10Oct2025 00:15:58.850] [main/ERROR] [net.minecraft.Util/]: Entity cataclysm_spellbooks:extended_laser_beam has no attributes
[10Oct2025 00:15:58.850] [main/ERROR] [net.minecraft.Util/]: Entity cataclysm_spellbooks:extended_death_laser_beam has no attributes
[10Oct2025 00:15:58.850] [main/ERROR] [net.minecraft.Util/]: Entity illageandspillage:bone has no attributes
[10Oct2025 00:15:58.850] [main/ERROR] [net.minecraft.Util/]: Entity illageandspillage:axe has no attributes
[10Oct2025 00:15:58.850] [main/ERROR] [net.minecraft.Util/]: Entity cataclysm_spellbooks:extended_laser_beam has no attributes
[10Oct2025 00:15:58.850] [main/ERROR] [net.minecraft.Util/]: Entity cataclysm_spellbooks:extended_death_laser_beam has no attributes
[10Oct2025 00:15:58.850] [main/ERROR] [net.minecraft.Util/]: Entity illageandspillage:bone has no attributes
[10Oct2025 00:15:58.850] [main/ERROR] [net.minecraft.Util/]: Entity illageandspillage:axe has no attributes
[10Oct2025 00:15:58.851] [main/ERROR] [net.minecraft.Util/]: Entity cataclysm_spellbooks:extended_laser_beam has no attributes
[10Oct2025 00:15:58.851] [main/ERROR] [net.minecraft.Util/]: Entity cataclysm_spellbooks:extended_death_laser_beam has no attributes
[10Oct2025 00:15:58.851] [main/ERROR] [net.minecraft.Util/]: Entity illageandspillage:bone has no attributes
[10Oct2025 00:15:58.851] [main/ERROR] [net.minecraft.Util/]: Entity illageandspillage:axe has no attributes
[10Oct2025 00:15:58.851] [main/ERROR] [net.minecraft.Util/]: Entity cataclysm_spellbooks:extended_laser_beam has no attributes
[10Oct2025 00:15:58.851] [main/ERROR] [net.minecraft.Util/]: Entity cataclysm_spellbooks:extended_death_laser_beam has no attributes
[10Oct2025 00:15:58.851] [main/ERROR] [net.minecraft.Util/]: Entity illageandspillage:bone has no attributes
[10Oct2025 00:15:58.851] [main/ERROR] [net.minecraft.Util/]: Entity illageandspillage:axe has no attributes
[10Oct2025 00:15:58.852] [main/ERROR] [net.minecraft.Util/]: Entity cataclysm_spellbooks:extended_laser_beam has no attributes
[10Oct2025 00:15:58.852] [main/ERROR] [net.minecraft.Util/]: Entity cataclysm_spellbooks:extended_death_laser_beam has no attributes
[10Oct2025 00:15:58.852] [main/ERROR] [net.minecraft.Util/]: Entity illageandspillage:bone has no attributes
[10Oct2025 00:15:58.852] [main/ERROR] [net.minecraft.Util/]: Entity illageandspillage:axe has no attributes
[10Oct2025 00:15:58.852] [main/ERROR] [net.minecraft.Util/]: Entity cataclysm_spellbooks:extended_laser_beam has no attributes
[10Oct2025 00:15:58.852] [main/ERROR] [net.minecraft.Util/]: Entity cataclysm_spellbooks:extended_death_laser_beam has no attributes
[10Oct2025 00:15:58.852] [main/ERROR] [net.minecraft.Util/]: Entity illageandspillage:bone has no attributes
[10Oct2025 00:15:58.852] [main/ERROR] [net.minecraft.Util/]: Entity illageandspillage:axe has no attributes
[10Oct2025 00:15:58.852] [main/ERROR] [net.minecraft.Util/]: Entity cataclysm_spellbooks:extended_laser_beam has no attributes
[10Oct2025 00:15:58.853] [main/ERROR] [net.minecraft.Util/]: Entity cataclysm_spellbooks:extended_death_laser_beam has no attributes
[10Oct2025 00:15:58.853] [main/ERROR] [net.minecraft.Util/]: Entity illageandspillage:bone has no attributes
[10Oct2025 00:15:58.853] [main/ERROR] [net.minecraft.Util/]: Entity illageandspillage:axe has no attributes
[10Oct2025 00:15:58.853] [main/ERROR] [net.minecraft.Util/]: Entity cataclysm_spellbooks:extended_laser_beam has no attributes
[10Oct2025 00:15:58.853] [main/ERROR] [net.minecraft.Util/]: Entity cataclysm_spellbooks:extended_death_laser_beam has no attributes
[10Oct2025 00:15:58.853] [main/ERROR] [net.minecraft.Util/]: Entity illageandspillage:bone has no attributes
[10Oct2025 00:15:58.853] [main/ERROR] [net.minecraft.Util/]: Entity illageandspillage:axe has no attributes
[10Oct2025 00:15:58.853] [main/ERROR] [net.minecraft.Util/]: Entity cataclysm_spellbooks:extended_laser_beam has no attributes
[10Oct2025 00:15:58.853] [main/ERROR] [net.minecraft.Util/]: Entity cataclysm_spellbooks:extended_death_laser_beam has no attributes
[10Oct2025 00:15:58.854] [main/ERROR] [net.minecraft.Util/]: Entity illageandspillage:bone has no attributes
[10Oct2025 00:15:58.854] [main/ERROR] [net.minecraft.Util/]: Entity illageandspillage:axe has no attributes
[10Oct2025 00:15:58.854] [main/ERROR] [net.minecraft.Util/]: Entity cataclysm_spellbooks:extended_laser_beam has no attributes
[10Oct2025 00:15:58.854] [main/ERROR] [net.minecraft.Util/]: Entity cataclysm_spellbooks:extended_death_laser_beam has no attributes
[10Oct2025 00:15:58.854] [main/ERROR] [net.minecraft.Util/]: Entity illageandspillage:bone has no attributes
[10Oct2025 00:15:58.854] [main/ERROR] [net.minecraft.Util/]: Entity illageandspillage:axe has no attributes
[10Oct2025 00:15:58.854] [main/ERROR] [net.minecraft.Util/]: Entity cataclysm_spellbooks:extended_laser_beam has no attributes
[10Oct2025 00:15:58.854] [main/ERROR] [net.minecraft.Util/]: Entity cataclysm_spellbooks:extended_death_laser_beam has no attributes
[10Oct2025 00:15:58.854] [main/ERROR] [net.minecraft.Util/]: Entity illageandspillage:bone has no attributes
[10Oct2025 00:15:58.854] [main/ERROR] [net.minecraft.Util/]: Entity illageandspillage:axe has no attributes
[10Oct2025 00:15:58.855] [main/ERROR] [net.minecraft.Util/]: Entity cataclysm_spellbooks:extended_laser_beam has no attributes
[10Oct2025 00:15:58.855] [main/ERROR] [net.minecraft.Util/]: Entity cataclysm_spellbooks:extended_death_laser_beam has no attributes
[10Oct2025 00:15:58.855] [main/ERROR] [net.minecraft.Util/]: Entity illageandspillage:bone has no attributes
[10Oct2025 00:15:58.855] [main/ERROR] [net.minecraft.Util/]: Entity illageandspillage:axe has no attributes
[10Oct2025 00:15:58.855] [main/ERROR] [net.minecraft.Util/]: Entity cataclysm_spellbooks:extended_laser_beam has no attributes
[10Oct2025 00:15:58.855] [main/ERROR] [net.minecraft.Util/]: Entity cataclysm_spellbooks:extended_death_laser_beam has no attributes
[10Oct2025 00:15:58.855] [main/ERROR] [net.minecraft.Util/]: Entity illageandspillage:bone has no attributes
[10Oct2025 00:15:58.855] [main/ERROR] [net.minecraft.Util/]: Entity illageandspillage:axe has no attributes
[10Oct2025 00:15:58.855] [main/ERROR] [net.minecraft.Util/]: Entity cataclysm_spellbooks:extended_laser_beam has no attributes
[10Oct2025 00:15:58.855] [main/ERROR] [net.minecraft.Util/]: Entity cataclysm_spellbooks:extended_death_laser_beam has no attributes
[10Oct2025 00:15:58.856] [main/ERROR] [net.minecraft.Util/]: Entity illageandspillage:bone has no attributes
[10Oct2025 00:15:58.856] [main/ERROR] [net.minecraft.Util/]: Entity illageandspillage:axe has no attributes
[10Oct2025 00:15:58.856] [main/ERROR] [net.minecraft.Util/]: Entity cataclysm_spellbooks:extended_laser_beam has no attributes
[10Oct2025 00:15:58.856] [main/ERROR] [net.minecraft.Util/]: Entity cataclysm_spellbooks:extended_death_laser_beam has no attributes
[10Oct2025 00:15:58.856] [main/ERROR] [net.minecraft.Util/]: Entity illageandspillage:bone has no attributes
[10Oct2025 00:15:58.856] [main/ERROR] [net.minecraft.Util/]: Entity illageandspillage:axe has no attributes
[10Oct2025 00:15:58.856] [main/ERROR] [net.minecraft.Util/]: Entity cataclysm_spellbooks:extended_laser_beam has no attributes
[10Oct2025 00:15:58.856] [main/ERROR] [net.minecraft.Util/]: Entity cataclysm_spellbooks:extended_death_laser_beam has no attributes
[10Oct2025 00:15:58.856] [main/ERROR] [net.minecraft.Util/]: Entity illageandspillage:bone has no attributes
[10Oct2025 00:15:58.856] [main/ERROR] [net.minecraft.Util/]: Entity illageandspillage:axe has no attributes
[10Oct2025 00:15:58.856] [main/ERROR] [net.minecraft.Util/]: Entity cataclysm_spellbooks:extended_laser_beam has no attributes
[10Oct2025 00:15:58.857] [main/ERROR] [net.minecraft.Util/]: Entity cataclysm_spellbooks:extended_death_laser_beam has no attributes
[10Oct2025 00:15:58.857] [main/ERROR] [net.minecraft.Util/]: Entity illageandspillage:bone has no attributes
[10Oct2025 00:15:58.857] [main/ERROR] [net.minecraft.Util/]: Entity illageandspillage:axe has no attributes
[10Oct2025 00:15:58.857] [main/ERROR] [net.minecraft.Util/]: Entity cataclysm_spellbooks:extended_laser_beam has no attributes
[10Oct2025 00:15:58.857] [main/ERROR] [net.minecraft.Util/]: Entity cataclysm_spellbooks:extended_death_laser_beam has no attributes
[10Oct2025 00:15:58.857] [main/ERROR] [net.minecraft.Util/]: Entity illageandspillage:bone has no attributes
[10Oct2025 00:15:58.857] [main/ERROR] [net.minecraft.Util/]: Entity illageandspillage:axe has no attributes
[10Oct2025 00:15:58.857] [main/ERROR] [net.minecraft.Util/]: Entity cataclysm_spellbooks:extended_laser_beam has no attributes
[10Oct2025 00:15:58.857] [main/ERROR] [net.minecraft.Util/]: Entity cataclysm_spellbooks:extended_death_laser_beam has no attributes
[10Oct2025 00:15:58.857] [main/ERROR] [net.minecraft.Util/]: Entity illageandspillage:bone has no attributes
[10Oct2025 00:15:58.857] [main/ERROR] [net.minecraft.Util/]: Entity illageandspillage:axe has no attributes
[10Oct2025 00:15:58.858] [main/ERROR] [net.minecraft.Util/]: Entity cataclysm_spellbooks:extended_laser_beam has no attributes
[10Oct2025 00:15:58.858] [main/ERROR] [net.minecraft.Util/]: Entity cataclysm_spellbooks:extended_death_laser_beam has no attributes
[10Oct2025 00:15:58.858] [main/ERROR] [net.minecraft.Util/]: Entity illageandspillage:bone has no attributes
[10Oct2025 00:15:58.858] [main/ERROR] [net.minecraft.Util/]: Entity illageandspillage:axe has no attributes
[10Oct2025 00:15:58.858] [main/ERROR] [net.minecraft.Util/]: Entity cataclysm_spellbooks:extended_laser_beam has no attributes
[10Oct2025 00:15:58.858] [main/ERROR] [net.minecraft.Util/]: Entity cataclysm_spellbooks:extended_death_laser_beam has no attributes
[10Oct2025 00:15:58.858] [main/ERROR] [net.minecraft.Util/]: Entity illageandspillage:bone has no attributes
[10Oct2025 00:15:58.858] [main/ERROR] [net.minecraft.Util/]: Entity illageandspillage:axe has no attributes
[10Oct2025 00:15:58.858] [main/ERROR] [net.minecraft.Util/]: Entity cataclysm_spellbooks:extended_laser_beam has no attributes
[10Oct2025 00:15:58.859] [main/ERROR] [net.minecraft.Util/]: Entity cataclysm_spellbooks:extended_death_laser_beam has no attributes
[10Oct2025 00:15:58.859] [main/ERROR] [net.minecraft.Util/]: Entity illageandspillage:bone has no attributes
[10Oct2025 00:15:58.859] [main/ERROR] [net.minecraft.Util/]: Entity illageandspillage:axe has no attributes
[10Oct2025 00:15:58.859] [main/ERROR] [net.minecraft.Util/]: Entity cataclysm_spellbooks:extended_laser_beam has no attributes
[10Oct2025 00:15:58.859] [main/ERROR] [net.minecraft.Util/]: Entity cataclysm_spellbooks:extended_death_laser_beam has no attributes
[10Oct2025 00:15:58.859] [main/ERROR] [net.minecraft.Util/]: Entity illageandspillage:bone has no attributes
[10Oct2025 00:15:58.859] [main/ERROR] [net.minecraft.Util/]: Entity illageandspillage:axe has no attributes
[10Oct2025 00:15:58.859] [main/ERROR] [net.minecraft.Util/]: Entity cataclysm_spellbooks:extended_laser_beam has no attributes
[10Oct2025 00:15:58.859] [main/ERROR] [net.minecraft.Util/]: Entity cataclysm_spellbooks:extended_death_laser_beam has no attributes
[10Oct2025 00:15:58.860] [main/ERROR] [net.minecraft.Util/]: Entity illageandspillage:bone has no attributes
[10Oct2025 00:15:58.860] [main/ERROR] [net.minecraft.Util/]: Entity illageandspillage:axe has no attributes
[10Oct2025 00:15:58.860] [main/ERROR] [net.minecraft.Util/]: Entity cataclysm_spellbooks:extended_laser_beam has no attributes
[10Oct2025 00:15:58.860] [main/ERROR] [net.minecraft.Util/]: Entity cataclysm_spellbooks:extended_death_laser_beam has no attributes
[10Oct2025 00:15:58.860] [main/ERROR] [net.minecraft.Util/]: Entity illageandspillage:bone has no attributes
[10Oct2025 00:15:58.860] [main/ERROR] [net.minecraft.Util/]: Entity illageandspillage:axe has no attributes
[10Oct2025 00:15:58.860] [main/ERROR] [net.minecraft.Util/]: Entity cataclysm_spellbooks:extended_laser_beam has no attributes
[10Oct2025 00:15:58.860] [main/ERROR] [net.minecraft.Util/]: Entity cataclysm_spellbooks:extended_death_laser_beam has no attributes
[10Oct2025 00:15:58.860] [main/ERROR] [net.minecraft.Util/]: Entity illageandspillage:bone has no attributes
[10Oct2025 00:15:58.861] [main/ERROR] [net.minecraft.Util/]: Entity illageandspillage:axe has no attributes
[10Oct2025 00:15:58.861] [main/ERROR] [net.minecraft.Util/]: Entity cataclysm_spellbooks:extended_laser_beam has no attributes
[10Oct2025 00:15:58.861] [main/ERROR] [net.minecraft.Util/]: Entity cataclysm_spellbooks:extended_death_laser_beam has no attributes
[10Oct2025 00:15:58.861] [main/ERROR] [net.minecraft.Util/]: Entity illageandspillage:bone has no attributes
[10Oct2025 00:15:58.861] [main/ERROR] [net.minecraft.Util/]: Entity illageandspillage:axe has no attributes
[10Oct2025 00:15:58.861] [main/ERROR] [net.minecraft.Util/]: Entity cataclysm_spellbooks:extended_laser_beam has no attributes
[10Oct2025 00:15:58.861] [main/ERROR] [net.minecraft.Util/]: Entity cataclysm_spellbooks:extended_death_laser_beam has no attributes
[10Oct2025 00:15:58.861] [main/ERROR] [net.minecraft.Util/]: Entity illageandspillage:bone has no attributes
[10Oct2025 00:15:58.861] [main/ERROR] [net.minecraft.Util/]: Entity illageandspillage:axe has no attributes
[10Oct2025 00:15:58.862] [main/ERROR] [net.minecraft.Util/]: Entity cataclysm_spellbooks:extended_laser_beam has no attributes
[10Oct2025 00:15:58.862] [main/ERROR] [net.minecraft.Util/]: Entity cataclysm_spellbooks:extended_death_laser_beam has no attributes
[10Oct2025 00:15:58.862] [main/ERROR] [net.minecraft.Util/]: Entity illageandspillage:bone has no attributes
[10Oct2025 00:15:58.862] [main/ERROR] [net.minecraft.Util/]: Entity illageandspillage:axe has no attributes
[10Oct2025 00:15:58.862] [main/ERROR] [net.minecraft.Util/]: Entity cataclysm_spellbooks:extended_laser_beam has no attributes
[10Oct2025 00:15:58.862] [main/ERROR] [net.minecraft.Util/]: Entity cataclysm_spellbooks:extended_death_laser_beam has no attributes
[10Oct2025 00:15:58.862] [main/ERROR] [net.minecraft.Util/]: Entity illageandspillage:bone has no attributes
[10Oct2025 00:15:58.862] [main/ERROR] [net.minecraft.Util/]: Entity illageandspillage:axe has no attributes
[10Oct2025 00:15:58.863] [main/ERROR] [net.minecraft.Util/]: Entity cataclysm_spellbooks:extended_laser_beam has no attributes
[10Oct2025 00:15:58.863] [main/ERROR] [net.minecraft.Util/]: Entity cataclysm_spellbooks:extended_death_laser_beam has no attributes
[10Oct2025 00:15:58.863] [main/ERROR] [net.minecraft.Util/]: Entity illageandspillage:bone has no attributes
[10Oct2025 00:15:58.863] [main/ERROR] [net.minecraft.Util/]: Entity illageandspillage:axe has no attributes
[10Oct2025 00:15:58.863] [main/ERROR] [net.minecraft.Util/]: Entity cataclysm_spellbooks:extended_laser_beam has no attributes
[10Oct2025 00:15:58.863] [main/ERROR] [net.minecraft.Util/]: Entity cataclysm_spellbooks:extended_death_laser_beam has no attributes
[10Oct2025 00:15:58.863] [main/ERROR] [net.minecraft.Util/]: Entity illageandspillage:bone has no attributes
[10Oct2025 00:15:58.863] [main/ERROR] [net.minecraft.Util/]: Entity illageandspillage:axe has no attributes
[10Oct2025 00:15:58.864] [main/ERROR] [net.minecraft.Util/]: Entity cataclysm_spellbooks:extended_laser_beam has no attributes
[10Oct2025 00:15:58.864] [main/ERROR] [net.minecraft.Util/]: Entity cataclysm_spellbooks:extended_death_laser_beam has no attributes
[10Oct2025 00:15:58.864] [main/ERROR] [net.minecraft.Util/]: Entity illageandspillage:bone has no attributes
[10Oct2025 00:15:58.864] [main/ERROR] [net.minecraft.Util/]: Entity illageandspillage:axe has no attributes
[10Oct2025 00:15:58.864] [main/ERROR] [net.minecraft.Util/]: Entity cataclysm_spellbooks:extended_laser_beam has no attributes
[10Oct2025 00:15:58.864] [main/ERROR] [net.minecraft.Util/]: Entity cataclysm_spellbooks:extended_death_laser_beam has no attributes
[10Oct2025 00:15:58.864] [main/ERROR] [net.minecraft.Util/]: Entity illageandspillage:bone has no attributes
[10Oct2025 00:15:58.864] [main/ERROR] [net.minecraft.Util/]: Entity illageandspillage:axe has no attributes
[10Oct2025 00:15:58.864] [main/ERROR] [net.minecraft.Util/]: Entity cataclysm_spellbooks:extended_laser_beam has no attributes
[10Oct2025 00:15:58.864] [main/ERROR] [net.minecraft.Util/]: Entity cataclysm_spellbooks:extended_death_laser_beam has no attributes
[10Oct2025 00:15:58.865] [main/ERROR] [net.minecraft.Util/]: Entity illageandspillage:bone has no attributes
[10Oct2025 00:15:58.865] [main/ERROR] [net.minecraft.Util/]: Entity illageandspillage:axe has no attributes
[10Oct2025 00:15:58.865] [main/ERROR] [net.minecraft.Util/]: Entity cataclysm_spellbooks:extended_laser_beam has no attributes
[10Oct2025 00:15:58.865] [main/ERROR] [net.minecraft.Util/]: Entity cataclysm_spellbooks:extended_death_laser_beam has no attributes
[10Oct2025 00:15:58.865] [main/ERROR] [net.minecraft.Util/]: Entity illageandspillage:bone has no attributes
[10Oct2025 00:15:58.865] [main/ERROR] [net.minecraft.Util/]: Entity illageandspillage:axe has no attributes
[10Oct2025 00:15:58.865] [main/ERROR] [net.minecraft.Util/]: Entity cataclysm_spellbooks:extended_laser_beam has no attributes
[10Oct2025 00:15:58.865] [main/ERROR] [net.minecraft.Util/]: Entity cataclysm_spellbooks:extended_death_laser_beam has no attributes
[10Oct2025 00:15:58.865] [main/ERROR] [net.minecraft.Util/]: Entity illageandspillage:bone has no attributes
[10Oct2025 00:15:58.865] [main/ERROR] [net.minecraft.Util/]: Entity illageandspillage:axe has no attributes
[10Oct2025 00:15:58.866] [main/ERROR] [net.minecraft.Util/]: Entity cataclysm_spellbooks:extended_laser_beam has no attributes
[10Oct2025 00:15:58.866] [main/ERROR] [net.minecraft.Util/]: Entity cataclysm_spellbooks:extended_death_laser_beam has no attributes
[10Oct2025 00:15:58.866] [main/ERROR] [net.minecraft.Util/]: Entity illageandspillage:bone has no attributes
[10Oct2025 00:15:58.866] [main/ERROR] [net.minecraft.Util/]: Entity illageandspillage:axe has no attributes
[10Oct2025 00:15:58.866] [main/ERROR] [net.minecraft.Util/]: Entity cataclysm_spellbooks:extended_laser_beam has no attributes
[10Oct2025 00:15:58.866] [main/ERROR] [net.minecraft.Util/]: Entity cataclysm_spellbooks:extended_death_laser_beam has no attributes
[10Oct2025 00:15:58.866] [main/ERROR] [net.minecraft.Util/]: Entity illageandspillage:bone has no attributes
[10Oct2025 00:15:58.866] [main/ERROR] [net.minecraft.Util/]: Entity illageandspillage:axe has no attributes
[10Oct2025 00:15:58.867] [main/ERROR] [net.minecraft.Util/]: Entity cataclysm_spellbooks:extended_laser_beam has no attributes
[10Oct2025 00:15:58.867] [main/ERROR] [net.minecraft.Util/]: Entity cataclysm_spellbooks:extended_death_laser_beam has no attributes
[10Oct2025 00:15:58.867] [main/ERROR] [net.minecraft.Util/]: Entity illageandspillage:bone has no attributes
[10Oct2025 00:15:58.867] [main/ERROR] [net.minecraft.Util/]: Entity illageandspillage:axe has no attributes
[10Oct2025 00:15:58.867] [main/ERROR] [net.minecraft.Util/]: Entity cataclysm_spellbooks:extended_laser_beam has no attributes
[10Oct2025 00:15:58.867] [main/ERROR] [net.minecraft.Util/]: Entity cataclysm_spellbooks:extended_death_laser_beam has no attributes
[10Oct2025 00:15:58.867] [main/ERROR] [net.minecraft.Util/]: Entity illageandspillage:bone has no attributes
[10Oct2025 00:15:58.867] [main/ERROR] [net.minecraft.Util/]: Entity illageandspillage:axe has no attributes
[10Oct2025 00:15:58.867] [main/ERROR] [net.minecraft.Util/]: Entity cataclysm_spellbooks:extended_laser_beam has no attributes
[10Oct2025 00:15:58.867] [main/ERROR] [net.minecraft.Util/]: Entity cataclysm_spellbooks:extended_death_laser_beam has no attributes
[10Oct2025 00:15:58.867] [main/ERROR] [net.minecraft.Util/]: Entity illageandspillage:bone has no attributes
[10Oct2025 00:15:58.868] [main/ERROR] [net.minecraft.Util/]: Entity illageandspillage:axe has no attributes
[10Oct2025 00:15:58.868] [main/ERROR] [net.minecraft.Util/]: Entity cataclysm_spellbooks:extended_laser_beam has no attributes
[10Oct2025 00:15:58.868] [main/ERROR] [net.minecraft.Util/]: Entity cataclysm_spellbooks:extended_death_laser_beam has no attributes
[10Oct2025 00:15:58.868] [main/ERROR] [net.minecraft.Util/]: Entity illageandspillage:bone has no attributes
[10Oct2025 00:15:58.868] [main/ERROR] [net.minecraft.Util/]: Entity illageandspillage:axe has no attributes
[10Oct2025 00:15:58.868] [main/ERROR] [net.minecraft.Util/]: Entity cataclysm_spellbooks:extended_laser_beam has no attributes
[10Oct2025 00:15:58.868] [main/ERROR] [net.minecraft.Util/]: Entity cataclysm_spellbooks:extended_death_laser_beam has no attributes
[10Oct2025 00:15:58.868] [main/ERROR] [net.minecraft.Util/]: Entity illageandspillage:bone has no attributes
[10Oct2025 00:15:58.868] [main/ERROR] [net.minecraft.Util/]: Entity illageandspillage:axe has no attributes
[10Oct2025 00:15:58.869] [main/ERROR] [net.minecraft.Util/]: Entity cataclysm_spellbooks:extended_laser_beam has no attributes
[10Oct2025 00:15:58.869] [main/ERROR] [net.minecraft.Util/]: Entity cataclysm_spellbooks:extended_death_laser_beam has no attributes
[10Oct2025 00:15:58.869] [main/ERROR] [net.minecraft.Util/]: Entity illageandspillage:bone has no attributes
[10Oct2025 00:15:58.869] [main/ERROR] [net.minecraft.Util/]: Entity illageandspillage:axe has no attributes
[10Oct2025 00:15:58.869] [main/ERROR] [net.minecraft.Util/]: Entity cataclysm_spellbooks:extended_laser_beam has no attributes
[10Oct2025 00:15:58.869] [main/ERROR] [net.minecraft.Util/]: Entity cataclysm_spellbooks:extended_death_laser_beam has no attributes
[10Oct2025 00:15:58.869] [main/ERROR] [net.minecraft.Util/]: Entity illageandspillage:bone has no attributes
[10Oct2025 00:15:58.869] [main/ERROR] [net.minecraft.Util/]: Entity illageandspillage:axe has no attributes
[10Oct2025 00:15:58.869] [main/ERROR] [net.minecraft.Util/]: Entity cataclysm_spellbooks:extended_laser_beam has no attributes
[10Oct2025 00:15:58.869] [main/ERROR] [net.minecraft.Util/]: Entity cataclysm_spellbooks:extended_death_laser_beam has no attributes
[10Oct2025 00:15:58.870] [main/ERROR] [net.minecraft.Util/]: Entity illageandspillage:bone has no attributes
[10Oct2025 00:15:58.870] [main/ERROR] [net.minecraft.Util/]: Entity illageandspillage:axe has no attributes
[10Oct2025 00:15:58.870] [main/ERROR] [net.minecraft.Util/]: Entity cataclysm_spellbooks:extended_laser_beam has no attributes
[10Oct2025 00:15:58.870] [main/ERROR] [net.minecraft.Util/]: Entity cataclysm_spellbooks:extended_death_laser_beam has no attributes
[10Oct2025 00:15:58.870] [main/ERROR] [net.minecraft.Util/]: Entity illageandspillage:bone has no attributes
[10Oct2025 00:15:58.870] [main/ERROR] [net.minecraft.Util/]: Entity illageandspillage:axe has no attributes
[10Oct2025 00:15:58.870] [main/ERROR] [net.minecraft.Util/]: Entity cataclysm_spellbooks:extended_laser_beam has no attributes
[10Oct2025 00:15:58.870] [main/ERROR] [net.minecraft.Util/]: Entity cataclysm_spellbooks:extended_death_laser_beam has no attributes
[10Oct2025 00:15:58.870] [main/ERROR] [net.minecraft.Util/]: Entity illageandspillage:bone has no attributes
[10Oct2025 00:15:58.871] [main/ERROR] [net.minecraft.Util/]: Entity illageandspillage:axe has no attributes
[10Oct2025 00:15:58.871] [main/ERROR] [net.minecraft.Util/]: Entity cataclysm_spellbooks:extended_laser_beam has no attributes
[10Oct2025 00:15:58.871] [main/ERROR] [net.minecraft.Util/]: Entity cataclysm_spellbooks:extended_death_laser_beam has no attributes
[10Oct2025 00:15:58.871] [main/ERROR] [net.minecraft.Util/]: Entity illageandspillage:bone has no attributes
[10Oct2025 00:15:58.871] [main/ERROR] [net.minecraft.Util/]: Entity illageandspillage:axe has no attributes
[10Oct2025 00:15:58.871] [main/ERROR] [net.minecraft.Util/]: Entity cataclysm_spellbooks:extended_laser_beam has no attributes
[10Oct2025 00:15:58.871] [main/ERROR] [net.minecraft.Util/]: Entity cataclysm_spellbooks:extended_death_laser_beam has no attributes
[10Oct2025 00:15:58.871] [main/ERROR] [net.minecraft.Util/]: Entity illageandspillage:bone has no attributes
[10Oct2025 00:15:58.871] [main/ERROR] [net.minecraft.Util/]: Entity illageandspillage:axe has no attributes
[10Oct2025 00:15:58.872] [main/ERROR] [net.minecraft.Util/]: Entity cataclysm_spellbooks:extended_laser_beam has no attributes
[10Oct2025 00:15:58.872] [main/ERROR] [net.minecraft.Util/]: Entity cataclysm_spellbooks:extended_death_laser_beam has no attributes
[10Oct2025 00:15:58.872] [main/ERROR] [net.minecraft.Util/]: Entity illageandspillage:bone has no attributes
[10Oct2025 00:15:58.872] [main/ERROR] [net.minecraft.Util/]: Entity illageandspillage:axe has no attributes
[10Oct2025 00:15:58.872] [main/ERROR] [net.minecraft.Util/]: Entity cataclysm_spellbooks:extended_laser_beam has no attributes
[10Oct2025 00:15:58.872] [main/ERROR] [net.minecraft.Util/]: Entity cataclysm_spellbooks:extended_death_laser_beam has no attributes
[10Oct2025 00:15:58.872] [main/ERROR] [net.minecraft.Util/]: Entity illageandspillage:bone has no attributes
[10Oct2025 00:15:58.872] [main/ERROR] [net.minecraft.Util/]: Entity illageandspillage:axe has no attributes
[10Oct2025 00:15:58.872] [main/ERROR] [net.minecraft.Util/]: Entity cataclysm_spellbooks:extended_laser_beam has no attributes
[10Oct2025 00:15:58.872] [main/ERROR] [net.minecraft.Util/]: Entity cataclysm_spellbooks:extended_death_laser_beam has no attributes
[10Oct2025 00:15:58.873] [main/ERROR] [net.minecraft.Util/]: Entity illageandspillage:bone has no attributes
[10Oct2025 00:15:58.873] [main/ERROR] [net.minecraft.Util/]: Entity illageandspillage:axe has no attributes
[10Oct2025 00:15:58.873] [main/ERROR] [net.minecraft.Util/]: Entity cataclysm_spellbooks:extended_laser_beam has no attributes
[10Oct2025 00:15:58.873] [main/ERROR] [net.minecraft.Util/]: Entity cataclysm_spellbooks:extended_death_laser_beam has no attributes
[10Oct2025 00:15:58.873] [main/ERROR] [net.minecraft.Util/]: Entity illageandspillage:bone has no attributes
[10Oct2025 00:15:58.873] [main/ERROR] [net.minecraft.Util/]: Entity illageandspillage:axe has no attributes
[10Oct2025 00:15:58.873] [main/ERROR] [net.minecraft.Util/]: Entity cataclysm_spellbooks:extended_laser_beam has no attributes
[10Oct2025 00:15:58.873] [main/ERROR] [net.minecraft.Util/]: Entity cataclysm_spellbooks:extended_death_laser_beam has no attributes
[10Oct2025 00:15:58.873] [main/ERROR] [net.minecraft.Util/]: Entity illageandspillage:bone has no attributes
[10Oct2025 00:15:58.873] [main/ERROR] [net.minecraft.Util/]: Entity illageandspillage:axe has no attributes
[10Oct2025 00:15:58.874] [main/ERROR] [net.minecraft.Util/]: Entity cataclysm_spellbooks:extended_laser_beam has no attributes
[10Oct2025 00:15:58.874] [main/ERROR] [net.minecraft.Util/]: Entity cataclysm_spellbooks:extended_death_laser_beam has no attributes
[10Oct2025 00:15:58.874] [main/ERROR] [net.minecraft.Util/]: Entity illageandspillage:bone has no attributes
[10Oct2025 00:15:58.874] [main/ERROR] [net.minecraft.Util/]: Entity illageandspillage:axe has no attributes
[10Oct2025 00:15:58.874] [main/ERROR] [net.minecraft.Util/]: Entity cataclysm_spellbooks:extended_laser_beam has no attributes
[10Oct2025 00:15:58.874] [main/ERROR] [net.minecraft.Util/]: Entity cataclysm_spellbooks:extended_death_laser_beam has no attributes
[10Oct2025 00:15:58.874] [main/ERROR] [net.minecraft.Util/]: Entity illageandspillage:bone has no attributes
[10Oct2025 00:15:58.874] [main/ERROR] [net.minecraft.Util/]: Entity illageandspillage:axe has no attributes
[10Oct2025 00:15:58.875] [main/ERROR] [net.minecraft.Util/]: Entity cataclysm_spellbooks:extended_laser_beam has no attributes
[10Oct2025 00:15:58.875] [main/ERROR] [net.minecraft.Util/]: Entity cataclysm_spellbooks:extended_death_laser_beam has no attributes
[10Oct2025 00:15:58.875] [main/ERROR] [net.minecraft.Util/]: Entity illageandspillage:bone has no attributes
[10Oct2025 00:15:58.875] [main/ERROR] [net.minecraft.Util/]: Entity illageandspillage:axe has no attributes
[10Oct2025 00:15:58.875] [main/ERROR] [net.minecraft.Util/]: Entity cataclysm_spellbooks:extended_laser_beam has no attributes
[10Oct2025 00:15:58.875] [main/ERROR] [net.minecraft.Util/]: Entity cataclysm_spellbooks:extended_death_laser_beam has no attributes
[10Oct2025 00:15:58.875] [main/ERROR] [net.minecraft.Util/]: Entity illageandspillage:bone has no attributes
[10Oct2025 00:15:58.875] [main/ERROR] [net.minecraft.Util/]: Entity illageandspillage:axe has no attributes
[10Oct2025 00:15:58.875] [main/ERROR] [net.minecraft.Util/]: Entity cataclysm_spellbooks:extended_laser_beam has no attributes
[10Oct2025 00:15:58.875] [main/ERROR] [net.minecraft.Util/]: Entity cataclysm_spellbooks:extended_death_laser_beam has no attributes
[10Oct2025 00:15:58.876] [main/ERROR] [net.minecraft.Util/]: Entity illageandspillage:bone has no attributes
[10Oct2025 00:15:58.876] [main/ERROR] [net.minecraft.Util/]: Entity illageandspillage:axe has no attributes
[10Oct2025 00:15:58.876] [main/ERROR] [net.minecraft.Util/]: Entity cataclysm_spellbooks:extended_laser_beam has no attributes
[10Oct2025 00:15:58.876] [main/ERROR] [net.minecraft.Util/]: Entity cataclysm_spellbooks:extended_death_laser_beam has no attributes
[10Oct2025 00:15:58.876] [main/ERROR] [net.minecraft.Util/]: Entity illageandspillage:bone has no attributes
[10Oct2025 00:15:58.876] [main/ERROR] [net.minecraft.Util/]: Entity illageandspillage:axe has no attributes
[10Oct2025 00:15:58.876] [main/ERROR] [net.minecraft.Util/]: Entity cataclysm_spellbooks:extended_laser_beam has no attributes
[10Oct2025 00:15:58.876] [main/ERROR] [net.minecraft.Util/]: Entity cataclysm_spellbooks:extended_death_laser_beam has no attributes
[10Oct2025 00:15:58.876] [main/ERROR] [net.minecraft.Util/]: Entity illageandspillage:bone has no attributes
[10Oct2025 00:15:58.876] [main/ERROR] [net.minecraft.Util/]: Entity illageandspillage:axe has no attributes
[10Oct2025 00:15:58.877] [main/ERROR] [net.minecraft.Util/]: Entity cataclysm_spellbooks:extended_laser_beam has no attributes
[10Oct2025 00:15:58.877] [main/ERROR] [net.minecraft.Util/]: Entity cataclysm_spellbooks:extended_death_laser_beam has no attributes
[10Oct2025 00:15:58.877] [main/ERROR] [net.minecraft.Util/]: Entity illageandspillage:bone has no attributes
[10Oct2025 00:15:58.877] [main/ERROR] [net.minecraft.Util/]: Entity illageandspillage:axe has no attributes
[10Oct2025 00:15:58.877] [main/ERROR] [net.minecraft.Util/]: Entity cataclysm_spellbooks:extended_laser_beam has no attributes
[10Oct2025 00:15:58.877] [main/ERROR] [net.minecraft.Util/]: Entity cataclysm_spellbooks:extended_death_laser_beam has no attributes
[10Oct2025 00:15:58.877] [main/ERROR] [net.minecraft.Util/]: Entity illageandspillage:bone has no attributes
[10Oct2025 00:15:58.877] [main/ERROR] [net.minecraft.Util/]: Entity illageandspillage:axe has no attributes
[10Oct2025 00:15:58.878] [main/ERROR] [net.minecraft.Util/]: Entity cataclysm_spellbooks:extended_laser_beam has no attributes
[10Oct2025 00:15:58.878] [main/ERROR] [net.minecraft.Util/]: Entity cataclysm_spellbooks:extended_death_laser_beam has no attributes
[10Oct2025 00:15:58.878] [main/ERROR] [net.minecraft.Util/]: Entity illageandspillage:bone has no attributes
[10Oct2025 00:15:58.878] [main/ERROR] [net.minecraft.Util/]: Entity illageandspillage:axe has no attributes
[10Oct2025 00:15:58.878] [main/ERROR] [net.minecraft.Util/]: Entity cataclysm_spellbooks:extended_laser_beam has no attributes
[10Oct2025 00:15:58.878] [main/ERROR] [net.minecraft.Util/]: Entity cataclysm_spellbooks:extended_death_laser_beam has no attributes
[10Oct2025 00:15:58.878] [main/ERROR] [net.minecraft.Util/]: Entity illageandspillage:bone has no attributes
[10Oct2025 00:15:58.878] [main/ERROR] [net.minecraft.Util/]: Entity illageandspillage:axe has no attributes
[10Oct2025 00:15:58.878] [main/ERROR] [net.minecraft.Util/]: Entity cataclysm_spellbooks:extended_laser_beam has no attributes
[10Oct2025 00:15:58.878] [main/ERROR] [net.minecraft.Util/]: Entity cataclysm_spellbooks:extended_death_laser_beam has no attributes
[10Oct2025 00:15:58.878] [main/ERROR] [net.minecraft.Util/]: Entity illageandspillage:bone has no attributes
[10Oct2025 00:15:58.879] [main/ERROR] [net.minecraft.Util/]: Entity illageandspillage:axe has no attributes
[10Oct2025 00:15:58.879] [main/ERROR] [net.minecraft.Util/]: Entity cataclysm_spellbooks:extended_laser_beam has no attributes
[10Oct2025 00:15:58.879] [main/ERROR] [net.minecraft.Util/]: Entity cataclysm_spellbooks:extended_death_laser_beam has no attributes
[10Oct2025 00:15:58.879] [main/ERROR] [net.minecraft.Util/]: Entity illageandspillage:bone has no attributes
[10Oct2025 00:15:58.879] [main/ERROR] [net.minecraft.Util/]: Entity illageandspillage:axe has no attributes
[10Oct2025 00:15:58.879] [main/ERROR] [net.minecraft.Util/]: Entity cataclysm_spellbooks:extended_laser_beam has no attributes
[10Oct2025 00:15:58.879] [main/ERROR] [net.minecraft.Util/]: Entity cataclysm_spellbooks:extended_death_laser_beam has no attributes
[10Oct2025 00:15:58.879] [main/ERROR] [net.minecraft.Util/]: Entity illageandspillage:bone has no attributes
[10Oct2025 00:15:58.879] [main/ERROR] [net.minecraft.Util/]: Entity illageandspillage:axe has no attributes
[10Oct2025 00:15:58.880] [main/ERROR] [net.minecraft.Util/]: Entity cataclysm_spellbooks:extended_laser_beam has no attributes
[10Oct2025 00:15:58.880] [main/ERROR] [net.minecraft.Util/]: Entity cataclysm_spellbooks:extended_death_laser_beam has no attributes
[10Oct2025 00:15:58.880] [main/ERROR] [net.minecraft.Util/]: Entity illageandspillage:bone has no attributes
[10Oct2025 00:15:58.880] [main/ERROR] [net.minecraft.Util/]: Entity illageandspillage:axe has no attributes
[10Oct2025 00:15:58.882] [main/ERROR] [net.minecraft.Util/]: Entity cataclysm_spellbooks:extended_laser_beam has no attributes
[10Oct2025 00:15:58.882] [main/ERROR] [net.minecraft.Util/]: Entity cataclysm_spellbooks:extended_death_laser_beam has no attributes
[10Oct2025 00:15:58.882] [main/ERROR] [net.minecraft.Util/]: Entity illageandspillage:bone has no attributes
[10Oct2025 00:15:58.883] [main/ERROR] [net.minecraft.Util/]: Entity illageandspillage:axe has no attributes
[10Oct2025 00:15:58.883] [main/ERROR] [net.minecraft.Util/]: Entity cataclysm_spellbooks:extended_laser_beam has no attributes
[10Oct2025 00:15:58.883] [main/ERROR] [net.minecraft.Util/]: Entity cataclysm_spellbooks:extended_death_laser_beam has no attributes
[10Oct2025 00:15:58.883] [main/ERROR] [net.minecraft.Util/]: Entity illageandspillage:bone has no attributes
[10Oct2025 00:15:58.883] [main/ERROR] [net.minecraft.Util/]: Entity illageandspillage:axe has no attributes
[10Oct2025 00:15:58.883] [main/ERROR] [net.minecraft.Util/]: Entity cataclysm_spellbooks:extended_laser_beam has no attributes
[10Oct2025 00:15:58.883] [main/ERROR] [net.minecraft.Util/]: Entity cataclysm_spellbooks:extended_death_laser_beam has no attributes
[10Oct2025 00:15:58.883] [main/ERROR] [net.minecraft.Util/]: Entity illageandspillage:bone has no attributes
[10Oct2025 00:15:58.883] [main/ERROR] [net.minecraft.Util/]: Entity illageandspillage:axe has no attributes
[10Oct2025 00:15:58.884] [main/ERROR] [net.minecraft.Util/]: Entity cataclysm_spellbooks:extended_laser_beam has no attributes
[10Oct2025 00:15:58.884] [main/ERROR] [net.minecraft.Util/]: Entity cataclysm_spellbooks:extended_death_laser_beam has no attributes
[10Oct2025 00:15:58.884] [main/ERROR] [net.minecraft.Util/]: Entity illageandspillage:bone has no attributes
[10Oct2025 00:15:58.884] [main/ERROR] [net.minecraft.Util/]: Entity illageandspillage:axe has no attributes
[10Oct2025 00:15:58.884] [main/ERROR] [net.minecraft.Util/]: Entity cataclysm_spellbooks:extended_laser_beam has no attributes
[10Oct2025 00:15:58.884] [main/ERROR] [net.minecraft.Util/]: Entity cataclysm_spellbooks:extended_death_laser_beam has no attributes
[10Oct2025 00:15:58.884] [main/ERROR] [net.minecraft.Util/]: Entity illageandspillage:bone has no attributes
[10Oct2025 00:15:58.884] [main/ERROR] [net.minecraft.Util/]: Entity illageandspillage:axe has no attributes
[10Oct2025 00:15:58.885] [main/ERROR] [net.minecraft.Util/]: Entity cataclysm_spellbooks:extended_laser_beam has no attributes
[10Oct2025 00:15:58.885] [main/ERROR] [net.minecraft.Util/]: Entity cataclysm_spellbooks:extended_death_laser_beam has no attributes
[10Oct2025 00:15:58.885] [main/ERROR] [net.minecraft.Util/]: Entity illageandspillage:bone has no attributes
[10Oct2025 00:15:58.885] [main/ERROR] [net.minecraft.Util/]: Entity illageandspillage:axe has no attributes
[10Oct2025 00:15:58.885] [main/ERROR] [net.minecraft.Util/]: Entity cataclysm_spellbooks:extended_laser_beam has no attributes
[10Oct2025 00:15:58.885] [main/ERROR] [net.minecraft.Util/]: Entity cataclysm_spellbooks:extended_death_laser_beam has no attributes
[10Oct2025 00:15:58.885] [main/ERROR] [net.minecraft.Util/]: Entity illageandspillage:bone has no attributes
[10Oct2025 00:15:58.885] [main/ERROR] [net.minecraft.Util/]: Entity illageandspillage:axe has no attributes
[10Oct2025 00:15:58.885] [main/ERROR] [net.minecraft.Util/]: Entity cataclysm_spellbooks:extended_laser_beam has no attributes
[10Oct2025 00:15:58.886] [main/ERROR] [net.minecraft.Util/]: Entity cataclysm_spellbooks:extended_death_laser_beam has no attributes
[10Oct2025 00:15:58.886] [main/ERROR] [net.minecraft.Util/]: Entity illageandspillage:bone has no attributes
[10Oct2025 00:15:58.886] [main/ERROR] [net.minecraft.Util/]: Entity illageandspillage:axe has no attributes
[10Oct2025 00:15:58.886] [main/ERROR] [net.minecraft.Util/]: Entity cataclysm_spellbooks:extended_laser_beam has no attributes
[10Oct2025 00:15:58.886] [main/ERROR] [net.minecraft.Util/]: Entity cataclysm_spellbooks:extended_death_laser_beam has no attributes
[10Oct2025 00:15:58.886] [main/ERROR] [net.minecraft.Util/]: Entity illageandspillage:bone has no attributes
[10Oct2025 00:15:58.886] [main/ERROR] [net.minecraft.Util/]: Entity illageandspillage:axe has no attributes
[10Oct2025 00:15:58.886] [main/ERROR] [net.minecraft.Util/]: Entity cataclysm_spellbooks:extended_laser_beam has no attributes
[10Oct2025 00:15:58.886] [main/ERROR] [net.minecraft.Util/]: Entity cataclysm_spellbooks:extended_death_laser_beam has no attributes
[10Oct2025 00:15:58.887] [main/ERROR] [net.minecraft.Util/]: Entity illageandspillage:bone has no attributes
[10Oct2025 00:15:58.887] [main/ERROR] [net.minecraft.Util/]: Entity illageandspillage:axe has no attributes
[10Oct2025 00:15:58.887] [main/ERROR] [net.minecraft.Util/]: Entity cataclysm_spellbooks:extended_laser_beam has no attributes
[10Oct2025 00:15:58.887] [main/ERROR] [net.minecraft.Util/]: Entity cataclysm_spellbooks:extended_death_laser_beam has no attributes
[10Oct2025 00:15:58.887] [main/ERROR] [net.minecraft.Util/]: Entity illageandspillage:bone has no attributes
[10Oct2025 00:15:58.887] [main/ERROR] [net.minecraft.Util/]: Entity illageandspillage:axe has no attributes
[10Oct2025 00:15:58.887] [main/ERROR] [net.minecraft.Util/]: Entity cataclysm_spellbooks:extended_laser_beam has no attributes
[10Oct2025 00:15:58.887] [main/ERROR] [net.minecraft.Util/]: Entity cataclysm_spellbooks:extended_death_laser_beam has no attributes
[10Oct2025 00:15:58.887] [main/ERROR] [net.minecraft.Util/]: Entity illageandspillage:bone has no attributes
[10Oct2025 00:15:58.888] [main/ERROR] [net.minecraft.Util/]: Entity illageandspillage:axe has no attributes
[10Oct2025 00:15:58.888] [main/ERROR] [net.minecraft.Util/]: Entity cataclysm_spellbooks:extended_laser_beam has no attributes
[10Oct2025 00:15:58.888] [main/ERROR] [net.minecraft.Util/]: Entity cataclysm_spellbooks:extended_death_laser_beam has no attributes
[10Oct2025 00:15:58.888] [main/ERROR] [net.minecraft.Util/]: Entity illageandspillage:bone has no attributes
[10Oct2025 00:15:58.888] [main/ERROR] [net.minecraft.Util/]: Entity illageandspillage:axe has no attributes
[10Oct2025 00:15:58.888] [main/ERROR] [net.minecraft.Util/]: Entity cataclysm_spellbooks:extended_laser_beam has no attributes
[10Oct2025 00:15:58.888] [main/ERROR] [net.minecraft.Util/]: Entity cataclysm_spellbooks:extended_death_laser_beam has no attributes
[10Oct2025 00:15:58.888] [main/ERROR] [net.minecraft.Util/]: Entity illageandspillage:bone has no attributes
[10Oct2025 00:15:58.888] [main/ERROR] [net.minecraft.Util/]: Entity illageandspillage:axe has no attributes
[10Oct2025 00:15:58.889] [main/ERROR] [net.minecraft.Util/]: Entity cataclysm_spellbooks:extended_laser_beam has no attributes
[10Oct2025 00:15:58.889] [main/ERROR] [net.minecraft.Util/]: Entity cataclysm_spellbooks:extended_death_laser_beam has no attributes
[10Oct2025 00:15:58.889] [main/ERROR] [net.minecraft.Util/]: Entity illageandspillage:bone has no attributes
[10Oct2025 00:15:58.889] [main/ERROR] [net.minecraft.Util/]: Entity illageandspillage:axe has no attributes
[10Oct2025 00:15:58.889] [main/ERROR] [net.minecraft.Util/]: Entity cataclysm_spellbooks:extended_laser_beam has no attributes
[10Oct2025 00:15:58.889] [main/ERROR] [net.minecraft.Util/]: Entity cataclysm_spellbooks:extended_death_laser_beam has no attributes
[10Oct2025 00:15:58.889] [main/ERROR] [net.minecraft.Util/]: Entity illageandspillage:bone has no attributes
[10Oct2025 00:15:58.889] [main/ERROR] [net.minecraft.Util/]: Entity illageandspillage:axe has no attributes
[10Oct2025 00:15:58.890] [main/ERROR] [net.minecraft.Util/]: Entity cataclysm_spellbooks:extended_laser_beam has no attributes
[10Oct2025 00:15:58.890] [main/ERROR] [net.minecraft.Util/]: Entity cataclysm_spellbooks:extended_death_laser_beam has no attributes
[10Oct2025 00:15:58.890] [main/ERROR] [net.minecraft.Util/]: Entity illageandspillage:bone has no attributes
[10Oct2025 00:15:58.890] [main/ERROR] [net.minecraft.Util/]: Entity illageandspillage:axe has no attributes
[10Oct2025 00:15:58.890] [main/ERROR] [net.minecraft.Util/]: Entity cataclysm_spellbooks:extended_laser_beam has no attributes
[10Oct2025 00:15:58.890] [main/ERROR] [net.minecraft.Util/]: Entity cataclysm_spellbooks:extended_death_laser_beam has no attributes
[10Oct2025 00:15:58.890] [main/ERROR] [net.minecraft.Util/]: Entity illageandspillage:bone has no attributes
[10Oct2025 00:15:58.890] [main/ERROR] [net.minecraft.Util/]: Entity illageandspillage:axe has no attributes
[10Oct2025 00:15:58.891] [main/ERROR] [net.minecraft.Util/]: Entity cataclysm_spellbooks:extended_laser_beam has no attributes
[10Oct2025 00:15:58.891] [main/ERROR] [net.minecraft.Util/]: Entity cataclysm_spellbooks:extended_death_laser_beam has no attributes
[10Oct2025 00:15:58.891] [main/ERROR] [net.minecraft.Util/]: Entity illageandspillage:bone has no attributes
[10Oct2025 00:15:58.891] [main/ERROR] [net.minecraft.Util/]: Entity illageandspillage:axe has no attributes
[10Oct2025 00:15:58.891] [main/ERROR] [net.minecraft.Util/]: Entity cataclysm_spellbooks:extended_laser_beam has no attributes
[10Oct2025 00:15:58.891] [main/ERROR] [net.minecraft.Util/]: Entity cataclysm_spellbooks:extended_death_laser_beam has no attributes
[10Oct2025 00:15:58.891] [main/ERROR] [net.minecraft.Util/]: Entity illageandspillage:bone has no attributes
[10Oct2025 00:15:58.891] [main/ERROR] [net.minecraft.Util/]: Entity illageandspillage:axe has no attributes
[10Oct2025 00:15:58.891] [main/ERROR] [net.minecraft.Util/]: Entity cataclysm_spellbooks:extended_laser_beam has no attributes
[10Oct2025 00:15:58.892] [main/ERROR] [net.minecraft.Util/]: Entity cataclysm_spellbooks:extended_death_laser_beam has no attributes
[10Oct2025 00:15:58.892] [main/ERROR] [net.minecraft.Util/]: Entity illageandspillage:bone has no attributes
[10Oct2025 00:15:58.892] [main/ERROR] [net.minecraft.Util/]: Entity illageandspillage:axe has no attributes
[10Oct2025 00:15:58.892] [main/ERROR] [net.minecraft.Util/]: Entity cataclysm_spellbooks:extended_laser_beam has no attributes
[10Oct2025 00:15:58.892] [main/ERROR] [net.minecraft.Util/]: Entity cataclysm_spellbooks:extended_death_laser_beam has no attributes
[10Oct2025 00:15:58.892] [main/ERROR] [net.minecraft.Util/]: Entity illageandspillage:bone has no attributes
[10Oct2025 00:15:58.892] [main/ERROR] [net.minecraft.Util/]: Entity illageandspillage:axe has no attributes
[10Oct2025 00:15:58.892] [main/ERROR] [net.minecraft.Util/]: Entity cataclysm_spellbooks:extended_laser_beam has no attributes
[10Oct2025 00:15:58.892] [main/ERROR] [net.minecraft.Util/]: Entity cataclysm_spellbooks:extended_death_laser_beam has no attributes
[10Oct2025 00:15:58.893] [main/ERROR] [net.minecraft.Util/]: Entity illageandspillage:bone has no attributes
[10Oct2025 00:15:58.893] [main/ERROR] [net.minecraft.Util/]: Entity illageandspillage:axe has no attributes
[10Oct2025 00:15:58.893] [main/ERROR] [net.minecraft.Util/]: Entity cataclysm_spellbooks:extended_laser_beam has no attributes
[10Oct2025 00:15:58.893] [main/ERROR] [net.minecraft.Util/]: Entity cataclysm_spellbooks:extended_death_laser_beam has no attributes
[10Oct2025 00:15:58.893] [main/ERROR] [net.minecraft.Util/]: Entity illageandspillage:bone has no attributes
[10Oct2025 00:15:58.893] [main/ERROR] [net.minecraft.Util/]: Entity illageandspillage:axe has no attributes
[10Oct2025 00:15:58.894] [main/ERROR] [net.minecraft.Util/]: Entity cataclysm_spellbooks:extended_laser_beam has no attributes
[10Oct2025 00:15:58.894] [main/ERROR] [net.minecraft.Util/]: Entity cataclysm_spellbooks:extended_death_laser_beam has no attributes
[10Oct2025 00:15:58.894] [main/ERROR] [net.minecraft.Util/]: Entity illageandspillage:bone has no attributes
[10Oct2025 00:15:58.894] [main/ERROR] [net.minecraft.Util/]: Entity illageandspillage:axe has no attributes
[10Oct2025 00:15:58.894] [main/ERROR] [net.minecraft.Util/]: Entity cataclysm_spellbooks:extended_laser_beam has no attributes
[10Oct2025 00:15:58.894] [main/ERROR] [net.minecraft.Util/]: Entity cataclysm_spellbooks:extended_death_laser_beam has no attributes
[10Oct2025 00:15:58.894] [main/ERROR] [net.minecraft.Util/]: Entity illageandspillage:bone has no attributes
[10Oct2025 00:15:58.894] [main/ERROR] [net.minecraft.Util/]: Entity illageandspillage:axe has no attributes
[10Oct2025 00:15:58.894] [main/ERROR] [net.minecraft.Util/]: Entity cataclysm_spellbooks:extended_laser_beam has no attributes
[10Oct2025 00:15:58.894] [main/ERROR] [net.minecraft.Util/]: Entity cataclysm_spellbooks:extended_death_laser_beam has no attributes
[10Oct2025 00:15:58.894] [main/ERROR] [net.minecraft.Util/]: Entity illageandspillage:bone has no attributes
[10Oct2025 00:15:58.894] [main/ERROR] [net.minecraft.Util/]: Entity illageandspillage:axe has no attributes
[10Oct2025 00:15:58.895] [main/ERROR] [net.minecraft.Util/]: Entity cataclysm_spellbooks:extended_laser_beam has no attributes
[10Oct2025 00:15:58.895] [main/ERROR] [net.minecraft.Util/]: Entity cataclysm_spellbooks:extended_death_laser_beam has no attributes
[10Oct2025 00:15:58.895] [main/ERROR] [net.minecraft.Util/]: Entity illageandspillage:bone has no attributes
[10Oct2025 00:15:58.895] [main/ERROR] [net.minecraft.Util/]: Entity illageandspillage:axe has no attributes
[10Oct2025 00:15:58.895] [main/ERROR] [net.minecraft.Util/]: Entity cataclysm_spellbooks:extended_laser_beam has no attributes
[10Oct2025 00:15:58.895] [main/ERROR] [net.minecraft.Util/]: Entity cataclysm_spellbooks:extended_death_laser_beam has no attributes
[10Oct2025 00:15:58.895] [main/ERROR] [net.minecraft.Util/]: Entity illageandspillage:bone has no attributes
[10Oct2025 00:15:58.895] [main/ERROR] [net.minecraft.Util/]: Entity illageandspillage:axe has no attributes
[10Oct2025 00:15:58.896] [main/ERROR] [net.minecraft.Util/]: Entity cataclysm_spellbooks:extended_laser_beam has no attributes
[10Oct2025 00:15:58.896] [main/ERROR] [net.minecraft.Util/]: Entity cataclysm_spellbooks:extended_death_laser_beam has no attributes
[10Oct2025 00:15:58.896] [main/ERROR] [net.minecraft.Util/]: Entity illageandspillage:bone has no attributes
[10Oct2025 00:15:58.896] [main/ERROR] [net.minecraft.Util/]: Entity illageandspillage:axe has no attributes
[10Oct2025 00:15:58.896] [main/ERROR] [net.minecraft.Util/]: Entity cataclysm_spellbooks:extended_laser_beam has no attributes
[10Oct2025 00:15:58.896] [main/ERROR] [net.minecraft.Util/]: Entity cataclysm_spellbooks:extended_death_laser_beam has no attributes
[10Oct2025 00:15:58.896] [main/ERROR] [net.minecraft.Util/]: Entity illageandspillage:bone has no attributes
[10Oct2025 00:15:58.896] [main/ERROR] [net.minecraft.Util/]: Entity illageandspillage:axe has no attributes
[10Oct2025 00:15:58.896] [main/ERROR] [net.minecraft.Util/]: Entity cataclysm_spellbooks:extended_laser_beam has no attributes
[10Oct2025 00:15:58.896] [main/ERROR] [net.minecraft.Util/]: Entity cataclysm_spellbooks:extended_death_laser_beam has no attributes
[10Oct2025 00:15:58.896] [main/ERROR] [net.minecraft.Util/]: Entity illageandspillage:bone has no attributes
[10Oct2025 00:15:58.896] [main/ERROR] [net.minecraft.Util/]: Entity illageandspillage:axe has no attributes
[10Oct2025 00:15:58.897] [main/ERROR] [net.minecraft.Util/]: Entity cataclysm_spellbooks:extended_laser_beam has no attributes
[10Oct2025 00:15:58.897] [main/ERROR] [net.minecraft.Util/]: Entity cataclysm_spellbooks:extended_death_laser_beam has no attributes
[10Oct2025 00:15:58.897] [main/ERROR] [net.minecraft.Util/]: Entity illageandspillage:bone has no attributes
[10Oct2025 00:15:58.897] [main/ERROR] [net.minecraft.Util/]: Entity illageandspillage:axe has no attributes
[10Oct2025 00:15:58.897] [main/ERROR] [net.minecraft.Util/]: Entity cataclysm_spellbooks:extended_laser_beam has no attributes
[10Oct2025 00:15:58.897] [main/ERROR] [net.minecraft.Util/]: Entity cataclysm_spellbooks:extended_death_laser_beam has no attributes
[10Oct2025 00:15:58.897] [main/ERROR] [net.minecraft.Util/]: Entity illageandspillage:bone has no attributes
[10Oct2025 00:15:58.897] [main/ERROR] [net.minecraft.Util/]: Entity illageandspillage:axe has no attributes
[10Oct2025 00:15:58.897] [main/ERROR] [net.minecraft.Util/]: Entity cataclysm_spellbooks:extended_laser_beam has no attributes
[10Oct2025 00:15:58.897] [main/ERROR] [net.minecraft.Util/]: Entity cataclysm_spellbooks:extended_death_laser_beam has no attributes
[10Oct2025 00:15:58.898] [main/ERROR] [net.minecraft.Util/]: Entity illageandspillage:bone has no attributes
[10Oct2025 00:15:58.898] [main/ERROR] [net.minecraft.Util/]: Entity illageandspillage:axe has no attributes
[10Oct2025 00:15:58.898] [main/ERROR] [net.minecraft.Util/]: Entity cataclysm_spellbooks:extended_laser_beam has no attributes
[10Oct2025 00:15:58.898] [main/ERROR] [net.minecraft.Util/]: Entity cataclysm_spellbooks:extended_death_laser_beam has no attributes
[10Oct2025 00:15:58.898] [main/ERROR] [net.minecraft.Util/]: Entity illageandspillage:bone has no attributes
[10Oct2025 00:15:58.898] [main/ERROR] [net.minecraft.Util/]: Entity illageandspillage:axe has no attributes
[10Oct2025 00:15:58.898] [main/ERROR] [net.minecraft.Util/]: Entity cataclysm_spellbooks:extended_laser_beam has no attributes
[10Oct2025 00:15:58.898] [main/ERROR] [net.minecraft.Util/]: Entity cataclysm_spellbooks:extended_death_laser_beam has no attributes
[10Oct2025 00:15:58.898] [main/ERROR] [net.minecraft.Util/]: Entity illageandspillage:bone has no attributes
[10Oct2025 00:15:58.898] [main/ERROR] [net.minecraft.Util/]: Entity illageandspillage:axe has no attributes
[10Oct2025 00:15:58.899] [main/ERROR] [net.minecraft.Util/]: Entity cataclysm_spellbooks:extended_laser_beam has no attributes
[10Oct2025 00:15:58.899] [main/ERROR] [net.minecraft.Util/]: Entity cataclysm_spellbooks:extended_death_laser_beam has no attributes
[10Oct2025 00:15:58.899] [main/ERROR] [net.minecraft.Util/]: Entity illageandspillage:bone has no attributes
[10Oct2025 00:15:58.899] [main/ERROR] [net.minecraft.Util/]: Entity illageandspillage:axe has no attributes
[10Oct2025 00:15:58.899] [main/ERROR] [net.minecraft.Util/]: Entity cataclysm_spellbooks:extended_laser_beam has no attributes
[10Oct2025 00:15:58.900] [main/ERROR] [net.minecraft.Util/]: Entity cataclysm_spellbooks:extended_death_laser_beam has no attributes
[10Oct2025 00:15:58.900] [main/ERROR] [net.minecraft.Util/]: Entity illageandspillage:bone has no attributes
[10Oct2025 00:15:58.900] [main/ERROR] [net.minecraft.Util/]: Entity illageandspillage:axe has no attributes
[10Oct2025 00:15:58.900] [main/ERROR] [net.minecraft.Util/]: Entity cataclysm_spellbooks:extended_laser_beam has no attributes
[10Oct2025 00:15:58.900] [main/ERROR] [net.minecraft.Util/]: Entity cataclysm_spellbooks:extended_death_laser_beam has no attributes
[10Oct2025 00:15:58.900] [main/ERROR] [net.minecraft.Util/]: Entity illageandspillage:bone has no attributes
[10Oct2025 00:15:58.901] [main/ERROR] [net.minecraft.Util/]: Entity illageandspillage:axe has no attributes
[10Oct2025 00:15:58.901] [main/ERROR] [net.minecraft.Util/]: Entity cataclysm_spellbooks:extended_laser_beam has no attributes
[10Oct2025 00:15:58.901] [main/ERROR] [net.minecraft.Util/]: Entity cataclysm_spellbooks:extended_death_laser_beam has no attributes
[10Oct2025 00:15:58.901] [main/ERROR] [net.minecraft.Util/]: Entity illageandspillage:bone has no attributes
[10Oct2025 00:15:58.901] [main/ERROR] [net.minecraft.Util/]: Entity illageandspillage:axe has no attributes
[10Oct2025 00:15:58.901] [main/ERROR] [net.minecraft.Util/]: Entity cataclysm_spellbooks:extended_laser_beam has no attributes
[10Oct2025 00:15:58.901] [main/ERROR] [net.minecraft.Util/]: Entity cataclysm_spellbooks:extended_death_laser_beam has no attributes
[10Oct2025 00:15:58.901] [main/ERROR] [net.minecraft.Util/]: Entity illageandspillage:bone has no attributes
[10Oct2025 00:15:58.901] [main/ERROR] [net.minecraft.Util/]: Entity illageandspillage:axe has no attributes
[10Oct2025 00:15:58.902] [main/ERROR] [net.minecraft.Util/]: Entity cataclysm_spellbooks:extended_laser_beam has no attributes
[10Oct2025 00:15:58.902] [main/ERROR] [net.minecraft.Util/]: Entity cataclysm_spellbooks:extended_death_laser_beam has no attributes
[10Oct2025 00:15:58.902] [main/ERROR] [net.minecraft.Util/]: Entity illageandspillage:bone has no attributes
[10Oct2025 00:15:58.902] [main/ERROR] [net.minecraft.Util/]: Entity illageandspillage:axe has no attributes
[10Oct2025 00:15:58.902] [main/ERROR] [net.minecraft.Util/]: Entity cataclysm_spellbooks:extended_laser_beam has no attributes
[10Oct2025 00:15:58.902] [main/ERROR] [net.minecraft.Util/]: Entity cataclysm_spellbooks:extended_death_laser_beam has no attributes
[10Oct2025 00:15:58.902] [main/ERROR] [net.minecraft.Util/]: Entity illageandspillage:bone has no attributes
[10Oct2025 00:15:58.902] [main/ERROR] [net.minecraft.Util/]: Entity illageandspillage:axe has no attributes
[10Oct2025 00:15:58.902] [main/ERROR] [net.minecraft.Util/]: Entity cataclysm_spellbooks:extended_laser_beam has no attributes
[10Oct2025 00:15:58.902] [main/ERROR] [net.minecraft.Util/]: Entity cataclysm_spellbooks:extended_death_laser_beam has no attributes
[10Oct2025 00:15:58.902] [main/ERROR] [net.minecraft.Util/]: Entity illageandspillage:bone has no attributes
[10Oct2025 00:15:58.903] [main/ERROR] [net.minecraft.Util/]: Entity illageandspillage:axe has no attributes
[10Oct2025 00:15:58.903] [main/ERROR] [net.minecraft.Util/]: Entity cataclysm_spellbooks:extended_laser_beam has no attributes
[10Oct2025 00:15:58.903] [main/ERROR] [net.minecraft.Util/]: Entity cataclysm_spellbooks:extended_death_laser_beam has no attributes
[10Oct2025 00:15:58.903] [main/ERROR] [net.minecraft.Util/]: Entity illageandspillage:bone has no attributes
[10Oct2025 00:15:58.903] [main/ERROR] [net.minecraft.Util/]: Entity illageandspillage:axe has no attributes
[10Oct2025 00:15:58.903] [main/ERROR] [net.minecraft.Util/]: Entity cataclysm_spellbooks:extended_laser_beam has no attributes
[10Oct2025 00:15:58.903] [main/ERROR] [net.minecraft.Util/]: Entity cataclysm_spellbooks:extended_death_laser_beam has no attributes
[10Oct2025 00:15:58.903] [main/ERROR] [net.minecraft.Util/]: Entity illageandspillage:bone has no attributes
[10Oct2025 00:15:58.903] [main/ERROR] [net.minecraft.Util/]: Entity illageandspillage:axe has no attributes
[10Oct2025 00:15:58.904] [main/ERROR] [net.minecraft.Util/]: Entity cataclysm_spellbooks:extended_laser_beam has no attributes
[10Oct2025 00:15:58.904] [main/ERROR] [net.minecraft.Util/]: Entity cataclysm_spellbooks:extended_death_laser_beam has no attributes
[10Oct2025 00:15:58.904] [main/ERROR] [net.minecraft.Util/]: Entity illageandspillage:bone has no attributes
[10Oct2025 00:15:58.904] [main/ERROR] [net.minecraft.Util/]: Entity illageandspillage:axe has no attributes
[10Oct2025 00:15:58.904] [main/ERROR] [net.minecraft.Util/]: Entity cataclysm_spellbooks:extended_laser_beam has no attributes
[10Oct2025 00:15:58.904] [main/ERROR] [net.minecraft.Util/]: Entity cataclysm_spellbooks:extended_death_laser_beam has no attributes
[10Oct2025 00:15:58.904] [main/ERROR] [net.minecraft.Util/]: Entity illageandspillage:bone has no attributes
[10Oct2025 00:15:58.904] [main/ERROR] [net.minecraft.Util/]: Entity illageandspillage:axe has no attributes
[10Oct2025 00:15:58.904] [main/ERROR] [net.minecraft.Util/]: Entity cataclysm_spellbooks:extended_laser_beam has no attributes
[10Oct2025 00:15:58.904] [main/ERROR] [net.minecraft.Util/]: Entity cataclysm_spellbooks:extended_death_laser_beam has no attributes
[10Oct2025 00:15:58.904] [main/ERROR] [net.minecraft.Util/]: Entity illageandspillage:bone has no attributes
[10Oct2025 00:15:58.905] [main/ERROR] [net.minecraft.Util/]: Entity illageandspillage:axe has no attributes
[10Oct2025 00:15:58.905] [main/ERROR] [net.minecraft.Util/]: Entity cataclysm_spellbooks:extended_laser_beam has no attributes
[10Oct2025 00:15:58.905] [main/ERROR] [net.minecraft.Util/]: Entity cataclysm_spellbooks:extended_death_laser_beam has no attributes
[10Oct2025 00:15:58.905] [main/ERROR] [net.minecraft.Util/]: Entity illageandspillage:bone has no attributes
[10Oct2025 00:15:58.905] [main/ERROR] [net.minecraft.Util/]: Entity illageandspillage:axe has no attributes
[10Oct2025 00:15:58.905] [main/ERROR] [net.minecraft.Util/]: Entity cataclysm_spellbooks:extended_laser_beam has no attributes
[10Oct2025 00:15:58.905] [main/ERROR] [net.minecraft.Util/]: Entity cataclysm_spellbooks:extended_death_laser_beam has no attributes
[10Oct2025 00:15:58.905] [main/ERROR] [net.minecraft.Util/]: Entity illageandspillage:bone has no attributes
[10Oct2025 00:15:58.905] [main/ERROR] [net.minecraft.Util/]: Entity illageandspillage:axe has no attributes
[10Oct2025 00:15:59.020] [main/ERROR] [net.minecraft.Util/]: Entity cataclysm_spellbooks:extended_laser_beam has no attributes
[10Oct2025 00:15:59.020] [main/ERROR] [net.minecraft.Util/]: Entity cataclysm_spellbooks:extended_death_laser_beam has no attributes
[10Oct2025 00:15:59.021] [main/ERROR] [net.minecraft.Util/]: Entity illageandspillage:bone has no attributes
[10Oct2025 00:15:59.021] [main/ERROR] [net.minecraft.Util/]: Entity illageandspillage:axe has no attributes
[10Oct2025 00:15:59.021] [main/ERROR] [net.minecraft.Util/]: Entity cataclysm_spellbooks:extended_laser_beam has no attributes
[10Oct2025 00:15:59.021] [main/ERROR] [net.minecraft.Util/]: Entity cataclysm_spellbooks:extended_death_laser_beam has no attributes
[10Oct2025 00:15:59.021] [main/ERROR] [net.minecraft.Util/]: Entity illageandspillage:bone has no attributes
[10Oct2025 00:15:59.021] [main/ERROR] [net.minecraft.Util/]: Entity illageandspillage:axe has no attributes
[10Oct2025 00:15:59.022] [main/ERROR] [net.minecraft.Util/]: Entity cataclysm_spellbooks:extended_laser_beam has no attributes
[10Oct2025 00:15:59.022] [main/ERROR] [net.minecraft.Util/]: Entity cataclysm_spellbooks:extended_death_laser_beam has no attributes
[10Oct2025 00:15:59.022] [main/ERROR] [net.minecraft.Util/]: Entity illageandspillage:bone has no attributes
[10Oct2025 00:15:59.022] [main/ERROR] [net.minecraft.Util/]: Entity illageandspillage:axe has no attributes
[10Oct2025 00:15:59.022] [main/ERROR] [net.minecraft.Util/]: Entity cataclysm_spellbooks:extended_laser_beam has no attributes
[10Oct2025 00:15:59.022] [main/ERROR] [net.minecraft.Util/]: Entity cataclysm_spellbooks:extended_death_laser_beam has no attributes
[10Oct2025 00:15:59.022] [main/ERROR] [net.minecraft.Util/]: Entity illageandspillage:bone has no attributes
[10Oct2025 00:15:59.022] [main/ERROR] [net.minecraft.Util/]: Entity illageandspillage:axe has no attributes
[10Oct2025 00:15:59.022] [main/ERROR] [net.minecraft.Util/]: Entity cataclysm_spellbooks:extended_laser_beam has no attributes
[10Oct2025 00:15:59.023] [main/ERROR] [net.minecraft.Util/]: Entity cataclysm_spellbooks:extended_death_laser_beam has no attributes
[10Oct2025 00:15:59.023] [main/ERROR] [net.minecraft.Util/]: Entity illageandspillage:bone has no attributes
[10Oct2025 00:15:59.023] [main/ERROR] [net.minecraft.Util/]: Entity illageandspillage:axe has no attributes
[10Oct2025 00:15:59.023] [main/ERROR] [net.minecraft.Util/]: Entity cataclysm_spellbooks:extended_laser_beam has no attributes
[10Oct2025 00:15:59.023] [main/ERROR] [net.minecraft.Util/]: Entity cataclysm_spellbooks:extended_death_laser_beam has no attributes
[10Oct2025 00:15:59.023] [main/ERROR] [net.minecraft.Util/]: Entity illageandspillage:bone has no attributes
[10Oct2025 00:15:59.023] [main/ERROR] [net.minecraft.Util/]: Entity illageandspillage:axe has no attributes
[10Oct2025 00:15:59.023] [main/ERROR] [net.minecraft.Util/]: Entity cataclysm_spellbooks:extended_laser_beam has no attributes
[10Oct2025 00:15:59.023] [main/ERROR] [net.minecraft.Util/]: Entity cataclysm_spellbooks:extended_death_laser_beam has no attributes
[10Oct2025 00:15:59.024] [main/ERROR] [net.minecraft.Util/]: Entity illageandspillage:bone has no attributes
[10Oct2025 00:15:59.024] [main/ERROR] [net.minecraft.Util/]: Entity illageandspillage:axe has no attributes
[10Oct2025 00:15:59.024] [main/ERROR] [net.minecraft.Util/]: Entity cataclysm_spellbooks:extended_laser_beam has no attributes
[10Oct2025 00:15:59.024] [main/ERROR] [net.minecraft.Util/]: Entity cataclysm_spellbooks:extended_death_laser_beam has no attributes
[10Oct2025 00:15:59.024] [main/ERROR] [net.minecraft.Util/]: Entity illageandspillage:bone has no attributes
[10Oct2025 00:15:59.024] [main/ERROR] [net.minecraft.Util/]: Entity illageandspillage:axe has no attributes
[10Oct2025 00:15:59.024] [main/ERROR] [net.minecraft.Util/]: Entity cataclysm_spellbooks:extended_laser_beam has no attributes
[10Oct2025 00:15:59.024] [main/ERROR] [net.minecraft.Util/]: Entity cataclysm_spellbooks:extended_death_laser_beam has no attributes
[10Oct2025 00:15:59.025] [main/ERROR] [net.minecraft.Util/]: Entity illageandspillage:bone has no attributes
[10Oct2025 00:15:59.025] [main/ERROR] [net.minecraft.Util/]: Entity illageandspillage:axe has no attributes
[10Oct2025 00:15:59.025] [main/ERROR] [net.minecraft.Util/]: Entity cataclysm_spellbooks:extended_laser_beam has no attributes
[10Oct2025 00:15:59.025] [main/ERROR] [net.minecraft.Util/]: Entity cataclysm_spellbooks:extended_death_laser_beam has no attributes
[10Oct2025 00:15:59.025] [main/ERROR] [net.minecraft.Util/]: Entity illageandspillage:bone has no attributes
[10Oct2025 00:15:59.025] [main/ERROR] [net.minecraft.Util/]: Entity illageandspillage:axe has no attributes
[10Oct2025 00:15:59.025] [main/ERROR] [net.minecraft.Util/]: Entity cataclysm_spellbooks:extended_laser_beam has no attributes
[10Oct2025 00:15:59.025] [main/ERROR] [net.minecraft.Util/]: Entity cataclysm_spellbooks:extended_death_laser_beam has no attributes
[10Oct2025 00:15:59.025] [main/ERROR] [net.minecraft.Util/]: Entity illageandspillage:bone has no attributes
[10Oct2025 00:15:59.026] [main/ERROR] [net.minecraft.Util/]: Entity illageandspillage:axe has no attributes
[10Oct2025 00:15:59.026] [main/ERROR] [net.minecraft.Util/]: Entity cataclysm_spellbooks:extended_laser_beam has no attributes
[10Oct2025 00:15:59.026] [main/ERROR] [net.minecraft.Util/]: Entity cataclysm_spellbooks:extended_death_laser_beam has no attributes
[10Oct2025 00:15:59.026] [main/ERROR] [net.minecraft.Util/]: Entity illageandspillage:bone has no attributes
[10Oct2025 00:15:59.026] [main/ERROR] [net.minecraft.Util/]: Entity illageandspillage:axe has no attributes
[10Oct2025 00:15:59.026] [main/ERROR] [net.minecraft.Util/]: Entity cataclysm_spellbooks:extended_laser_beam has no attributes
[10Oct2025 00:15:59.026] [main/ERROR] [net.minecraft.Util/]: Entity cataclysm_spellbooks:extended_death_laser_beam has no attributes
[10Oct2025 00:15:59.026] [main/ERROR] [net.minecraft.Util/]: Entity illageandspillage:bone has no attributes
[10Oct2025 00:15:59.026] [main/ERROR] [net.minecraft.Util/]: Entity illageandspillage:axe has no attributes
[10Oct2025 00:15:59.027] [main/ERROR] [net.minecraft.Util/]: Entity cataclysm_spellbooks:extended_laser_beam has no attributes
[10Oct2025 00:15:59.027] [main/ERROR] [net.minecraft.Util/]: Entity cataclysm_spellbooks:extended_death_laser_beam has no attributes
[10Oct2025 00:15:59.027] [main/ERROR] [net.minecraft.Util/]: Entity illageandspillage:bone has no attributes
[10Oct2025 00:15:59.027] [main/ERROR] [net.minecraft.Util/]: Entity illageandspillage:axe has no attributes
[10Oct2025 00:15:59.027] [main/ERROR] [net.minecraft.Util/]: Entity cataclysm_spellbooks:extended_laser_beam has no attributes
[10Oct2025 00:15:59.028] [main/ERROR] [net.minecraft.Util/]: Entity cataclysm_spellbooks:extended_death_laser_beam has no attributes
[10Oct2025 00:15:59.028] [main/ERROR] [net.minecraft.Util/]: Entity illageandspillage:bone has no attributes
[10Oct2025 00:15:59.028] [main/ERROR] [net.minecraft.Util/]: Entity illageandspillage:axe has no attributes
[10Oct2025 00:15:59.028] [main/ERROR] [net.minecraft.Util/]: Entity cataclysm_spellbooks:extended_laser_beam has no attributes
[10Oct2025 00:15:59.028] [main/ERROR] [net.minecraft.Util/]: Entity cataclysm_spellbooks:extended_death_laser_beam has no attributes
[10Oct2025 00:15:59.029] [main/ERROR] [net.minecraft.Util/]: Entity illageandspillage:bone has no attributes
[10Oct2025 00:15:59.029] [main/ERROR] [net.minecraft.Util/]: Entity illageandspillage:axe has no attributes
[10Oct2025 00:15:59.029] [main/ERROR] [net.minecraft.Util/]: Entity cataclysm_spellbooks:extended_laser_beam has no attributes
[10Oct2025 00:15:59.029] [main/ERROR] [net.minecraft.Util/]: Entity cataclysm_spellbooks:extended_death_laser_beam has no attributes
[10Oct2025 00:15:59.029] [main/ERROR] [net.minecraft.Util/]: Entity illageandspillage:bone has no attributes
[10Oct2025 00:15:59.029] [main/ERROR] [net.minecraft.Util/]: Entity illageandspillage:axe has no attributes
[10Oct2025 00:15:59.029] [main/ERROR] [net.minecraft.Util/]: Entity cataclysm_spellbooks:extended_laser_beam has no attributes
[10Oct2025 00:15:59.029] [main/ERROR] [net.minecraft.Util/]: Entity cataclysm_spellbooks:extended_death_laser_beam has no attributes
[10Oct2025 00:15:59.030] [main/ERROR] [net.minecraft.Util/]: Entity illageandspillage:bone has no attributes
[10Oct2025 00:15:59.030] [main/ERROR] [net.minecraft.Util/]: Entity illageandspillage:axe has no attributes
[10Oct2025 00:15:59.030] [main/ERROR] [net.minecraft.Util/]: Entity cataclysm_spellbooks:extended_laser_beam has no attributes
[10Oct2025 00:15:59.030] [main/ERROR] [net.minecraft.Util/]: Entity cataclysm_spellbooks:extended_death_laser_beam has no attributes
[10Oct2025 00:15:59.030] [main/ERROR] [net.minecraft.Util/]: Entity illageandspillage:bone has no attributes
[10Oct2025 00:15:59.030] [main/ERROR] [net.minecraft.Util/]: Entity illageandspillage:axe has no attributes
[10Oct2025 00:15:59.030] [main/ERROR] [net.minecraft.Util/]: Entity cataclysm_spellbooks:extended_laser_beam has no attributes
[10Oct2025 00:15:59.030] [main/ERROR] [net.minecraft.Util/]: Entity cataclysm_spellbooks:extended_death_laser_beam has no attributes
[10Oct2025 00:15:59.030] [main/ERROR] [net.minecraft.Util/]: Entity illageandspillage:bone has no attributes
[10Oct2025 00:15:59.030] [main/ERROR] [net.minecraft.Util/]: Entity illageandspillage:axe has no attributes
[10Oct2025 00:15:59.031] [main/ERROR] [net.minecraft.Util/]: Entity cataclysm_spellbooks:extended_laser_beam has no attributes
[10Oct2025 00:15:59.031] [main/ERROR] [net.minecraft.Util/]: Entity cataclysm_spellbooks:extended_death_laser_beam has no attributes
[10Oct2025 00:15:59.031] [main/ERROR] [net.minecraft.Util/]: Entity illageandspillage:bone has no attributes
[10Oct2025 00:15:59.031] [main/ERROR] [net.minecraft.Util/]: Entity illageandspillage:axe has no attributes
[10Oct2025 00:15:59.031] [main/ERROR] [net.minecraft.Util/]: Entity cataclysm_spellbooks:extended_laser_beam has no attributes
[10Oct2025 00:15:59.031] [main/ERROR] [net.minecraft.Util/]: Entity cataclysm_spellbooks:extended_death_laser_beam has no attributes
[10Oct2025 00:15:59.031] [main/ERROR] [net.minecraft.Util/]: Entity illageandspillage:bone has no attributes
[10Oct2025 00:15:59.031] [main/ERROR] [net.minecraft.Util/]: Entity illageandspillage:axe has no attributes
[10Oct2025 00:15:59.032] [main/ERROR] [net.minecraft.Util/]: Entity cataclysm_spellbooks:extended_laser_beam has no attributes
[10Oct2025 00:15:59.032] [main/ERROR] [net.minecraft.Util/]: Entity cataclysm_spellbooks:extended_death_laser_beam has no attributes
[10Oct2025 00:15:59.032] [main/ERROR] [net.minecraft.Util/]: Entity illageandspillage:bone has no attributes
[10Oct2025 00:15:59.032] [main/ERROR] [net.minecraft.Util/]: Entity illageandspillage:axe has no attributes
[10Oct2025 00:15:59.032] [main/ERROR] [net.minecraft.Util/]: Entity cataclysm_spellbooks:extended_laser_beam has no attributes
[10Oct2025 00:15:59.032] [main/ERROR] [net.minecraft.Util/]: Entity cataclysm_spellbooks:extended_death_laser_beam has no attributes
[10Oct2025 00:15:59.032] [main/ERROR] [net.minecraft.Util/]: Entity illageandspillage:bone has no attributes
[10Oct2025 00:15:59.032] [main/ERROR] [net.minecraft.Util/]: Entity illageandspillage:axe has no attributes
[10Oct2025 00:15:59.032] [main/ERROR] [net.minecraft.Util/]: Entity cataclysm_spellbooks:extended_laser_beam has no attributes
[10Oct2025 00:15:59.033] [main/ERROR] [net.minecraft.Util/]: Entity cataclysm_spellbooks:extended_death_laser_beam has no attributes
[10Oct2025 00:15:59.033] [main/ERROR] [net.minecraft.Util/]: Entity illageandspillage:bone has no attributes
[10Oct2025 00:15:59.033] [main/ERROR] [net.minecraft.Util/]: Entity illageandspillage:axe has no attributes
[10Oct2025 00:15:59.033] [main/ERROR] [net.minecraft.Util/]: Entity cataclysm_spellbooks:extended_laser_beam has no attributes
[10Oct2025 00:15:59.033] [main/ERROR] [net.minecraft.Util/]: Entity cataclysm_spellbooks:extended_death_laser_beam has no attributes
[10Oct2025 00:15:59.033] [main/ERROR] [net.minecraft.Util/]: Entity illageandspillage:bone has no attributes
[10Oct2025 00:15:59.033] [main/ERROR] [net.minecraft.Util/]: Entity illageandspillage:axe has no attributes
[10Oct2025 00:15:59.033] [main/ERROR] [net.minecraft.Util/]: Entity cataclysm_spellbooks:extended_laser_beam has no attributes
[10Oct2025 00:15:59.033] [main/ERROR] [net.minecraft.Util/]: Entity cataclysm_spellbooks:extended_death_laser_beam has no attributes
[10Oct2025 00:15:59.033] [main/ERROR] [net.minecraft.Util/]: Entity illageandspillage:bone has no attributes
[10Oct2025 00:15:59.034] [main/ERROR] [net.minecraft.Util/]: Entity illageandspillage:axe has no attributes
[10Oct2025 00:15:59.034] [main/ERROR] [net.minecraft.Util/]: Entity cataclysm_spellbooks:extended_laser_beam has no attributes
[10Oct2025 00:15:59.034] [main/ERROR] [net.minecraft.Util/]: Entity cataclysm_spellbooks:extended_death_laser_beam has no attributes
[10Oct2025 00:15:59.034] [main/ERROR] [net.minecraft.Util/]: Entity illageandspillage:bone has no attributes
[10Oct2025 00:15:59.034] [main/ERROR] [net.minecraft.Util/]: Entity illageandspillage:axe has no attributes
[10Oct2025 00:15:59.034] [main/ERROR] [net.minecraft.Util/]: Entity cataclysm_spellbooks:extended_laser_beam has no attributes
[10Oct2025 00:15:59.034] [main/ERROR] [net.minecraft.Util/]: Entity cataclysm_spellbooks:extended_death_laser_beam has no attributes
[10Oct2025 00:15:59.034] [main/ERROR] [net.minecraft.Util/]: Entity illageandspillage:bone has no attributes
[10Oct2025 00:15:59.034] [main/ERROR] [net.minecraft.Util/]: Entity illageandspillage:axe has no attributes
[10Oct2025 00:15:59.035] [main/ERROR] [net.minecraft.Util/]: Entity cataclysm_spellbooks:extended_laser_beam has no attributes
[10Oct2025 00:15:59.035] [main/ERROR] [net.minecraft.Util/]: Entity cataclysm_spellbooks:extended_death_laser_beam has no attributes
[10Oct2025 00:15:59.035] [main/ERROR] [net.minecraft.Util/]: Entity illageandspillage:bone has no attributes
[10Oct2025 00:15:59.035] [main/ERROR] [net.minecraft.Util/]: Entity illageandspillage:axe has no attributes
[10Oct2025 00:15:59.035] [main/ERROR] [net.minecraft.Util/]: Entity cataclysm_spellbooks:extended_laser_beam has no attributes
[10Oct2025 00:15:59.035] [main/ERROR] [net.minecraft.Util/]: Entity cataclysm_spellbooks:extended_death_laser_beam has no attributes
[10Oct2025 00:15:59.035] [main/ERROR] [net.minecraft.Util/]: Entity illageandspillage:bone has no attributes
[10Oct2025 00:15:59.035] [main/ERROR] [net.minecraft.Util/]: Entity illageandspillage:axe has no attributes
[10Oct2025 00:15:59.035] [main/ERROR] [net.minecraft.Util/]: Entity cataclysm_spellbooks:extended_laser_beam has no attributes
[10Oct2025 00:15:59.036] [main/ERROR] [net.minecraft.Util/]: Entity cataclysm_spellbooks:extended_death_laser_beam has no attributes
[10Oct2025 00:15:59.036] [main/ERROR] [net.minecraft.Util/]: Entity illageandspillage:bone has no attributes
[10Oct2025 00:15:59.036] [main/ERROR] [net.minecraft.Util/]: Entity illageandspillage:axe has no attributes
[10Oct2025 00:15:59.036] [main/ERROR] [net.minecraft.Util/]: Entity cataclysm_spellbooks:extended_laser_beam has no attributes
[10Oct2025 00:15:59.036] [main/ERROR] [net.minecraft.Util/]: Entity cataclysm_spellbooks:extended_death_laser_beam has no attributes
[10Oct2025 00:15:59.036] [main/ERROR] [net.minecraft.Util/]: Entity illageandspillage:bone has no attributes
[10Oct2025 00:15:59.036] [main/ERROR] [net.minecraft.Util/]: Entity illageandspillage:axe has no attributes
[10Oct2025 00:15:59.036] [main/ERROR] [net.minecraft.Util/]: Entity cataclysm_spellbooks:extended_laser_beam has no attributes
[10Oct2025 00:15:59.036] [main/ERROR] [net.minecraft.Util/]: Entity cataclysm_spellbooks:extended_death_laser_beam has no attributes
[10Oct2025 00:15:59.037] [main/ERROR] [net.minecraft.Util/]: Entity illageandspillage:bone has no attributes
[10Oct2025 00:15:59.037] [main/ERROR] [net.minecraft.Util/]: Entity illageandspillage:axe has no attributes
[10Oct2025 00:15:59.037] [main/ERROR] [net.minecraft.Util/]: Entity cataclysm_spellbooks:extended_laser_beam has no attributes
[10Oct2025 00:15:59.037] [main/ERROR] [net.minecraft.Util/]: Entity cataclysm_spellbooks:extended_death_laser_beam has no attributes
[10Oct2025 00:15:59.037] [main/ERROR] [net.minecraft.Util/]: Entity illageandspillage:bone has no attributes
[10Oct2025 00:15:59.037] [main/ERROR] [net.minecraft.Util/]: Entity illageandspillage:axe has no attributes
[10Oct2025 00:15:59.038] [main/ERROR] [net.minecraft.Util/]: Entity cataclysm_spellbooks:extended_laser_beam has no attributes
[10Oct2025 00:15:59.038] [main/ERROR] [net.minecraft.Util/]: Entity cataclysm_spellbooks:extended_death_laser_beam has no attributes
[10Oct2025 00:15:59.038] [main/ERROR] [net.minecraft.Util/]: Entity illageandspillage:bone has no attributes
[10Oct2025 00:15:59.038] [main/ERROR] [net.minecraft.Util/]: Entity illageandspillage:axe has no attributes
[10Oct2025 00:15:59.039] [main/ERROR] [net.minecraft.Util/]: Entity cataclysm_spellbooks:extended_laser_beam has no attributes
[10Oct2025 00:15:59.039] [main/ERROR] [net.minecraft.Util/]: Entity cataclysm_spellbooks:extended_death_laser_beam has no attributes
[10Oct2025 00:15:59.039] [main/ERROR] [net.minecraft.Util/]: Entity illageandspillage:bone has no attributes
[10Oct2025 00:15:59.039] [main/ERROR] [net.minecraft.Util/]: Entity illageandspillage:axe has no attributes
[10Oct2025 00:15:59.039] [main/ERROR] [net.minecraft.Util/]: Entity cataclysm_spellbooks:extended_laser_beam has no attributes
[10Oct2025 00:15:59.039] [main/ERROR] [net.minecraft.Util/]: Entity cataclysm_spellbooks:extended_death_laser_beam has no attributes
[10Oct2025 00:15:59.039] [main/ERROR] [net.minecraft.Util/]: Entity illageandspillage:bone has no attributes
[10Oct2025 00:15:59.039] [main/ERROR] [net.minecraft.Util/]: Entity illageandspillage:axe has no attributes
[10Oct2025 00:15:59.040] [main/ERROR] [net.minecraft.Util/]: Entity cataclysm_spellbooks:extended_laser_beam has no attributes
[10Oct2025 00:15:59.040] [main/ERROR] [net.minecraft.Util/]: Entity cataclysm_spellbooks:extended_death_laser_beam has no attributes
[10Oct2025 00:15:59.040] [main/ERROR] [net.minecraft.Util/]: Entity illageandspillage:bone has no attributes
[10Oct2025 00:15:59.040] [main/ERROR] [net.minecraft.Util/]: Entity illageandspillage:axe has no attributes
[10Oct2025 00:15:59.040] [main/ERROR] [net.minecraft.Util/]: Entity cataclysm_spellbooks:extended_laser_beam has no attributes
[10Oct2025 00:15:59.040] [main/ERROR] [net.minecraft.Util/]: Entity cataclysm_spellbooks:extended_death_laser_beam has no attributes
[10Oct2025 00:15:59.040] [main/ERROR] [net.minecraft.Util/]: Entity illageandspillage:bone has no attributes
[10Oct2025 00:15:59.040] [main/ERROR] [net.minecraft.Util/]: Entity illageandspillage:axe has no attributes
[10Oct2025 00:15:59.041] [main/ERROR] [net.minecraft.Util/]: Entity cataclysm_spellbooks:extended_laser_beam has no attributes
[10Oct2025 00:15:59.041] [main/ERROR] [net.minecraft.Util/]: Entity cataclysm_spellbooks:extended_death_laser_beam has no attributes
[10Oct2025 00:15:59.041] [main/ERROR] [net.minecraft.Util/]: Entity illageandspillage:bone has no attributes
[10Oct2025 00:15:59.041] [main/ERROR] [net.minecraft.Util/]: Entity illageandspillage:axe has no attributes
[10Oct2025 00:15:59.041] [main/ERROR] [net.minecraft.Util/]: Entity cataclysm_spellbooks:extended_laser_beam has no attributes
[10Oct2025 00:15:59.041] [main/ERROR] [net.minecraft.Util/]: Entity cataclysm_spellbooks:extended_death_laser_beam has no attributes
[10Oct2025 00:15:59.041] [main/ERROR] [net.minecraft.Util/]: Entity illageandspillage:bone has no attributes
[10Oct2025 00:15:59.041] [main/ERROR] [net.minecraft.Util/]: Entity illageandspillage:axe has no attributes
[10Oct2025 00:15:59.042] [main/ERROR] [net.minecraft.Util/]: Entity cataclysm_spellbooks:extended_laser_beam has no attributes
[10Oct2025 00:15:59.042] [main/ERROR] [net.minecraft.Util/]: Entity cataclysm_spellbooks:extended_death_laser_beam has no attributes
[10Oct2025 00:15:59.042] [main/ERROR] [net.minecraft.Util/]: Entity illageandspillage:bone has no attributes
[10Oct2025 00:15:59.042] [main/ERROR] [net.minecraft.Util/]: Entity illageandspillage:axe has no attributes
[10Oct2025 00:15:59.042] [main/ERROR] [net.minecraft.Util/]: Entity cataclysm_spellbooks:extended_laser_beam has no attributes
[10Oct2025 00:15:59.042] [main/ERROR] [net.minecraft.Util/]: Entity cataclysm_spellbooks:extended_death_laser_beam has no attributes
[10Oct2025 00:15:59.042] [main/ERROR] [net.minecraft.Util/]: Entity illageandspillage:bone has no attributes
[10Oct2025 00:15:59.042] [main/ERROR] [net.minecraft.Util/]: Entity illageandspillage:axe has no attributes
[10Oct2025 00:15:59.042] [main/ERROR] [net.minecraft.Util/]: Entity cataclysm_spellbooks:extended_laser_beam has no attributes
[10Oct2025 00:15:59.042] [main/ERROR] [net.minecraft.Util/]: Entity cataclysm_spellbooks:extended_death_laser_beam has no attributes
[10Oct2025 00:15:59.043] [main/ERROR] [net.minecraft.Util/]: Entity illageandspillage:bone has no attributes
[10Oct2025 00:15:59.043] [main/ERROR] [net.minecraft.Util/]: Entity illageandspillage:axe has no attributes
[10Oct2025 00:15:59.043] [main/ERROR] [net.minecraft.Util/]: Entity cataclysm_spellbooks:extended_laser_beam has no attributes
[10Oct2025 00:15:59.043] [main/ERROR] [net.minecraft.Util/]: Entity cataclysm_spellbooks:extended_death_laser_beam has no attributes
[10Oct2025 00:15:59.043] [main/ERROR] [net.minecraft.Util/]: Entity illageandspillage:bone has no attributes
[10Oct2025 00:15:59.043] [main/ERROR] [net.minecraft.Util/]: Entity illageandspillage:axe has no attributes
[10Oct2025 00:15:59.043] [main/ERROR] [net.minecraft.Util/]: Entity cataclysm_spellbooks:extended_laser_beam has no attributes
[10Oct2025 00:15:59.043] [main/ERROR] [net.minecraft.Util/]: Entity cataclysm_spellbooks:extended_death_laser_beam has no attributes
[10Oct2025 00:15:59.043] [main/ERROR] [net.minecraft.Util/]: Entity illageandspillage:bone has no attributes
[10Oct2025 00:15:59.043] [main/ERROR] [net.minecraft.Util/]: Entity illageandspillage:axe has no attributes
[10Oct2025 00:15:59.043] [main/ERROR] [net.minecraft.Util/]: Entity cataclysm_spellbooks:extended_laser_beam has no attributes
[10Oct2025 00:15:59.043] [main/ERROR] [net.minecraft.Util/]: Entity cataclysm_spellbooks:extended_death_laser_beam has no attributes
[10Oct2025 00:15:59.044] [main/ERROR] [net.minecraft.Util/]: Entity illageandspillage:bone has no attributes
[10Oct2025 00:15:59.044] [main/ERROR] [net.minecraft.Util/]: Entity illageandspillage:axe has no attributes
[10Oct2025 00:15:59.044] [main/ERROR] [net.minecraft.Util/]: Entity cataclysm_spellbooks:extended_laser_beam has no attributes
[10Oct2025 00:15:59.044] [main/ERROR] [net.minecraft.Util/]: Entity cataclysm_spellbooks:extended_death_laser_beam has no attributes
[10Oct2025 00:15:59.044] [main/ERROR] [net.minecraft.Util/]: Entity illageandspillage:bone has no attributes
[10Oct2025 00:15:59.044] [main/ERROR] [net.minecraft.Util/]: Entity illageandspillage:axe has no attributes
[10Oct2025 00:15:59.044] [main/ERROR] [net.minecraft.Util/]: Entity cataclysm_spellbooks:extended_laser_beam has no attributes
[10Oct2025 00:15:59.044] [main/ERROR] [net.minecraft.Util/]: Entity cataclysm_spellbooks:extended_death_laser_beam has no attributes
[10Oct2025 00:15:59.044] [main/ERROR] [net.minecraft.Util/]: Entity illageandspillage:bone has no attributes
[10Oct2025 00:15:59.044] [main/ERROR] [net.minecraft.Util/]: Entity illageandspillage:axe has no attributes
[10Oct2025 00:15:59.045] [main/ERROR] [net.minecraft.Util/]: Entity cataclysm_spellbooks:extended_laser_beam has no attributes
[10Oct2025 00:15:59.045] [main/ERROR] [net.minecraft.Util/]: Entity cataclysm_spellbooks:extended_death_laser_beam has no attributes
[10Oct2025 00:15:59.045] [main/ERROR] [net.minecraft.Util/]: Entity illageandspillage:bone has no attributes
[10Oct2025 00:15:59.045] [main/ERROR] [net.minecraft.Util/]: Entity illageandspillage:axe has no attributes
[10Oct2025 00:15:59.045] [main/ERROR] [net.minecraft.Util/]: Entity cataclysm_spellbooks:extended_laser_beam has no attributes
[10Oct2025 00:15:59.045] [main/ERROR] [net.minecraft.Util/]: Entity cataclysm_spellbooks:extended_death_laser_beam has no attributes
[10Oct2025 00:15:59.045] [main/ERROR] [net.minecraft.Util/]: Entity illageandspillage:bone has no attributes
[10Oct2025 00:15:59.045] [main/ERROR] [net.minecraft.Util/]: Entity illageandspillage:axe has no attributes
[10Oct2025 00:15:59.046] [main/ERROR] [net.minecraft.Util/]: Entity cataclysm_spellbooks:extended_laser_beam has no attributes
[10Oct2025 00:15:59.046] [main/ERROR] [net.minecraft.Util/]: Entity cataclysm_spellbooks:extended_death_laser_beam has no attributes
[10Oct2025 00:15:59.046] [main/ERROR] [net.minecraft.Util/]: Entity illageandspillage:bone has no attributes
[10Oct2025 00:15:59.046] [main/ERROR] [net.minecraft.Util/]: Entity illageandspillage:axe has no attributes
[10Oct2025 00:15:59.046] [main/ERROR] [net.minecraft.Util/]: Entity cataclysm_spellbooks:extended_laser_beam has no attributes
[10Oct2025 00:15:59.046] [main/ERROR] [net.minecraft.Util/]: Entity cataclysm_spellbooks:extended_death_laser_beam has no attributes
[10Oct2025 00:15:59.046] [main/ERROR] [net.minecraft.Util/]: Entity illageandspillage:bone has no attributes
[10Oct2025 00:15:59.046] [main/ERROR] [net.minecraft.Util/]: Entity illageandspillage:axe has no attributes
[10Oct2025 00:15:59.047] [main/ERROR] [net.minecraft.Util/]: Entity cataclysm_spellbooks:extended_laser_beam has no attributes
[10Oct2025 00:15:59.047] [main/ERROR] [net.minecraft.Util/]: Entity cataclysm_spellbooks:extended_death_laser_beam has no attributes
[10Oct2025 00:15:59.047] [main/ERROR] [net.minecraft.Util/]: Entity illageandspillage:bone has no attributes
[10Oct2025 00:15:59.047] [main/ERROR] [net.minecraft.Util/]: Entity illageandspillage:axe has no attributes
[10Oct2025 00:15:59.047] [main/ERROR] [net.minecraft.Util/]: Entity cataclysm_spellbooks:extended_laser_beam has no attributes
[10Oct2025 00:15:59.047] [main/ERROR] [net.minecraft.Util/]: Entity cataclysm_spellbooks:extended_death_laser_beam has no attributes
[10Oct2025 00:15:59.047] [main/ERROR] [net.minecraft.Util/]: Entity illageandspillage:bone has no attributes
[10Oct2025 00:15:59.047] [main/ERROR] [net.minecraft.Util/]: Entity illageandspillage:axe has no attributes
[10Oct2025 00:15:59.047] [main/ERROR] [net.minecraft.Util/]: Entity cataclysm_spellbooks:extended_laser_beam has no attributes
[10Oct2025 00:15:59.047] [main/ERROR] [net.minecraft.Util/]: Entity cataclysm_spellbooks:extended_death_laser_beam has no attributes
[10Oct2025 00:15:59.048] [main/ERROR] [net.minecraft.Util/]: Entity illageandspillage:bone has no attributes
[10Oct2025 00:15:59.048] [main/ERROR] [net.minecraft.Util/]: Entity illageandspillage:axe has no attributes
[10Oct2025 00:15:59.048] [main/ERROR] [net.minecraft.Util/]: Entity cataclysm_spellbooks:extended_laser_beam has no attributes
[10Oct2025 00:15:59.048] [main/ERROR] [net.minecraft.Util/]: Entity cataclysm_spellbooks:extended_death_laser_beam has no attributes
[10Oct2025 00:15:59.048] [main/ERROR] [net.minecraft.Util/]: Entity illageandspillage:bone has no attributes
[10Oct2025 00:15:59.048] [main/ERROR] [net.minecraft.Util/]: Entity illageandspillage:axe has no attributes
[10Oct2025 00:15:59.048] [main/ERROR] [net.minecraft.Util/]: Entity cataclysm_spellbooks:extended_laser_beam has no attributes
[10Oct2025 00:15:59.048] [main/ERROR] [net.minecraft.Util/]: Entity cataclysm_spellbooks:extended_death_laser_beam has no attributes
[10Oct2025 00:15:59.048] [main/ERROR] [net.minecraft.Util/]: Entity illageandspillage:bone has no attributes
[10Oct2025 00:15:59.049] [main/ERROR] [net.minecraft.Util/]: Entity illageandspillage:axe has no attributes
[10Oct2025 00:15:59.049] [main/ERROR] [net.minecraft.Util/]: Entity cataclysm_spellbooks:extended_laser_beam has no attributes
[10Oct2025 00:15:59.049] [main/ERROR] [net.minecraft.Util/]: Entity cataclysm_spellbooks:extended_death_laser_beam has no attributes
[10Oct2025 00:15:59.049] [main/ERROR] [net.minecraft.Util/]: Entity illageandspillage:bone has no attributes
[10Oct2025 00:15:59.049] [main/ERROR] [net.minecraft.Util/]: Entity illageandspillage:axe has no attributes
[10Oct2025 00:15:59.049] [main/ERROR] [net.minecraft.Util/]: Entity cataclysm_spellbooks:extended_laser_beam has no attributes
[10Oct2025 00:15:59.049] [main/ERROR] [net.minecraft.Util/]: Entity cataclysm_spellbooks:extended_death_laser_beam has no attributes
[10Oct2025 00:15:59.050] [main/ERROR] [net.minecraft.Util/]: Entity illageandspillage:bone has no attributes
[10Oct2025 00:15:59.050] [main/ERROR] [net.minecraft.Util/]: Entity illageandspillage:axe has no attributes
[10Oct2025 00:15:59.050] [main/ERROR] [net.minecraft.Util/]: Entity cataclysm_spellbooks:extended_laser_beam has no attributes
[10Oct2025 00:15:59.050] [main/ERROR] [net.minecraft.Util/]: Entity cataclysm_spellbooks:extended_death_laser_beam has no attributes
[10Oct2025 00:15:59.050] [main/ERROR] [net.minecraft.Util/]: Entity illageandspillage:bone has no attributes
[10Oct2025 00:15:59.050] [main/ERROR] [net.minecraft.Util/]: Entity illageandspillage:axe has no attributes
[10Oct2025 00:15:59.050] [main/ERROR] [net.minecraft.Util/]: Entity cataclysm_spellbooks:extended_laser_beam has no attributes
[10Oct2025 00:15:59.050] [main/ERROR] [net.minecraft.Util/]: Entity cataclysm_spellbooks:extended_death_laser_beam has no attributes
[10Oct2025 00:15:59.050] [main/ERROR] [net.minecraft.Util/]: Entity illageandspillage:bone has no attributes
[10Oct2025 00:15:59.051] [main/ERROR] [net.minecraft.Util/]: Entity illageandspillage:axe has no attributes
[10Oct2025 00:15:59.051] [main/ERROR] [net.minecraft.Util/]: Entity cataclysm_spellbooks:extended_laser_beam has no attributes
[10Oct2025 00:15:59.051] [main/ERROR] [net.minecraft.Util/]: Entity cataclysm_spellbooks:extended_death_laser_beam has no attributes
[10Oct2025 00:15:59.051] [main/ERROR] [net.minecraft.Util/]: Entity illageandspillage:bone has no attributes
[10Oct2025 00:15:59.051] [main/ERROR] [net.minecraft.Util/]: Entity illageandspillage:axe has no attributes
[10Oct2025 00:15:59.051] [main/ERROR] [net.minecraft.Util/]: Entity cataclysm_spellbooks:extended_laser_beam has no attributes
[10Oct2025 00:15:59.051] [main/ERROR] [net.minecraft.Util/]: Entity cataclysm_spellbooks:extended_death_laser_beam has no attributes
[10Oct2025 00:15:59.051] [main/ERROR] [net.minecraft.Util/]: Entity illageandspillage:bone has no attributes
[10Oct2025 00:15:59.052] [main/ERROR] [net.minecraft.Util/]: Entity illageandspillage:axe has no attributes
[10Oct2025 00:15:59.052] [main/ERROR] [net.minecraft.Util/]: Entity cataclysm_spellbooks:extended_laser_beam has no attributes
[10Oct2025 00:15:59.052] [main/ERROR] [net.minecraft.Util/]: Entity cataclysm_spellbooks:extended_death_laser_beam has no attributes
[10Oct2025 00:15:59.052] [main/ERROR] [net.minecraft.Util/]: Entity illageandspillage:bone has no attributes
[10Oct2025 00:15:59.052] [main/ERROR] [net.minecraft.Util/]: Entity illageandspillage:axe has no attributes
[10Oct2025 00:15:59.052] [main/ERROR] [net.minecraft.Util/]: Entity cataclysm_spellbooks:extended_laser_beam has no attributes
[10Oct2025 00:15:59.052] [main/ERROR] [net.minecraft.Util/]: Entity cataclysm_spellbooks:extended_death_laser_beam has no attributes
[10Oct2025 00:15:59.052] [main/ERROR] [net.minecraft.Util/]: Entity illageandspillage:bone has no attributes
[10Oct2025 00:15:59.053] [main/ERROR] [net.minecraft.Util/]: Entity illageandspillage:axe has no attributes
[10Oct2025 00:15:59.053] [main/ERROR] [net.minecraft.Util/]: Entity cataclysm_spellbooks:extended_laser_beam has no attributes
[10Oct2025 00:15:59.053] [main/ERROR] [net.minecraft.Util/]: Entity cataclysm_spellbooks:extended_death_laser_beam has no attributes
[10Oct2025 00:15:59.053] [main/ERROR] [net.minecraft.Util/]: Entity illageandspillage:bone has no attributes
[10Oct2025 00:15:59.053] [main/ERROR] [net.minecraft.Util/]: Entity illageandspillage:axe has no attributes
[10Oct2025 00:15:59.053] [main/ERROR] [net.minecraft.Util/]: Entity cataclysm_spellbooks:extended_laser_beam has no attributes
[10Oct2025 00:15:59.053] [main/ERROR] [net.minecraft.Util/]: Entity cataclysm_spellbooks:extended_death_laser_beam has no attributes
[10Oct2025 00:15:59.053] [main/ERROR] [net.minecraft.Util/]: Entity illageandspillage:bone has no attributes
[10Oct2025 00:15:59.054] [main/ERROR] [net.minecraft.Util/]: Entity illageandspillage:axe has no attributes
[10Oct2025 00:15:59.054] [main/ERROR] [net.minecraft.Util/]: Entity cataclysm_spellbooks:extended_laser_beam has no attributes
[10Oct2025 00:15:59.054] [main/ERROR] [net.minecraft.Util/]: Entity cataclysm_spellbooks:extended_death_laser_beam has no attributes
[10Oct2025 00:15:59.054] [main/ERROR] [net.minecraft.Util/]: Entity illageandspillage:bone has no attributes
[10Oct2025 00:15:59.054] [main/ERROR] [net.minecraft.Util/]: Entity illageandspillage:axe has no attributes
[10Oct2025 00:15:59.054] [main/ERROR] [net.minecraft.Util/]: Entity cataclysm_spellbooks:extended_laser_beam has no attributes
[10Oct2025 00:15:59.054] [main/ERROR] [net.minecraft.Util/]: Entity cataclysm_spellbooks:extended_death_laser_beam has no attributes
[10Oct2025 00:15:59.054] [main/ERROR] [net.minecraft.Util/]: Entity illageandspillage:bone has no attributes
[10Oct2025 00:15:59.054] [main/ERROR] [net.minecraft.Util/]: Entity illageandspillage:axe has no attributes
[10Oct2025 00:15:59.055] [main/ERROR] [net.minecraft.Util/]: Entity cataclysm_spellbooks:extended_laser_beam has no attributes
[10Oct2025 00:15:59.055] [main/ERROR] [net.minecraft.Util/]: Entity cataclysm_spellbooks:extended_death_laser_beam has no attributes
[10Oct2025 00:15:59.055] [main/ERROR] [net.minecraft.Util/]: Entity illageandspillage:bone has no attributes
[10Oct2025 00:15:59.055] [main/ERROR] [net.minecraft.Util/]: Entity illageandspillage:axe has no attributes
[10Oct2025 00:15:59.055] [main/ERROR] [net.minecraft.Util/]: Entity cataclysm_spellbooks:extended_laser_beam has no attributes
[10Oct2025 00:15:59.055] [main/ERROR] [net.minecraft.Util/]: Entity cataclysm_spellbooks:extended_death_laser_beam has no attributes
[10Oct2025 00:15:59.055] [main/ERROR] [net.minecraft.Util/]: Entity illageandspillage:bone has no attributes
[10Oct2025 00:15:59.055] [main/ERROR] [net.minecraft.Util/]: Entity illageandspillage:axe has no attributes
[10Oct2025 00:15:59.056] [main/ERROR] [net.minecraft.Util/]: Entity cataclysm_spellbooks:extended_laser_beam has no attributes
[10Oct2025 00:15:59.056] [main/ERROR] [net.minecraft.Util/]: Entity cataclysm_spellbooks:extended_death_laser_beam has no attributes
[10Oct2025 00:15:59.056] [main/ERROR] [net.minecraft.Util/]: Entity illageandspillage:bone has no attributes
[10Oct2025 00:15:59.056] [main/ERROR] [net.minecraft.Util/]: Entity illageandspillage:axe has no attributes
[10Oct2025 00:15:59.056] [main/ERROR] [net.minecraft.Util/]: Entity cataclysm_spellbooks:extended_laser_beam has no attributes
[10Oct2025 00:15:59.056] [main/ERROR] [net.minecraft.Util/]: Entity cataclysm_spellbooks:extended_death_laser_beam has no attributes
[10Oct2025 00:15:59.056] [main/ERROR] [net.minecraft.Util/]: Entity illageandspillage:bone has no attributes
[10Oct2025 00:15:59.056] [main/ERROR] [net.minecraft.Util/]: Entity illageandspillage:axe has no attributes
[10Oct2025 00:15:59.057] [main/ERROR] [net.minecraft.Util/]: Entity cataclysm_spellbooks:extended_laser_beam has no attributes
[10Oct2025 00:15:59.057] [main/ERROR] [net.minecraft.Util/]: Entity cataclysm_spellbooks:extended_death_laser_beam has no attributes
[10Oct2025 00:15:59.057] [main/ERROR] [net.minecraft.Util/]: Entity illageandspillage:bone has no attributes
[10Oct2025 00:15:59.057] [main/ERROR] [net.minecraft.Util/]: Entity illageandspillage:axe has no attributes
[10Oct2025 00:15:59.057] [main/ERROR] [net.minecraft.Util/]: Entity cataclysm_spellbooks:extended_laser_beam has no attributes
[10Oct2025 00:15:59.057] [main/ERROR] [net.minecraft.Util/]: Entity cataclysm_spellbooks:extended_death_laser_beam has no attributes
[10Oct2025 00:15:59.057] [main/ERROR] [net.minecraft.Util/]: Entity illageandspillage:bone has no attributes
[10Oct2025 00:15:59.057] [main/ERROR] [net.minecraft.Util/]: Entity illageandspillage:axe has no attributes
[10Oct2025 00:15:59.058] [main/ERROR] [net.minecraft.Util/]: Entity cataclysm_spellbooks:extended_laser_beam has no attributes
[10Oct2025 00:15:59.058] [main/ERROR] [net.minecraft.Util/]: Entity cataclysm_spellbooks:extended_death_laser_beam has no attributes
[10Oct2025 00:15:59.058] [main/ERROR] [net.minecraft.Util/]: Entity illageandspillage:bone has no attributes
[10Oct2025 00:15:59.058] [main/ERROR] [net.minecraft.Util/]: Entity illageandspillage:axe has no attributes
[10Oct2025 00:15:59.058] [main/ERROR] [net.minecraft.Util/]: Entity cataclysm_spellbooks:extended_laser_beam has no attributes
[10Oct2025 00:15:59.058] [main/ERROR] [net.minecraft.Util/]: Entity cataclysm_spellbooks:extended_death_laser_beam has no attributes
[10Oct2025 00:15:59.058] [main/ERROR] [net.minecraft.Util/]: Entity illageandspillage:bone has no attributes
[10Oct2025 00:15:59.058] [main/ERROR] [net.minecraft.Util/]: Entity illageandspillage:axe has no attributes
[10Oct2025 00:15:59.058] [main/ERROR] [net.minecraft.Util/]: Entity cataclysm_spellbooks:extended_laser_beam has no attributes
[10Oct2025 00:15:59.059] [main/ERROR] [net.minecraft.Util/]: Entity cataclysm_spellbooks:extended_death_laser_beam has no attributes
[10Oct2025 00:15:59.059] [main/ERROR] [net.minecraft.Util/]: Entity illageandspillage:bone has no attributes
[10Oct2025 00:15:59.059] [main/ERROR] [net.minecraft.Util/]: Entity illageandspillage:axe has no attributes
[10Oct2025 00:15:59.059] [main/ERROR] [net.minecraft.Util/]: Entity cataclysm_spellbooks:extended_laser_beam has no attributes
[10Oct2025 00:15:59.059] [main/ERROR] [net.minecraft.Util/]: Entity cataclysm_spellbooks:extended_death_laser_beam has no attributes
[10Oct2025 00:15:59.059] [main/ERROR] [net.minecraft.Util/]: Entity illageandspillage:bone has no attributes
[10Oct2025 00:15:59.059] [main/ERROR] [net.minecraft.Util/]: Entity illageandspillage:axe has no attributes
[10Oct2025 00:15:59.059] [main/ERROR] [net.minecraft.Util/]: Entity cataclysm_spellbooks:extended_laser_beam has no attributes
[10Oct2025 00:15:59.059] [main/ERROR] [net.minecraft.Util/]: Entity cataclysm_spellbooks:extended_death_laser_beam has no attributes
[10Oct2025 00:15:59.059] [main/ERROR] [net.minecraft.Util/]: Entity illageandspillage:bone has no attributes
[10Oct2025 00:15:59.060] [main/ERROR] [net.minecraft.Util/]: Entity illageandspillage:axe has no attributes
[10Oct2025 00:15:59.060] [main/ERROR] [net.minecraft.Util/]: Entity cataclysm_spellbooks:extended_laser_beam has no attributes
[10Oct2025 00:15:59.060] [main/ERROR] [net.minecraft.Util/]: Entity cataclysm_spellbooks:extended_death_laser_beam has no attributes
[10Oct2025 00:15:59.060] [main/ERROR] [net.minecraft.Util/]: Entity illageandspillage:bone has no attributes
[10Oct2025 00:15:59.060] [main/ERROR] [net.minecraft.Util/]: Entity illageandspillage:axe has no attributes
[10Oct2025 00:15:59.060] [main/ERROR] [net.minecraft.Util/]: Entity cataclysm_spellbooks:extended_laser_beam has no attributes
[10Oct2025 00:15:59.060] [main/ERROR] [net.minecraft.Util/]: Entity cataclysm_spellbooks:extended_death_laser_beam has no attributes
[10Oct2025 00:15:59.060] [main/ERROR] [net.minecraft.Util/]: Entity illageandspillage:bone has no attributes
[10Oct2025 00:15:59.060] [main/ERROR] [net.minecraft.Util/]: Entity illageandspillage:axe has no attributes
[10Oct2025 00:15:59.061] [main/ERROR] [net.minecraft.Util/]: Entity cataclysm_spellbooks:extended_laser_beam has no attributes
[10Oct2025 00:15:59.061] [main/ERROR] [net.minecraft.Util/]: Entity cataclysm_spellbooks:extended_death_laser_beam has no attributes
[10Oct2025 00:15:59.061] [main/ERROR] [net.minecraft.Util/]: Entity illageandspillage:bone has no attributes
[10Oct2025 00:15:59.061] [main/ERROR] [net.minecraft.Util/]: Entity illageandspillage:axe has no attributes
[10Oct2025 00:15:59.061] [main/ERROR] [net.minecraft.Util/]: Entity cataclysm_spellbooks:extended_laser_beam has no attributes
[10Oct2025 00:15:59.061] [main/ERROR] [net.minecraft.Util/]: Entity cataclysm_spellbooks:extended_death_laser_beam has no attributes
[10Oct2025 00:15:59.061] [main/ERROR] [net.minecraft.Util/]: Entity illageandspillage:bone has no attributes
[10Oct2025 00:15:59.061] [main/ERROR] [net.minecraft.Util/]: Entity illageandspillage:axe has no attributes
[10Oct2025 00:15:59.061] [main/ERROR] [net.minecraft.Util/]: Entity cataclysm_spellbooks:extended_laser_beam has no attributes
[10Oct2025 00:15:59.062] [main/ERROR] [net.minecraft.Util/]: Entity cataclysm_spellbooks:extended_death_laser_beam has no attributes
[10Oct2025 00:15:59.062] [main/ERROR] [net.minecraft.Util/]: Entity illageandspillage:bone has no attributes
[10Oct2025 00:15:59.062] [main/ERROR] [net.minecraft.Util/]: Entity illageandspillage:axe has no attributes
[10Oct2025 00:15:59.062] [main/ERROR] [net.minecraft.Util/]: Entity cataclysm_spellbooks:extended_laser_beam has no attributes
[10Oct2025 00:15:59.062] [main/ERROR] [net.minecraft.Util/]: Entity cataclysm_spellbooks:extended_death_laser_beam has no attributes
[10Oct2025 00:15:59.062] [main/ERROR] [net.minecraft.Util/]: Entity illageandspillage:bone has no attributes
[10Oct2025 00:15:59.062] [main/ERROR] [net.minecraft.Util/]: Entity illageandspillage:axe has no attributes
[10Oct2025 00:15:59.062] [main/ERROR] [net.minecraft.Util/]: Entity cataclysm_spellbooks:extended_laser_beam has no attributes
[10Oct2025 00:15:59.062] [main/ERROR] [net.minecraft.Util/]: Entity cataclysm_spellbooks:extended_death_laser_beam has no attributes
[10Oct2025 00:15:59.062] [main/ERROR] [net.minecraft.Util/]: Entity illageandspillage:bone has no attributes
[10Oct2025 00:15:59.063] [main/ERROR] [net.minecraft.Util/]: Entity illageandspillage:axe has no attributes
[10Oct2025 00:15:59.063] [main/ERROR] [net.minecraft.Util/]: Entity cataclysm_spellbooks:extended_laser_beam has no attributes
[10Oct2025 00:15:59.063] [main/ERROR] [net.minecraft.Util/]: Entity cataclysm_spellbooks:extended_death_laser_beam has no attributes
[10Oct2025 00:15:59.063] [main/ERROR] [net.minecraft.Util/]: Entity illageandspillage:bone has no attributes
[10Oct2025 00:15:59.063] [main/ERROR] [net.minecraft.Util/]: Entity illageandspillage:axe has no attributes
[10Oct2025 00:15:59.063] [main/ERROR] [net.minecraft.Util/]: Entity cataclysm_spellbooks:extended_laser_beam has no attributes
[10Oct2025 00:15:59.063] [main/ERROR] [net.minecraft.Util/]: Entity cataclysm_spellbooks:extended_death_laser_beam has no attributes
[10Oct2025 00:15:59.063] [main/ERROR] [net.minecraft.Util/]: Entity illageandspillage:bone has no attributes
[10Oct2025 00:15:59.063] [main/ERROR] [net.minecraft.Util/]: Entity illageandspillage:axe has no attributes
[10Oct2025 00:15:59.064] [main/ERROR] [net.minecraft.Util/]: Entity cataclysm_spellbooks:extended_laser_beam has no attributes
[10Oct2025 00:15:59.064] [main/ERROR] [net.minecraft.Util/]: Entity cataclysm_spellbooks:extended_death_laser_beam has no attributes
[10Oct2025 00:15:59.064] [main/ERROR] [net.minecraft.Util/]: Entity illageandspillage:bone has no attributes
[10Oct2025 00:15:59.064] [main/ERROR] [net.minecraft.Util/]: Entity illageandspillage:axe has no attributes
[10Oct2025 00:15:59.064] [main/ERROR] [net.minecraft.Util/]: Entity cataclysm_spellbooks:extended_laser_beam has no attributes
[10Oct2025 00:15:59.064] [main/ERROR] [net.minecraft.Util/]: Entity cataclysm_spellbooks:extended_death_laser_beam has no attributes
[10Oct2025 00:15:59.064] [main/ERROR] [net.minecraft.Util/]: Entity illageandspillage:bone has no attributes
[10Oct2025 00:15:59.064] [main/ERROR] [net.minecraft.Util/]: Entity illageandspillage:axe has no attributes
[10Oct2025 00:15:59.065] [main/ERROR] [net.minecraft.Util/]: Entity cataclysm_spellbooks:extended_laser_beam has no attributes
[10Oct2025 00:15:59.065] [main/ERROR] [net.minecraft.Util/]: Entity cataclysm_spellbooks:extended_death_laser_beam has no attributes
[10Oct2025 00:15:59.065] [main/ERROR] [net.minecraft.Util/]: Entity illageandspillage:bone has no attributes
[10Oct2025 00:15:59.065] [main/ERROR] [net.minecraft.Util/]: Entity illageandspillage:axe has no attributes
[10Oct2025 00:15:59.065] [main/ERROR] [net.minecraft.Util/]: Entity cataclysm_spellbooks:extended_laser_beam has no attributes
[10Oct2025 00:15:59.065] [main/ERROR] [net.minecraft.Util/]: Entity cataclysm_spellbooks:extended_death_laser_beam has no attributes
[10Oct2025 00:15:59.065] [main/ERROR] [net.minecraft.Util/]: Entity illageandspillage:bone has no attributes
[10Oct2025 00:15:59.065] [main/ERROR] [net.minecraft.Util/]: Entity illageandspillage:axe has no attributes
[10Oct2025 00:15:59.065] [main/ERROR] [net.minecraft.Util/]: Entity cataclysm_spellbooks:extended_laser_beam has no attributes
[10Oct2025 00:15:59.065] [main/ERROR] [net.minecraft.Util/]: Entity cataclysm_spellbooks:extended_death_laser_beam has no attributes
[10Oct2025 00:15:59.066] [main/ERROR] [net.minecraft.Util/]: Entity illageandspillage:bone has no attributes
[10Oct2025 00:15:59.066] [main/ERROR] [net.minecraft.Util/]: Entity illageandspillage:axe has no attributes
[10Oct2025 00:15:59.066] [main/ERROR] [net.minecraft.Util/]: Entity cataclysm_spellbooks:extended_laser_beam has no attributes
[10Oct2025 00:15:59.066] [main/ERROR] [net.minecraft.Util/]: Entity cataclysm_spellbooks:extended_death_laser_beam has no attributes
[10Oct2025 00:15:59.066] [main/ERROR] [net.minecraft.Util/]: Entity illageandspillage:bone has no attributes
[10Oct2025 00:15:59.066] [main/ERROR] [net.minecraft.Util/]: Entity illageandspillage:axe has no attributes
[10Oct2025 00:15:59.066] [main/ERROR] [net.minecraft.Util/]: Entity cataclysm_spellbooks:extended_laser_beam has no attributes
[10Oct2025 00:15:59.066] [main/ERROR] [net.minecraft.Util/]: Entity cataclysm_spellbooks:extended_death_laser_beam has no attributes
[10Oct2025 00:15:59.066] [main/ERROR] [net.minecraft.Util/]: Entity illageandspillage:bone has no attributes
[10Oct2025 00:15:59.067] [main/ERROR] [net.minecraft.Util/]: Entity illageandspillage:axe has no attributes
[10Oct2025 00:15:59.068] [main/ERROR] [net.minecraft.Util/]: Entity cataclysm_spellbooks:extended_laser_beam has no attributes
[10Oct2025 00:15:59.068] [main/ERROR] [net.minecraft.Util/]: Entity cataclysm_spellbooks:extended_death_laser_beam has no attributes
[10Oct2025 00:15:59.068] [main/ERROR] [net.minecraft.Util/]: Entity illageandspillage:bone has no attributes
[10Oct2025 00:15:59.068] [main/ERROR] [net.minecraft.Util/]: Entity illageandspillage:axe has no attributes
[10Oct2025 00:15:59.068] [main/ERROR] [net.minecraft.Util/]: Entity cataclysm_spellbooks:extended_laser_beam has no attributes
[10Oct2025 00:15:59.068] [main/ERROR] [net.minecraft.Util/]: Entity cataclysm_spellbooks:extended_death_laser_beam has no attributes
[10Oct2025 00:15:59.068] [main/ERROR] [net.minecraft.Util/]: Entity illageandspillage:bone has no attributes
[10Oct2025 00:15:59.068] [main/ERROR] [net.minecraft.Util/]: Entity illageandspillage:axe has no attributes
[10Oct2025 00:15:59.069] [main/ERROR] [net.minecraft.Util/]: Entity cataclysm_spellbooks:extended_laser_beam has no attributes
[10Oct2025 00:15:59.069] [main/ERROR] [net.minecraft.Util/]: Entity cataclysm_spellbooks:extended_death_laser_beam has no attributes
[10Oct2025 00:15:59.069] [main/ERROR] [net.minecraft.Util/]: Entity illageandspillage:bone has no attributes
[10Oct2025 00:15:59.069] [main/ERROR] [net.minecraft.Util/]: Entity illageandspillage:axe has no attributes
[10Oct2025 00:15:59.069] [main/ERROR] [net.minecraft.Util/]: Entity cataclysm_spellbooks:extended_laser_beam has no attributes
[10Oct2025 00:15:59.069] [main/ERROR] [net.minecraft.Util/]: Entity cataclysm_spellbooks:extended_death_laser_beam has no attributes
[10Oct2025 00:15:59.069] [main/ERROR] [net.minecraft.Util/]: Entity illageandspillage:bone has no attributes
[10Oct2025 00:15:59.069] [main/ERROR] [net.minecraft.Util/]: Entity illageandspillage:axe has no attributes
[10Oct2025 00:15:59.070] [main/ERROR] [net.minecraft.Util/]: Entity cataclysm_spellbooks:extended_laser_beam has no attributes
[10Oct2025 00:15:59.070] [main/ERROR] [net.minecraft.Util/]: Entity cataclysm_spellbooks:extended_death_laser_beam has no attributes
[10Oct2025 00:15:59.070] [main/ERROR] [net.minecraft.Util/]: Entity illageandspillage:bone has no attributes
[10Oct2025 00:15:59.070] [main/ERROR] [net.minecraft.Util/]: Entity illageandspillage:axe has no attributes
[10Oct2025 00:15:59.070] [main/ERROR] [net.minecraft.Util/]: Entity cataclysm_spellbooks:extended_laser_beam has no attributes
[10Oct2025 00:15:59.070] [main/ERROR] [net.minecraft.Util/]: Entity cataclysm_spellbooks:extended_death_laser_beam has no attributes
[10Oct2025 00:15:59.070] [main/ERROR] [net.minecraft.Util/]: Entity illageandspillage:bone has no attributes
[10Oct2025 00:15:59.070] [main/ERROR] [net.minecraft.Util/]: Entity illageandspillage:axe has no attributes
[10Oct2025 00:15:59.070] [main/ERROR] [net.minecraft.Util/]: Entity cataclysm_spellbooks:extended_laser_beam has no attributes
[10Oct2025 00:15:59.070] [main/ERROR] [net.minecraft.Util/]: Entity cataclysm_spellbooks:extended_death_laser_beam has no attributes
[10Oct2025 00:15:59.070] [main/ERROR] [net.minecraft.Util/]: Entity illageandspillage:bone has no attributes
[10Oct2025 00:15:59.070] [main/ERROR] [net.minecraft.Util/]: Entity illageandspillage:axe has no attributes
[10Oct2025 00:15:59.071] [main/ERROR] [net.minecraft.Util/]: Entity cataclysm_spellbooks:extended_laser_beam has no attributes
[10Oct2025 00:15:59.071] [main/ERROR] [net.minecraft.Util/]: Entity cataclysm_spellbooks:extended_death_laser_beam has no attributes
[10Oct2025 00:15:59.071] [main/ERROR] [net.minecraft.Util/]: Entity illageandspillage:bone has no attributes
[10Oct2025 00:15:59.071] [main/ERROR] [net.minecraft.Util/]: Entity illageandspillage:axe has no attributes
[10Oct2025 00:15:59.071] [main/ERROR] [net.minecraft.Util/]: Entity cataclysm_spellbooks:extended_laser_beam has no attributes
[10Oct2025 00:15:59.071] [main/ERROR] [net.minecraft.Util/]: Entity cataclysm_spellbooks:extended_death_laser_beam has no attributes
[10Oct2025 00:15:59.071] [main/ERROR] [net.minecraft.Util/]: Entity illageandspillage:bone has no attributes
[10Oct2025 00:15:59.071] [main/ERROR] [net.minecraft.Util/]: Entity illageandspillage:axe has no attributes
[10Oct2025 00:15:59.071] [main/ERROR] [net.minecraft.Util/]: Entity cataclysm_spellbooks:extended_laser_beam has no attributes
[10Oct2025 00:15:59.071] [main/ERROR] [net.minecraft.Util/]: Entity cataclysm_spellbooks:extended_death_laser_beam has no attributes
[10Oct2025 00:15:59.072] [main/ERROR] [net.minecraft.Util/]: Entity illageandspillage:bone has no attributes
[10Oct2025 00:15:59.072] [main/ERROR] [net.minecraft.Util/]: Entity illageandspillage:axe has no attributes
[10Oct2025 00:15:59.072] [main/ERROR] [net.minecraft.Util/]: Entity cataclysm_spellbooks:extended_laser_beam has no attributes
[10Oct2025 00:15:59.072] [main/ERROR] [net.minecraft.Util/]: Entity cataclysm_spellbooks:extended_death_laser_beam has no attributes
[10Oct2025 00:15:59.072] [main/ERROR] [net.minecraft.Util/]: Entity illageandspillage:bone has no attributes
[10Oct2025 00:15:59.072] [main/ERROR] [net.minecraft.Util/]: Entity illageandspillage:axe has no attributes
[10Oct2025 00:15:59.072] [main/ERROR] [net.minecraft.Util/]: Entity cataclysm_spellbooks:extended_laser_beam has no attributes
[10Oct2025 00:15:59.072] [main/ERROR] [net.minecraft.Util/]: Entity cataclysm_spellbooks:extended_death_laser_beam has no attributes
[10Oct2025 00:15:59.072] [main/ERROR] [net.minecraft.Util/]: Entity illageandspillage:bone has no attributes
[10Oct2025 00:15:59.073] [main/ERROR] [net.minecraft.Util/]: Entity illageandspillage:axe has no attributes
[10Oct2025 00:15:59.073] [main/ERROR] [net.minecraft.Util/]: Entity cataclysm_spellbooks:extended_laser_beam has no attributes
[10Oct2025 00:15:59.073] [main/ERROR] [net.minecraft.Util/]: Entity cataclysm_spellbooks:extended_death_laser_beam has no attributes
[10Oct2025 00:15:59.073] [main/ERROR] [net.minecraft.Util/]: Entity illageandspillage:bone has no attributes
[10Oct2025 00:15:59.073] [main/ERROR] [net.minecraft.Util/]: Entity illageandspillage:axe has no attributes
[10Oct2025 00:15:59.073] [main/ERROR] [net.minecraft.Util/]: Entity cataclysm_spellbooks:extended_laser_beam has no attributes
[10Oct2025 00:15:59.073] [main/ERROR] [net.minecraft.Util/]: Entity cataclysm_spellbooks:extended_death_laser_beam has no attributes
[10Oct2025 00:15:59.073] [main/ERROR] [net.minecraft.Util/]: Entity illageandspillage:bone has no attributes
[10Oct2025 00:15:59.073] [main/ERROR] [net.minecraft.Util/]: Entity illageandspillage:axe has no attributes
[10Oct2025 00:15:59.074] [main/ERROR] [net.minecraft.Util/]: Entity cataclysm_spellbooks:extended_laser_beam has no attributes
[10Oct2025 00:15:59.074] [main/ERROR] [net.minecraft.Util/]: Entity cataclysm_spellbooks:extended_death_laser_beam has no attributes
[10Oct2025 00:15:59.074] [main/ERROR] [net.minecraft.Util/]: Entity illageandspillage:bone has no attributes
[10Oct2025 00:15:59.074] [main/ERROR] [net.minecraft.Util/]: Entity illageandspillage:axe has no attributes
[10Oct2025 00:15:59.074] [main/ERROR] [net.minecraft.Util/]: Entity cataclysm_spellbooks:extended_laser_beam has no attributes
[10Oct2025 00:15:59.074] [main/ERROR] [net.minecraft.Util/]: Entity cataclysm_spellbooks:extended_death_laser_beam has no attributes
[10Oct2025 00:15:59.074] [main/ERROR] [net.minecraft.Util/]: Entity illageandspillage:bone has no attributes
[10Oct2025 00:15:59.074] [main/ERROR] [net.minecraft.Util/]: Entity illageandspillage:axe has no attributes
[10Oct2025 00:15:59.075] [main/ERROR] [net.minecraft.Util/]: Entity cataclysm_spellbooks:extended_laser_beam has no attributes
[10Oct2025 00:15:59.075] [main/ERROR] [net.minecraft.Util/]: Entity cataclysm_spellbooks:extended_death_laser_beam has no attributes
[10Oct2025 00:15:59.075] [main/ERROR] [net.minecraft.Util/]: Entity illageandspillage:bone has no attributes
[10Oct2025 00:15:59.075] [main/ERROR] [net.minecraft.Util/]: Entity illageandspillage:axe has no attributes
[10Oct2025 00:15:59.075] [main/ERROR] [net.minecraft.Util/]: Entity cataclysm_spellbooks:extended_laser_beam has no attributes
[10Oct2025 00:15:59.075] [main/ERROR] [net.minecraft.Util/]: Entity cataclysm_spellbooks:extended_death_laser_beam has no attributes
[10Oct2025 00:15:59.075] [main/ERROR] [net.minecraft.Util/]: Entity illageandspillage:bone has no attributes
[10Oct2025 00:15:59.075] [main/ERROR] [net.minecraft.Util/]: Entity illageandspillage:axe has no attributes
[10Oct2025 00:15:59.075] [main/ERROR] [net.minecraft.Util/]: Entity cataclysm_spellbooks:extended_laser_beam has no attributes
[10Oct2025 00:15:59.076] [main/ERROR] [net.minecraft.Util/]: Entity cataclysm_spellbooks:extended_death_laser_beam has no attributes
[10Oct2025 00:15:59.076] [main/ERROR] [net.minecraft.Util/]: Entity illageandspillage:bone has no attributes
[10Oct2025 00:15:59.076] [main/ERROR] [net.minecraft.Util/]: Entity illageandspillage:axe has no attributes
[10Oct2025 00:15:59.076] [main/ERROR] [net.minecraft.Util/]: Entity cataclysm_spellbooks:extended_laser_beam has no attributes
[10Oct2025 00:15:59.076] [main/ERROR] [net.minecraft.Util/]: Entity cataclysm_spellbooks:extended_death_laser_beam has no attributes
[10Oct2025 00:15:59.076] [main/ERROR] [net.minecraft.Util/]: Entity illageandspillage:bone has no attributes
[10Oct2025 00:15:59.076] [main/ERROR] [net.minecraft.Util/]: Entity illageandspillage:axe has no attributes
[10Oct2025 00:15:59.077] [main/ERROR] [net.minecraft.Util/]: Entity cataclysm_spellbooks:extended_laser_beam has no attributes
[10Oct2025 00:15:59.077] [main/ERROR] [net.minecraft.Util/]: Entity cataclysm_spellbooks:extended_death_laser_beam has no attributes
[10Oct2025 00:15:59.077] [main/ERROR] [net.minecraft.Util/]: Entity illageandspillage:bone has no attributes
[10Oct2025 00:15:59.077] [main/ERROR] [net.minecraft.Util/]: Entity illageandspillage:axe has no attributes
[10Oct2025 00:15:59.077] [main/ERROR] [net.minecraft.Util/]: Entity cataclysm_spellbooks:extended_laser_beam has no attributes
[10Oct2025 00:15:59.077] [main/ERROR] [net.minecraft.Util/]: Entity cataclysm_spellbooks:extended_death_laser_beam has no attributes
[10Oct2025 00:15:59.077] [main/ERROR] [net.minecraft.Util/]: Entity illageandspillage:bone has no attributes
[10Oct2025 00:15:59.077] [main/ERROR] [net.minecraft.Util/]: Entity illageandspillage:axe has no attributes
[10Oct2025 00:15:59.078] [main/ERROR] [net.minecraft.Util/]: Entity cataclysm_spellbooks:extended_laser_beam has no attributes
[10Oct2025 00:15:59.078] [main/ERROR] [net.minecraft.Util/]: Entity cataclysm_spellbooks:extended_death_laser_beam has no attributes
[10Oct2025 00:15:59.078] [main/ERROR] [net.minecraft.Util/]: Entity illageandspillage:bone has no attributes
[10Oct2025 00:15:59.078] [main/ERROR] [net.minecraft.Util/]: Entity illageandspillage:axe has no attributes
[10Oct2025 00:15:59.078] [main/ERROR] [net.minecraft.Util/]: Entity cataclysm_spellbooks:extended_laser_beam has no attributes
[10Oct2025 00:15:59.078] [main/ERROR] [net.minecraft.Util/]: Entity cataclysm_spellbooks:extended_death_laser_beam has no attributes
[10Oct2025 00:15:59.078] [main/ERROR] [net.minecraft.Util/]: Entity illageandspillage:bone has no attributes
[10Oct2025 00:15:59.078] [main/ERROR] [net.minecraft.Util/]: Entity illageandspillage:axe has no attributes
[10Oct2025 00:15:59.078] [main/ERROR] [net.minecraft.Util/]: Entity cataclysm_spellbooks:extended_laser_beam has no attributes
[10Oct2025 00:15:59.078] [main/ERROR] [net.minecraft.Util/]: Entity cataclysm_spellbooks:extended_death_laser_beam has no attributes
[10Oct2025 00:15:59.079] [main/ERROR] [net.minecraft.Util/]: Entity illageandspillage:bone has no attributes
[10Oct2025 00:15:59.079] [main/ERROR] [net.minecraft.Util/]: Entity illageandspillage:axe has no attributes
[10Oct2025 00:15:59.079] [main/ERROR] [net.minecraft.Util/]: Entity cataclysm_spellbooks:extended_laser_beam has no attributes
[10Oct2025 00:15:59.079] [main/ERROR] [net.minecraft.Util/]: Entity cataclysm_spellbooks:extended_death_laser_beam has no attributes
[10Oct2025 00:15:59.079] [main/ERROR] [net.minecraft.Util/]: Entity illageandspillage:bone has no attributes
[10Oct2025 00:15:59.079] [main/ERROR] [net.minecraft.Util/]: Entity illageandspillage:axe has no attributes
[10Oct2025 00:15:59.079] [main/ERROR] [net.minecraft.Util/]: Entity cataclysm_spellbooks:extended_laser_beam has no attributes
[10Oct2025 00:15:59.079] [main/ERROR] [net.minecraft.Util/]: Entity cataclysm_spellbooks:extended_death_laser_beam has no attributes
[10Oct2025 00:15:59.079] [main/ERROR] [net.minecraft.Util/]: Entity illageandspillage:bone has no attributes
[10Oct2025 00:15:59.080] [main/ERROR] [net.minecraft.Util/]: Entity illageandspillage:axe has no attributes
[10Oct2025 00:15:59.080] [main/ERROR] [net.minecraft.Util/]: Entity cataclysm_spellbooks:extended_laser_beam has no attributes
[10Oct2025 00:15:59.080] [main/ERROR] [net.minecraft.Util/]: Entity cataclysm_spellbooks:extended_death_laser_beam has no attributes
[10Oct2025 00:15:59.080] [main/ERROR] [net.minecraft.Util/]: Entity illageandspillage:bone has no attributes
[10Oct2025 00:15:59.080] [main/ERROR] [net.minecraft.Util/]: Entity illageandspillage:axe has no attributes
[10Oct2025 00:15:59.080] [main/ERROR] [net.minecraft.Util/]: Entity cataclysm_spellbooks:extended_laser_beam has no attributes
[10Oct2025 00:15:59.080] [main/ERROR] [net.minecraft.Util/]: Entity cataclysm_spellbooks:extended_death_laser_beam has no attributes
[10Oct2025 00:15:59.080] [main/ERROR] [net.minecraft.Util/]: Entity illageandspillage:bone has no attributes
[10Oct2025 00:15:59.080] [main/ERROR] [net.minecraft.Util/]: Entity illageandspillage:axe has no attributes
[10Oct2025 00:15:59.081] [main/ERROR] [net.minecraft.Util/]: Entity cataclysm_spellbooks:extended_laser_beam has no attributes
[10Oct2025 00:15:59.081] [main/ERROR] [net.minecraft.Util/]: Entity cataclysm_spellbooks:extended_death_laser_beam has no attributes
[10Oct2025 00:15:59.081] [main/ERROR] [net.minecraft.Util/]: Entity illageandspillage:bone has no attributes
[10Oct2025 00:15:59.081] [main/ERROR] [net.minecraft.Util/]: Entity illageandspillage:axe has no attributes
[10Oct2025 00:15:59.081] [main/ERROR] [net.minecraft.Util/]: Entity cataclysm_spellbooks:extended_laser_beam has no attributes
[10Oct2025 00:15:59.081] [main/ERROR] [net.minecraft.Util/]: Entity cataclysm_spellbooks:extended_death_laser_beam has no attributes
[10Oct2025 00:15:59.081] [main/ERROR] [net.minecraft.Util/]: Entity illageandspillage:bone has no attributes
[10Oct2025 00:15:59.081] [main/ERROR] [net.minecraft.Util/]: Entity illageandspillage:axe has no attributes
[10Oct2025 00:15:59.081] [main/ERROR] [net.minecraft.Util/]: Entity cataclysm_spellbooks:extended_laser_beam has no attributes
[10Oct2025 00:15:59.081] [main/ERROR] [net.minecraft.Util/]: Entity cataclysm_spellbooks:extended_death_laser_beam has no attributes
[10Oct2025 00:15:59.082] [main/ERROR] [net.minecraft.Util/]: Entity illageandspillage:bone has no attributes
[10Oct2025 00:15:59.082] [main/ERROR] [net.minecraft.Util/]: Entity illageandspillage:axe has no attributes
[10Oct2025 00:15:59.082] [main/ERROR] [net.minecraft.Util/]: Entity cataclysm_spellbooks:extended_laser_beam has no attributes
[10Oct2025 00:15:59.082] [main/ERROR] [net.minecraft.Util/]: Entity cataclysm_spellbooks:extended_death_laser_beam has no attributes
[10Oct2025 00:15:59.082] [main/ERROR] [net.minecraft.Util/]: Entity illageandspillage:bone has no attributes
[10Oct2025 00:15:59.082] [main/ERROR] [net.minecraft.Util/]: Entity illageandspillage:axe has no attributes
[10Oct2025 00:15:59.082] [main/ERROR] [net.minecraft.Util/]: Entity cataclysm_spellbooks:extended_laser_beam has no attributes
[10Oct2025 00:15:59.082] [main/ERROR] [net.minecraft.Util/]: Entity cataclysm_spellbooks:extended_death_laser_beam has no attributes
[10Oct2025 00:15:59.082] [main/ERROR] [net.minecraft.Util/]: Entity illageandspillage:bone has no attributes
[10Oct2025 00:15:59.082] [main/ERROR] [net.minecraft.Util/]: Entity illageandspillage:axe has no attributes
[10Oct2025 00:15:59.083] [main/ERROR] [net.minecraft.Util/]: Entity cataclysm_spellbooks:extended_laser_beam has no attributes
[10Oct2025 00:15:59.083] [main/ERROR] [net.minecraft.Util/]: Entity cataclysm_spellbooks:extended_death_laser_beam has no attributes
[10Oct2025 00:15:59.083] [main/ERROR] [net.minecraft.Util/]: Entity illageandspillage:bone has no attributes
[10Oct2025 00:15:59.083] [main/ERROR] [net.minecraft.Util/]: Entity illageandspillage:axe has no attributes
[10Oct2025 00:15:59.083] [main/ERROR] [net.minecraft.Util/]: Entity cataclysm_spellbooks:extended_laser_beam has no attributes
[10Oct2025 00:15:59.083] [main/ERROR] [net.minecraft.Util/]: Entity cataclysm_spellbooks:extended_death_laser_beam has no attributes
[10Oct2025 00:15:59.083] [main/ERROR] [net.minecraft.Util/]: Entity illageandspillage:bone has no attributes
[10Oct2025 00:15:59.083] [main/ERROR] [net.minecraft.Util/]: Entity illageandspillage:axe has no attributes
[10Oct2025 00:16:02.575] [main/WARN] [net.minecraft.server.packs.VanillaPackResourcesBuilder/]: Assets URL 'union:/workspaces/amigospro1/servidor_minecraft/libraries/net/minecraft/server/1.20.1-20230612.114412/server-1.20.1-20230612.114412-srg.jar%23473!/assets/.mcassetsroot' uses unexpected schema
[10Oct2025 00:16:02.576] [main/WARN] [net.minecraft.server.packs.VanillaPackResourcesBuilder/]: Assets URL 'union:/workspaces/amigospro1/servidor_minecraft/libraries/net/minecraft/server/1.20.1-20230612.114412/server-1.20.1-20230612.114412-srg.jar%23473!/data/.mcassetsroot' uses unexpected schema
[10Oct2025 00:16:02.799] [main/INFO] [com.teamabnormals.blueprint.core.Blueprint/]: Successfully loaded 0 data remolders!
[10Oct2025 00:16:03.392] [main/INFO] [bettervillage/]: StructureSet modified for minecraft:village : Now using custom village configuration (can be disabled in the better villages config: boolean.villages.enabled_custom_config).
[10Oct2025 00:16:04.879] [main/INFO] [com.github.alexthe666.alexsmobs.AlexsMobs/]: Adding datapack listener capsid_recipes
[10Oct2025 00:16:05.174] [Worker-Main-1/ERROR] [net.minecraft.tags.TagLoader/]: Couldn't load tag ctov:wares/cardboard_box as it is missing following references: wares:cardboard_box (from [forge]ctov-3.4.14.jar)
[10Oct2025 00:16:05.175] [Worker-Main-1/ERROR] [net.minecraft.tags.TagLoader/]: Couldn't load tag curios:hands_backup as it is missing following references: ec_lec_plugin:ignitium_gauntlet (from ec_isasb_plugin-1.20.1-1.0.0-all.jar), 
	ec_lec_plugin:witherite_gauntlet (from ec_isasb_plugin-1.20.1-1.0.0-all.jar)
[10Oct2025 00:16:05.180] [Worker-Main-1/ERROR] [net.minecraft.tags.TagLoader/]: Couldn't load tag forge:vital_vein_tools as it is missing following references: #forge:vital_vein_hammer (from just_in_nether-1.1.8-forge-1.20.1.jar)
[10Oct2025 00:16:05.194] [Worker-Main-1/ERROR] [net.minecraft.tags.TagLoader/]: Couldn't load tag curios:quiver_ec as it is missing following references: ec_lec_plugin:ignitium_quiver (from ec_isasb_plugin-1.20.1-1.0.0-all.jar), 
	ec_lec_plugin:cursium_quiver (from ec_isasb_plugin-1.20.1-1.0.0-all.jar), 
	ec_lec_plugin:witherite_quiver (from ec_isasb_plugin-1.20.1-1.0.0-all.jar)
[10Oct2025 00:16:05.197] [Worker-Main-1/ERROR] [net.minecraft.tags.TagLoader/]: Couldn't load tag ctov:wares/sealed_delivery_agreement as it is missing following references: wares:sealed_delivery_agreement (from [forge]ctov-3.4.14.jar)
[10Oct2025 00:16:05.225] [Worker-Main-1/ERROR] [net.minecraft.tags.TagLoader/]: Couldn't load tag minecraft:impact_projectiles as it is missing following references: cataclysm:ceraunus (from L_Enders_Cataclysm-3.03.jar)
[10Oct2025 00:16:05.225] [Worker-Main-1/ERROR] [net.minecraft.tags.TagLoader/]: Couldn't load tag wither_rework:wither_target_blacklist as it is missing following references: #minecraft:aquatic (from withering-heights-alpha-1.jar), 
	#minecraft:impact_projectiles (from withering-heights-alpha-1.jar), 
	#minecraft:wither_friends (from withering-heights-alpha-1.jar)
[10Oct2025 00:16:05.243] [Worker-Main-3/ERROR] [net.minecraft.tags.TagLoader/]: Couldn't load tag farmers_structures:is_quark_glimer_spawn as it is missing following references: quark:glimmering_weald (from FarmersStructures-1.0.3-1.20.jar)
[10Oct2025 00:16:06.118] [Worker-Main-1/ERROR] [net.minecraftforge.common.ForgeHooks/]: Couldn't parse element loot_tables:simplyswords:grant_book_on_first_join
com.google.gson.JsonSyntaxException: Expected name to be an item, was unknown string 'patchouli:guide_book'
	at net.minecraft.util.GsonHelper.m_13866_(GsonHelper.java:145) ~[server-1.20.1-20230612.114412-srg.jar%23473!/:?]
	at java.util.Optional.orElseThrow(Optional.java:403) ~[?:?]
	at net.minecraft.util.GsonHelper.m_13874_(GsonHelper.java:145) ~[server-1.20.1-20230612.114412-srg.jar%23473!/:?]
	at net.minecraft.util.GsonHelper.m_13909_(GsonHelper.java:153) ~[server-1.20.1-20230612.114412-srg.jar%23473!/:?]
	at net.minecraft.world.level.storage.loot.entries.LootItem$Serializer.m_7267_(LootItem.java:55) ~[server-1.20.1-20230612.114412-srg.jar%23473!/:?]
	at net.minecraft.world.level.storage.loot.entries.LootItem$Serializer.m_7267_(LootItem.java:40) ~[server-1.20.1-20230612.114412-srg.jar%23473!/:?]
	at net.minecraft.world.level.storage.loot.entries.LootPoolSingletonContainer$Serializer.m_5921_(LootPoolSingletonContainer.java:151) ~[server-1.20.1-20230612.114412-srg.jar%23473!/:?]
	at net.minecraft.world.level.storage.loot.entries.LootPoolSingletonContainer$Serializer.m_5921_(LootPoolSingletonContainer.java:129) ~[server-1.20.1-20230612.114412-srg.jar%23473!/:?]
	at net.minecraft.world.level.storage.loot.entries.LootPoolEntryContainer$Serializer.m_7561_(LootPoolEntryContainer.java:86) ~[server-1.20.1-20230612.114412-srg.jar%23473!/:?]
	at net.minecraft.world.level.storage.loot.entries.LootPoolEntryContainer$Serializer.m_7561_(LootPoolEntryContainer.java:74) ~[server-1.20.1-20230612.114412-srg.jar%23473!/:?]
	at net.minecraft.world.level.storage.loot.GsonAdapterFactory$JsonAdapter.deserialize(GsonAdapterFactory.java:102) ~[server-1.20.1-20230612.114412-srg.jar%23473!/:?]
	at com.google.gson.internal.bind.TreeTypeAdapter.read(TreeTypeAdapter.java:76) ~[gson-2.10.jar%2372!/:?]
	at com.google.gson.internal.bind.TypeAdapterRuntimeTypeWrapper.read(TypeAdapterRuntimeTypeWrapper.java:40) ~[gson-2.10.jar%2372!/:?]
	at com.google.gson.internal.bind.ArrayTypeAdapter.read(ArrayTypeAdapter.java:72) ~[gson-2.10.jar%2372!/:?]
	at com.google.gson.Gson.fromJson(Gson.java:1214) ~[gson-2.10.jar%2372!/:?]
	at com.google.gson.Gson.fromJson(Gson.java:1319) ~[gson-2.10.jar%2372!/:?]
	at com.google.gson.Gson.fromJson(Gson.java:1290) ~[gson-2.10.jar%2372!/:?]
	at com.google.gson.internal.bind.TreeTypeAdapter$GsonContextImpl.deserialize(TreeTypeAdapter.java:179) ~[gson-2.10.jar%2372!/:?]
	at net.minecraft.util.GsonHelper.m_13808_(GsonHelper.java:463) ~[server-1.20.1-20230612.114412-srg.jar%23473!/:?]
	at net.minecraft.util.GsonHelper.m_13836_(GsonHelper.java:471) ~[server-1.20.1-20230612.114412-srg.jar%23473!/:?]
	at net.minecraft.world.level.storage.loot.LootPool$Serializer.deserialize(LootPool.java:192) ~[server-1.20.1-20230612.114412-srg.jar%23473!/:?]
	at net.minecraft.world.level.storage.loot.LootPool$Serializer.deserialize(LootPool.java:189) ~[server-1.20.1-20230612.114412-srg.jar%23473!/:?]
	at com.google.gson.internal.bind.TreeTypeAdapter.read(TreeTypeAdapter.java:76) ~[gson-2.10.jar%2372!/:?]
	at com.google.gson.internal.bind.TypeAdapterRuntimeTypeWrapper.read(TypeAdapterRuntimeTypeWrapper.java:40) ~[gson-2.10.jar%2372!/:?]
	at com.google.gson.internal.bind.ArrayTypeAdapter.read(ArrayTypeAdapter.java:72) ~[gson-2.10.jar%2372!/:?]
	at com.google.gson.Gson.fromJson(Gson.java:1214) ~[gson-2.10.jar%2372!/:?]
	at com.google.gson.Gson.fromJson(Gson.java:1319) ~[gson-2.10.jar%2372!/:?]
	at com.google.gson.Gson.fromJson(Gson.java:1290) ~[gson-2.10.jar%2372!/:?]
	at com.google.gson.internal.bind.TreeTypeAdapter$GsonContextImpl.deserialize(TreeTypeAdapter.java:179) ~[gson-2.10.jar%2372!/:?]
	at net.minecraft.util.GsonHelper.m_13808_(GsonHelper.java:463) ~[server-1.20.1-20230612.114412-srg.jar%23473!/:?]
	at net.minecraft.util.GsonHelper.m_13845_(GsonHelper.java:481) ~[server-1.20.1-20230612.114412-srg.jar%23473!/:?]
	at net.minecraft.world.level.storage.loot.LootTable$Serializer.deserialize(LootTable.java:294) ~[server-1.20.1-20230612.114412-srg.jar%23473!/:?]
	at net.minecraft.world.level.storage.loot.LootTable$Serializer.deserialize(LootTable.java:291) ~[server-1.20.1-20230612.114412-srg.jar%23473!/:?]
	at com.google.gson.internal.bind.TreeTypeAdapter.read(TreeTypeAdapter.java:76) ~[gson-2.10.jar%2372!/:?]
	at com.google.gson.Gson.fromJson(Gson.java:1214) ~[gson-2.10.jar%2372!/:?]
	at com.google.gson.Gson.fromJson(Gson.java:1319) ~[gson-2.10.jar%2372!/:?]
	at com.google.gson.Gson.fromJson(Gson.java:1261) ~[gson-2.10.jar%2372!/:?]
	at net.minecraftforge.common.ForgeHooks.loadLootTable(ForgeHooks.java:871) ~[forge-1.20.1-47.4.0-universal.jar%23478!/:?]
	at net.minecraftforge.common.ForgeHooks.lambda$getLootTableDeserializer$3(ForgeHooks.java:848) ~[forge-1.20.1-47.4.0-universal.jar%23478!/:?]
	at net.minecraft.world.level.storage.loot.LootDataType.deserialize(LootDataType.java:45) ~[server-1.20.1-20230612.114412-srg.jar%23473!/:?]
	at net.minecraft.world.level.storage.loot.LootDataManager.lambda$scheduleElementParse$4(LootDataManager.java:56) ~[server-1.20.1-20230612.114412-srg.jar%23473!/:?]
	at java.util.HashMap.forEach(HashMap.java:1421) ~[?:?]
	at net.minecraft.world.level.storage.loot.LootDataManager.m_278660_(LootDataManager.java:55) ~[server-1.20.1-20230612.114412-srg.jar%23473!/:?]
	at java.util.concurrent.CompletableFuture$AsyncRun.run(CompletableFuture.java:1804) ~[?:?]
	at java.util.concurrent.CompletableFuture$AsyncRun.exec(CompletableFuture.java:1796) ~[?:?]
	at java.util.concurrent.ForkJoinTask.doExec(ForkJoinTask.java:373) ~[?:?]
	at java.util.concurrent.ForkJoinPool$WorkQueue.topLevelExec(ForkJoinPool.java:1182) ~[?:?]
	at java.util.concurrent.ForkJoinPool.scan(ForkJoinPool.java:1655) ~[?:?]
	at java.util.concurrent.ForkJoinPool.runWorker(ForkJoinPool.java:1622) ~[?:?]
	at java.util.concurrent.ForkJoinWorkerThread.run(ForkJoinWorkerThread.java:165) ~[?:?]
[10Oct2025 00:16:06.542] [Worker-Main-1/ERROR] [net.minecraftforge.common.ForgeHooks/]: Couldn't parse element loot_tables:overweight_farming:blocks/peeled_overweight_ginger_block
com.google.gson.JsonSyntaxException: Expected name to be an item, was unknown string 'snowyspirit:ginger'
	at net.minecraft.util.GsonHelper.m_13866_(GsonHelper.java:145) ~[server-1.20.1-20230612.114412-srg.jar%23473!/:?]
	at java.util.Optional.orElseThrow(Optional.java:403) ~[?:?]
	at net.minecraft.util.GsonHelper.m_13874_(GsonHelper.java:145) ~[server-1.20.1-20230612.114412-srg.jar%23473!/:?]
	at net.minecraft.util.GsonHelper.m_13909_(GsonHelper.java:153) ~[server-1.20.1-20230612.114412-srg.jar%23473!/:?]
	at net.minecraft.world.level.storage.loot.entries.LootItem$Serializer.m_7267_(LootItem.java:55) ~[server-1.20.1-20230612.114412-srg.jar%23473!/:?]
	at net.minecraft.world.level.storage.loot.entries.LootItem$Serializer.m_7267_(LootItem.java:40) ~[server-1.20.1-20230612.114412-srg.jar%23473!/:?]
	at net.minecraft.world.level.storage.loot.entries.LootPoolSingletonContainer$Serializer.m_5921_(LootPoolSingletonContainer.java:151) ~[server-1.20.1-20230612.114412-srg.jar%23473!/:?]
	at net.minecraft.world.level.storage.loot.entries.LootPoolSingletonContainer$Serializer.m_5921_(LootPoolSingletonContainer.java:129) ~[server-1.20.1-20230612.114412-srg.jar%23473!/:?]
	at net.minecraft.world.level.storage.loot.entries.LootPoolEntryContainer$Serializer.m_7561_(LootPoolEntryContainer.java:86) ~[server-1.20.1-20230612.114412-srg.jar%23473!/:?]
	at net.minecraft.world.level.storage.loot.entries.LootPoolEntryContainer$Serializer.m_7561_(LootPoolEntryContainer.java:74) ~[server-1.20.1-20230612.114412-srg.jar%23473!/:?]
	at net.minecraft.world.level.storage.loot.GsonAdapterFactory$JsonAdapter.deserialize(GsonAdapterFactory.java:102) ~[server-1.20.1-20230612.114412-srg.jar%23473!/:?]
	at com.google.gson.internal.bind.TreeTypeAdapter.read(TreeTypeAdapter.java:76) ~[gson-2.10.jar%2372!/:?]
	at com.google.gson.internal.bind.TypeAdapterRuntimeTypeWrapper.read(TypeAdapterRuntimeTypeWrapper.java:40) ~[gson-2.10.jar%2372!/:?]
	at com.google.gson.internal.bind.ArrayTypeAdapter.read(ArrayTypeAdapter.java:72) ~[gson-2.10.jar%2372!/:?]
	at com.google.gson.Gson.fromJson(Gson.java:1214) ~[gson-2.10.jar%2372!/:?]
	at com.google.gson.Gson.fromJson(Gson.java:1319) ~[gson-2.10.jar%2372!/:?]
	at com.google.gson.Gson.fromJson(Gson.java:1290) ~[gson-2.10.jar%2372!/:?]
	at com.google.gson.internal.bind.TreeTypeAdapter$GsonContextImpl.deserialize(TreeTypeAdapter.java:179) ~[gson-2.10.jar%2372!/:?]
	at net.minecraft.util.GsonHelper.m_13808_(GsonHelper.java:463) ~[server-1.20.1-20230612.114412-srg.jar%23473!/:?]
	at net.minecraft.util.GsonHelper.m_13836_(GsonHelper.java:471) ~[server-1.20.1-20230612.114412-srg.jar%23473!/:?]
	at net.minecraft.world.level.storage.loot.entries.CompositeEntryBase$1.m_5921_(CompositeEntryBase.java:61) ~[server-1.20.1-20230612.114412-srg.jar%23473!/:?]
	at net.minecraft.world.level.storage.loot.entries.CompositeEntryBase$1.m_5921_(CompositeEntryBase.java:53) ~[server-1.20.1-20230612.114412-srg.jar%23473!/:?]
	at net.minecraft.world.level.storage.loot.entries.LootPoolEntryContainer$Serializer.m_7561_(LootPoolEntryContainer.java:86) ~[server-1.20.1-20230612.114412-srg.jar%23473!/:?]
	at net.minecraft.world.level.storage.loot.entries.LootPoolEntryContainer$Serializer.m_7561_(LootPoolEntryContainer.java:74) ~[server-1.20.1-20230612.114412-srg.jar%23473!/:?]
	at net.minecraft.world.level.storage.loot.GsonAdapterFactory$JsonAdapter.deserialize(GsonAdapterFactory.java:102) ~[server-1.20.1-20230612.114412-srg.jar%23473!/:?]
	at com.google.gson.internal.bind.TreeTypeAdapter.read(TreeTypeAdapter.java:76) ~[gson-2.10.jar%2372!/:?]
	at com.google.gson.internal.bind.TypeAdapterRuntimeTypeWrapper.read(TypeAdapterRuntimeTypeWrapper.java:40) ~[gson-2.10.jar%2372!/:?]
	at com.google.gson.internal.bind.ArrayTypeAdapter.read(ArrayTypeAdapter.java:72) ~[gson-2.10.jar%2372!/:?]
	at com.google.gson.Gson.fromJson(Gson.java:1214) ~[gson-2.10.jar%2372!/:?]
	at com.google.gson.Gson.fromJson(Gson.java:1319) ~[gson-2.10.jar%2372!/:?]
	at com.google.gson.Gson.fromJson(Gson.java:1290) ~[gson-2.10.jar%2372!/:?]
	at com.google.gson.internal.bind.TreeTypeAdapter$GsonContextImpl.deserialize(TreeTypeAdapter.java:179) ~[gson-2.10.jar%2372!/:?]
	at net.minecraft.util.GsonHelper.m_13808_(GsonHelper.java:463) ~[server-1.20.1-20230612.114412-srg.jar%23473!/:?]
	at net.minecraft.util.GsonHelper.m_13836_(GsonHelper.java:471) ~[server-1.20.1-20230612.114412-srg.jar%23473!/:?]
	at net.minecraft.world.level.storage.loot.entries.CompositeEntryBase$1.m_5921_(CompositeEntryBase.java:61) ~[server-1.20.1-20230612.114412-srg.jar%23473!/:?]
	at net.minecraft.world.level.storage.loot.entries.CompositeEntryBase$1.m_5921_(CompositeEntryBase.java:53) ~[server-1.20.1-20230612.114412-srg.jar%23473!/:?]
	at net.minecraft.world.level.storage.loot.entries.LootPoolEntryContainer$Serializer.m_7561_(LootPoolEntryContainer.java:86) ~[server-1.20.1-20230612.114412-srg.jar%23473!/:?]
	at net.minecraft.world.level.storage.loot.entries.LootPoolEntryContainer$Serializer.m_7561_(LootPoolEntryContainer.java:74) ~[server-1.20.1-20230612.114412-srg.jar%23473!/:?]
	at net.minecraft.world.level.storage.loot.GsonAdapterFactory$JsonAdapter.deserialize(GsonAdapterFactory.java:102) ~[server-1.20.1-20230612.114412-srg.jar%23473!/:?]
	at com.google.gson.internal.bind.TreeTypeAdapter.read(TreeTypeAdapter.java:76) ~[gson-2.10.jar%2372!/:?]
	at com.google.gson.internal.bind.TypeAdapterRuntimeTypeWrapper.read(TypeAdapterRuntimeTypeWrapper.java:40) ~[gson-2.10.jar%2372!/:?]
	at com.google.gson.internal.bind.ArrayTypeAdapter.read(ArrayTypeAdapter.java:72) ~[gson-2.10.jar%2372!/:?]
	at com.google.gson.Gson.fromJson(Gson.java:1214) ~[gson-2.10.jar%2372!/:?]
	at com.google.gson.Gson.fromJson(Gson.java:1319) ~[gson-2.10.jar%2372!/:?]
	at com.google.gson.Gson.fromJson(Gson.java:1290) ~[gson-2.10.jar%2372!/:?]
	at com.google.gson.internal.bind.TreeTypeAdapter$GsonContextImpl.deserialize(TreeTypeAdapter.java:179) ~[gson-2.10.jar%2372!/:?]
	at net.minecraft.util.GsonHelper.m_13808_(GsonHelper.java:463) ~[server-1.20.1-20230612.114412-srg.jar%23473!/:?]
	at net.minecraft.util.GsonHelper.m_13836_(GsonHelper.java:471) ~[server-1.20.1-20230612.114412-srg.jar%23473!/:?]
	at net.minecraft.world.level.storage.loot.LootPool$Serializer.deserialize(LootPool.java:192) ~[server-1.20.1-20230612.114412-srg.jar%23473!/:?]
	at net.minecraft.world.level.storage.loot.LootPool$Serializer.deserialize(LootPool.java:189) ~[server-1.20.1-20230612.114412-srg.jar%23473!/:?]
	at com.google.gson.internal.bind.TreeTypeAdapter.read(TreeTypeAdapter.java:76) ~[gson-2.10.jar%2372!/:?]
	at com.google.gson.internal.bind.TypeAdapterRuntimeTypeWrapper.read(TypeAdapterRuntimeTypeWrapper.java:40) ~[gson-2.10.jar%2372!/:?]
	at com.google.gson.internal.bind.ArrayTypeAdapter.read(ArrayTypeAdapter.java:72) ~[gson-2.10.jar%2372!/:?]
	at com.google.gson.Gson.fromJson(Gson.java:1214) ~[gson-2.10.jar%2372!/:?]
	at com.google.gson.Gson.fromJson(Gson.java:1319) ~[gson-2.10.jar%2372!/:?]
	at com.google.gson.Gson.fromJson(Gson.java:1290) ~[gson-2.10.jar%2372!/:?]
	at com.google.gson.internal.bind.TreeTypeAdapter$GsonContextImpl.deserialize(TreeTypeAdapter.java:179) ~[gson-2.10.jar%2372!/:?]
	at net.minecraft.util.GsonHelper.m_13808_(GsonHelper.java:463) ~[server-1.20.1-20230612.114412-srg.jar%23473!/:?]
	at net.minecraft.util.GsonHelper.m_13845_(GsonHelper.java:481) ~[server-1.20.1-20230612.114412-srg.jar%23473!/:?]
	at net.minecraft.world.level.storage.loot.LootTable$Serializer.deserialize(LootTable.java:294) ~[server-1.20.1-20230612.114412-srg.jar%23473!/:?]
	at net.minecraft.world.level.storage.loot.LootTable$Serializer.deserialize(LootTable.java:291) ~[server-1.20.1-20230612.114412-srg.jar%23473!/:?]
	at com.google.gson.internal.bind.TreeTypeAdapter.read(TreeTypeAdapter.java:76) ~[gson-2.10.jar%2372!/:?]
	at com.google.gson.Gson.fromJson(Gson.java:1214) ~[gson-2.10.jar%2372!/:?]
	at com.google.gson.Gson.fromJson(Gson.java:1319) ~[gson-2.10.jar%2372!/:?]
	at com.google.gson.Gson.fromJson(Gson.java:1261) ~[gson-2.10.jar%2372!/:?]
	at net.minecraftforge.common.ForgeHooks.loadLootTable(ForgeHooks.java:871) ~[forge-1.20.1-47.4.0-universal.jar%23478!/:?]
	at net.minecraftforge.common.ForgeHooks.lambda$getLootTableDeserializer$3(ForgeHooks.java:848) ~[forge-1.20.1-47.4.0-universal.jar%23478!/:?]
	at net.minecraft.world.level.storage.loot.LootDataType.deserialize(LootDataType.java:45) ~[server-1.20.1-20230612.114412-srg.jar%23473!/:?]
	at net.minecraft.world.level.storage.loot.LootDataManager.lambda$scheduleElementParse$4(LootDataManager.java:56) ~[server-1.20.1-20230612.114412-srg.jar%23473!/:?]
	at java.util.HashMap.forEach(HashMap.java:1421) ~[?:?]
	at net.minecraft.world.level.storage.loot.LootDataManager.m_278660_(LootDataManager.java:55) ~[server-1.20.1-20230612.114412-srg.jar%23473!/:?]
	at java.util.concurrent.CompletableFuture$AsyncRun.run(CompletableFuture.java:1804) ~[?:?]
	at java.util.concurrent.CompletableFuture$AsyncRun.exec(CompletableFuture.java:1796) ~[?:?]
	at java.util.concurrent.ForkJoinTask.doExec(ForkJoinTask.java:373) ~[?:?]
	at java.util.concurrent.ForkJoinPool$WorkQueue.topLevelExec(ForkJoinPool.java:1182) ~[?:?]
	at java.util.concurrent.ForkJoinPool.scan(ForkJoinPool.java:1655) ~[?:?]
	at java.util.concurrent.ForkJoinPool.runWorker(ForkJoinPool.java:1622) ~[?:?]
	at java.util.concurrent.ForkJoinWorkerThread.run(ForkJoinWorkerThread.java:165) ~[?:?]
[10Oct2025 00:16:06.751] [Worker-Main-1/ERROR] [net.minecraftforge.common.ForgeHooks/]: Couldn't parse element loot_tables:overweight_farming:blocks/overweight_sliced_kiwi_block
com.google.gson.JsonSyntaxException: Expected name to be an item, was unknown string 'hedgehog:kiwi'
	at net.minecraft.util.GsonHelper.m_13866_(GsonHelper.java:145) ~[server-1.20.1-20230612.114412-srg.jar%23473!/:?]
	at java.util.Optional.orElseThrow(Optional.java:403) ~[?:?]
	at net.minecraft.util.GsonHelper.m_13874_(GsonHelper.java:145) ~[server-1.20.1-20230612.114412-srg.jar%23473!/:?]
	at net.minecraft.util.GsonHelper.m_13909_(GsonHelper.java:153) ~[server-1.20.1-20230612.114412-srg.jar%23473!/:?]
	at net.minecraft.world.level.storage.loot.entries.LootItem$Serializer.m_7267_(LootItem.java:55) ~[server-1.20.1-20230612.114412-srg.jar%23473!/:?]
	at net.minecraft.world.level.storage.loot.entries.LootItem$Serializer.m_7267_(LootItem.java:40) ~[server-1.20.1-20230612.114412-srg.jar%23473!/:?]
	at net.minecraft.world.level.storage.loot.entries.LootPoolSingletonContainer$Serializer.m_5921_(LootPoolSingletonContainer.java:151) ~[server-1.20.1-20230612.114412-srg.jar%23473!/:?]
	at net.minecraft.world.level.storage.loot.entries.LootPoolSingletonContainer$Serializer.m_5921_(LootPoolSingletonContainer.java:129) ~[server-1.20.1-20230612.114412-srg.jar%23473!/:?]
	at net.minecraft.world.level.storage.loot.entries.LootPoolEntryContainer$Serializer.m_7561_(LootPoolEntryContainer.java:86) ~[server-1.20.1-20230612.114412-srg.jar%23473!/:?]
	at net.minecraft.world.level.storage.loot.entries.LootPoolEntryContainer$Serializer.m_7561_(LootPoolEntryContainer.java:74) ~[server-1.20.1-20230612.114412-srg.jar%23473!/:?]
	at net.minecraft.world.level.storage.loot.GsonAdapterFactory$JsonAdapter.deserialize(GsonAdapterFactory.java:102) ~[server-1.20.1-20230612.114412-srg.jar%23473!/:?]
	at com.google.gson.internal.bind.TreeTypeAdapter.read(TreeTypeAdapter.java:76) ~[gson-2.10.jar%2372!/:?]
	at com.google.gson.internal.bind.TypeAdapterRuntimeTypeWrapper.read(TypeAdapterRuntimeTypeWrapper.java:40) ~[gson-2.10.jar%2372!/:?]
	at com.google.gson.internal.bind.ArrayTypeAdapter.read(ArrayTypeAdapter.java:72) ~[gson-2.10.jar%2372!/:?]
	at com.google.gson.Gson.fromJson(Gson.java:1214) ~[gson-2.10.jar%2372!/:?]
	at com.google.gson.Gson.fromJson(Gson.java:1319) ~[gson-2.10.jar%2372!/:?]
	at com.google.gson.Gson.fromJson(Gson.java:1290) ~[gson-2.10.jar%2372!/:?]
	at com.google.gson.internal.bind.TreeTypeAdapter$GsonContextImpl.deserialize(TreeTypeAdapter.java:179) ~[gson-2.10.jar%2372!/:?]
	at net.minecraft.util.GsonHelper.m_13808_(GsonHelper.java:463) ~[server-1.20.1-20230612.114412-srg.jar%23473!/:?]
	at net.minecraft.util.GsonHelper.m_13836_(GsonHelper.java:471) ~[server-1.20.1-20230612.114412-srg.jar%23473!/:?]
	at net.minecraft.world.level.storage.loot.entries.CompositeEntryBase$1.m_5921_(CompositeEntryBase.java:61) ~[server-1.20.1-20230612.114412-srg.jar%23473!/:?]
	at net.minecraft.world.level.storage.loot.entries.CompositeEntryBase$1.m_5921_(CompositeEntryBase.java:53) ~[server-1.20.1-20230612.114412-srg.jar%23473!/:?]
	at net.minecraft.world.level.storage.loot.entries.LootPoolEntryContainer$Serializer.m_7561_(LootPoolEntryContainer.java:86) ~[server-1.20.1-20230612.114412-srg.jar%23473!/:?]
	at net.minecraft.world.level.storage.loot.entries.LootPoolEntryContainer$Serializer.m_7561_(LootPoolEntryContainer.java:74) ~[server-1.20.1-20230612.114412-srg.jar%23473!/:?]
	at net.minecraft.world.level.storage.loot.GsonAdapterFactory$JsonAdapter.deserialize(GsonAdapterFactory.java:102) ~[server-1.20.1-20230612.114412-srg.jar%23473!/:?]
	at com.google.gson.internal.bind.TreeTypeAdapter.read(TreeTypeAdapter.java:76) ~[gson-2.10.jar%2372!/:?]
	at com.google.gson.internal.bind.TypeAdapterRuntimeTypeWrapper.read(TypeAdapterRuntimeTypeWrapper.java:40) ~[gson-2.10.jar%2372!/:?]
	at com.google.gson.internal.bind.ArrayTypeAdapter.read(ArrayTypeAdapter.java:72) ~[gson-2.10.jar%2372!/:?]
	at com.google.gson.Gson.fromJson(Gson.java:1214) ~[gson-2.10.jar%2372!/:?]
	at com.google.gson.Gson.fromJson(Gson.java:1319) ~[gson-2.10.jar%2372!/:?]
	at com.google.gson.Gson.fromJson(Gson.java:1290) ~[gson-2.10.jar%2372!/:?]
	at com.google.gson.internal.bind.TreeTypeAdapter$GsonContextImpl.deserialize(TreeTypeAdapter.java:179) ~[gson-2.10.jar%2372!/:?]
	at net.minecraft.util.GsonHelper.m_13808_(GsonHelper.java:463) ~[server-1.20.1-20230612.114412-srg.jar%23473!/:?]
	at net.minecraft.util.GsonHelper.m_13836_(GsonHelper.java:471) ~[server-1.20.1-20230612.114412-srg.jar%23473!/:?]
	at net.minecraft.world.level.storage.loot.entries.CompositeEntryBase$1.m_5921_(CompositeEntryBase.java:61) ~[server-1.20.1-20230612.114412-srg.jar%23473!/:?]
	at net.minecraft.world.level.storage.loot.entries.CompositeEntryBase$1.m_5921_(CompositeEntryBase.java:53) ~[server-1.20.1-20230612.114412-srg.jar%23473!/:?]
	at net.minecraft.world.level.storage.loot.entries.LootPoolEntryContainer$Serializer.m_7561_(LootPoolEntryContainer.java:86) ~[server-1.20.1-20230612.114412-srg.jar%23473!/:?]
	at net.minecraft.world.level.storage.loot.entries.LootPoolEntryContainer$Serializer.m_7561_(LootPoolEntryContainer.java:74) ~[server-1.20.1-20230612.114412-srg.jar%23473!/:?]
	at net.minecraft.world.level.storage.loot.GsonAdapterFactory$JsonAdapter.deserialize(GsonAdapterFactory.java:102) ~[server-1.20.1-20230612.114412-srg.jar%23473!/:?]
	at com.google.gson.internal.bind.TreeTypeAdapter.read(TreeTypeAdapter.java:76) ~[gson-2.10.jar%2372!/:?]
	at com.google.gson.internal.bind.TypeAdapterRuntimeTypeWrapper.read(TypeAdapterRuntimeTypeWrapper.java:40) ~[gson-2.10.jar%2372!/:?]
	at com.google.gson.internal.bind.ArrayTypeAdapter.read(ArrayTypeAdapter.java:72) ~[gson-2.10.jar%2372!/:?]
	at com.google.gson.Gson.fromJson(Gson.java:1214) ~[gson-2.10.jar%2372!/:?]
	at com.google.gson.Gson.fromJson(Gson.java:1319) ~[gson-2.10.jar%2372!/:?]
	at com.google.gson.Gson.fromJson(Gson.java:1290) ~[gson-2.10.jar%2372!/:?]
	at com.google.gson.internal.bind.TreeTypeAdapter$GsonContextImpl.deserialize(TreeTypeAdapter.java:179) ~[gson-2.10.jar%2372!/:?]
	at net.minecraft.util.GsonHelper.m_13808_(GsonHelper.java:463) ~[server-1.20.1-20230612.114412-srg.jar%23473!/:?]
	at net.minecraft.util.GsonHelper.m_13836_(GsonHelper.java:471) ~[server-1.20.1-20230612.114412-srg.jar%23473!/:?]
	at net.minecraft.world.level.storage.loot.LootPool$Serializer.deserialize(LootPool.java:192) ~[server-1.20.1-20230612.114412-srg.jar%23473!/:?]
	at net.minecraft.world.level.storage.loot.LootPool$Serializer.deserialize(LootPool.java:189) ~[server-1.20.1-20230612.114412-srg.jar%23473!/:?]
	at com.google.gson.internal.bind.TreeTypeAdapter.read(TreeTypeAdapter.java:76) ~[gson-2.10.jar%2372!/:?]
	at com.google.gson.internal.bind.TypeAdapterRuntimeTypeWrapper.read(TypeAdapterRuntimeTypeWrapper.java:40) ~[gson-2.10.jar%2372!/:?]
	at com.google.gson.internal.bind.ArrayTypeAdapter.read(ArrayTypeAdapter.java:72) ~[gson-2.10.jar%2372!/:?]
	at com.google.gson.Gson.fromJson(Gson.java:1214) ~[gson-2.10.jar%2372!/:?]
	at com.google.gson.Gson.fromJson(Gson.java:1319) ~[gson-2.10.jar%2372!/:?]
	at com.google.gson.Gson.fromJson(Gson.java:1290) ~[gson-2.10.jar%2372!/:?]
	at com.google.gson.internal.bind.TreeTypeAdapter$GsonContextImpl.deserialize(TreeTypeAdapter.java:179) ~[gson-2.10.jar%2372!/:?]
	at net.minecraft.util.GsonHelper.m_13808_(GsonHelper.java:463) ~[server-1.20.1-20230612.114412-srg.jar%23473!/:?]
	at net.minecraft.util.GsonHelper.m_13845_(GsonHelper.java:481) ~[server-1.20.1-20230612.114412-srg.jar%23473!/:?]
	at net.minecraft.world.level.storage.loot.LootTable$Serializer.deserialize(LootTable.java:294) ~[server-1.20.1-20230612.114412-srg.jar%23473!/:?]
	at net.minecraft.world.level.storage.loot.LootTable$Serializer.deserialize(LootTable.java:291) ~[server-1.20.1-20230612.114412-srg.jar%23473!/:?]
	at com.google.gson.internal.bind.TreeTypeAdapter.read(TreeTypeAdapter.java:76) ~[gson-2.10.jar%2372!/:?]
	at com.google.gson.Gson.fromJson(Gson.java:1214) ~[gson-2.10.jar%2372!/:?]
	at com.google.gson.Gson.fromJson(Gson.java:1319) ~[gson-2.10.jar%2372!/:?]
	at com.google.gson.Gson.fromJson(Gson.java:1261) ~[gson-2.10.jar%2372!/:?]
	at net.minecraftforge.common.ForgeHooks.loadLootTable(ForgeHooks.java:871) ~[forge-1.20.1-47.4.0-universal.jar%23478!/:?]
	at net.minecraftforge.common.ForgeHooks.lambda$getLootTableDeserializer$3(ForgeHooks.java:848) ~[forge-1.20.1-47.4.0-universal.jar%23478!/:?]
	at net.minecraft.world.level.storage.loot.LootDataType.deserialize(LootDataType.java:45) ~[server-1.20.1-20230612.114412-srg.jar%23473!/:?]
	at net.minecraft.world.level.storage.loot.LootDataManager.lambda$scheduleElementParse$4(LootDataManager.java:56) ~[server-1.20.1-20230612.114412-srg.jar%23473!/:?]
	at java.util.HashMap.forEach(HashMap.java:1421) ~[?:?]
	at net.minecraft.world.level.storage.loot.LootDataManager.m_278660_(LootDataManager.java:55) ~[server-1.20.1-20230612.114412-srg.jar%23473!/:?]
	at java.util.concurrent.CompletableFuture$AsyncRun.run(CompletableFuture.java:1804) ~[?:?]
	at java.util.concurrent.CompletableFuture$AsyncRun.exec(CompletableFuture.java:1796) ~[?:?]
	at java.util.concurrent.ForkJoinTask.doExec(ForkJoinTask.java:373) ~[?:?]
	at java.util.concurrent.ForkJoinPool$WorkQueue.topLevelExec(ForkJoinPool.java:1182) ~[?:?]
	at java.util.concurrent.ForkJoinPool.scan(ForkJoinPool.java:1655) ~[?:?]
	at java.util.concurrent.ForkJoinPool.runWorker(ForkJoinPool.java:1622) ~[?:?]
	at java.util.concurrent.ForkJoinWorkerThread.run(ForkJoinWorkerThread.java:165) ~[?:?]
[10Oct2025 00:16:07.196] [Worker-Main-1/ERROR] [net.minecraftforge.common.ForgeHooks/]: Couldn't parse element loot_tables:overweight_farming:blocks/overweight_ginger_block
com.google.gson.JsonSyntaxException: Expected name to be an item, was unknown string 'snowyspirit:ginger'
	at net.minecraft.util.GsonHelper.m_13866_(GsonHelper.java:145) ~[server-1.20.1-20230612.114412-srg.jar%23473!/:?]
	at java.util.Optional.orElseThrow(Optional.java:403) ~[?:?]
	at net.minecraft.util.GsonHelper.m_13874_(GsonHelper.java:145) ~[server-1.20.1-20230612.114412-srg.jar%23473!/:?]
	at net.minecraft.util.GsonHelper.m_13909_(GsonHelper.java:153) ~[server-1.20.1-20230612.114412-srg.jar%23473!/:?]
	at net.minecraft.world.level.storage.loot.entries.LootItem$Serializer.m_7267_(LootItem.java:55) ~[server-1.20.1-20230612.114412-srg.jar%23473!/:?]
	at net.minecraft.world.level.storage.loot.entries.LootItem$Serializer.m_7267_(LootItem.java:40) ~[server-1.20.1-20230612.114412-srg.jar%23473!/:?]
	at net.minecraft.world.level.storage.loot.entries.LootPoolSingletonContainer$Serializer.m_5921_(LootPoolSingletonContainer.java:151) ~[server-1.20.1-20230612.114412-srg.jar%23473!/:?]
	at net.minecraft.world.level.storage.loot.entries.LootPoolSingletonContainer$Serializer.m_5921_(LootPoolSingletonContainer.java:129) ~[server-1.20.1-20230612.114412-srg.jar%23473!/:?]
	at net.minecraft.world.level.storage.loot.entries.LootPoolEntryContainer$Serializer.m_7561_(LootPoolEntryContainer.java:86) ~[server-1.20.1-20230612.114412-srg.jar%23473!/:?]
	at net.minecraft.world.level.storage.loot.entries.LootPoolEntryContainer$Serializer.m_7561_(LootPoolEntryContainer.java:74) ~[server-1.20.1-20230612.114412-srg.jar%23473!/:?]
	at net.minecraft.world.level.storage.loot.GsonAdapterFactory$JsonAdapter.deserialize(GsonAdapterFactory.java:102) ~[server-1.20.1-20230612.114412-srg.jar%23473!/:?]
	at com.google.gson.internal.bind.TreeTypeAdapter.read(TreeTypeAdapter.java:76) ~[gson-2.10.jar%2372!/:?]
	at com.google.gson.internal.bind.TypeAdapterRuntimeTypeWrapper.read(TypeAdapterRuntimeTypeWrapper.java:40) ~[gson-2.10.jar%2372!/:?]
	at com.google.gson.internal.bind.ArrayTypeAdapter.read(ArrayTypeAdapter.java:72) ~[gson-2.10.jar%2372!/:?]
	at com.google.gson.Gson.fromJson(Gson.java:1214) ~[gson-2.10.jar%2372!/:?]
	at com.google.gson.Gson.fromJson(Gson.java:1319) ~[gson-2.10.jar%2372!/:?]
	at com.google.gson.Gson.fromJson(Gson.java:1290) ~[gson-2.10.jar%2372!/:?]
	at com.google.gson.internal.bind.TreeTypeAdapter$GsonContextImpl.deserialize(TreeTypeAdapter.java:179) ~[gson-2.10.jar%2372!/:?]
	at net.minecraft.util.GsonHelper.m_13808_(GsonHelper.java:463) ~[server-1.20.1-20230612.114412-srg.jar%23473!/:?]
	at net.minecraft.util.GsonHelper.m_13836_(GsonHelper.java:471) ~[server-1.20.1-20230612.114412-srg.jar%23473!/:?]
	at net.minecraft.world.level.storage.loot.entries.CompositeEntryBase$1.m_5921_(CompositeEntryBase.java:61) ~[server-1.20.1-20230612.114412-srg.jar%23473!/:?]
	at net.minecraft.world.level.storage.loot.entries.CompositeEntryBase$1.m_5921_(CompositeEntryBase.java:53) ~[server-1.20.1-20230612.114412-srg.jar%23473!/:?]
	at net.minecraft.world.level.storage.loot.entries.LootPoolEntryContainer$Serializer.m_7561_(LootPoolEntryContainer.java:86) ~[server-1.20.1-20230612.114412-srg.jar%23473!/:?]
	at net.minecraft.world.level.storage.loot.entries.LootPoolEntryContainer$Serializer.m_7561_(LootPoolEntryContainer.java:74) ~[server-1.20.1-20230612.114412-srg.jar%23473!/:?]
	at net.minecraft.world.level.storage.loot.GsonAdapterFactory$JsonAdapter.deserialize(GsonAdapterFactory.java:102) ~[server-1.20.1-20230612.114412-srg.jar%23473!/:?]
	at com.google.gson.internal.bind.TreeTypeAdapter.read(TreeTypeAdapter.java:76) ~[gson-2.10.jar%2372!/:?]
	at com.google.gson.internal.bind.TypeAdapterRuntimeTypeWrapper.read(TypeAdapterRuntimeTypeWrapper.java:40) ~[gson-2.10.jar%2372!/:?]
	at com.google.gson.internal.bind.ArrayTypeAdapter.read(ArrayTypeAdapter.java:72) ~[gson-2.10.jar%2372!/:?]
	at com.google.gson.Gson.fromJson(Gson.java:1214) ~[gson-2.10.jar%2372!/:?]
	at com.google.gson.Gson.fromJson(Gson.java:1319) ~[gson-2.10.jar%2372!/:?]
	at com.google.gson.Gson.fromJson(Gson.java:1290) ~[gson-2.10.jar%2372!/:?]
	at com.google.gson.internal.bind.TreeTypeAdapter$GsonContextImpl.deserialize(TreeTypeAdapter.java:179) ~[gson-2.10.jar%2372!/:?]
	at net.minecraft.util.GsonHelper.m_13808_(GsonHelper.java:463) ~[server-1.20.1-20230612.114412-srg.jar%23473!/:?]
	at net.minecraft.util.GsonHelper.m_13836_(GsonHelper.java:471) ~[server-1.20.1-20230612.114412-srg.jar%23473!/:?]
	at net.minecraft.world.level.storage.loot.entries.CompositeEntryBase$1.m_5921_(CompositeEntryBase.java:61) ~[server-1.20.1-20230612.114412-srg.jar%23473!/:?]
	at net.minecraft.world.level.storage.loot.entries.CompositeEntryBase$1.m_5921_(CompositeEntryBase.java:53) ~[server-1.20.1-20230612.114412-srg.jar%23473!/:?]
	at net.minecraft.world.level.storage.loot.entries.LootPoolEntryContainer$Serializer.m_7561_(LootPoolEntryContainer.java:86) ~[server-1.20.1-20230612.114412-srg.jar%23473!/:?]
	at net.minecraft.world.level.storage.loot.entries.LootPoolEntryContainer$Serializer.m_7561_(LootPoolEntryContainer.java:74) ~[server-1.20.1-20230612.114412-srg.jar%23473!/:?]
	at net.minecraft.world.level.storage.loot.GsonAdapterFactory$JsonAdapter.deserialize(GsonAdapterFactory.java:102) ~[server-1.20.1-20230612.114412-srg.jar%23473!/:?]
	at com.google.gson.internal.bind.TreeTypeAdapter.read(TreeTypeAdapter.java:76) ~[gson-2.10.jar%2372!/:?]
	at com.google.gson.internal.bind.TypeAdapterRuntimeTypeWrapper.read(TypeAdapterRuntimeTypeWrapper.java:40) ~[gson-2.10.jar%2372!/:?]
	at com.google.gson.internal.bind.ArrayTypeAdapter.read(ArrayTypeAdapter.java:72) ~[gson-2.10.jar%2372!/:?]
	at com.google.gson.Gson.fromJson(Gson.java:1214) ~[gson-2.10.jar%2372!/:?]
	at com.google.gson.Gson.fromJson(Gson.java:1319) ~[gson-2.10.jar%2372!/:?]
	at com.google.gson.Gson.fromJson(Gson.java:1290) ~[gson-2.10.jar%2372!/:?]
	at com.google.gson.internal.bind.TreeTypeAdapter$GsonContextImpl.deserialize(TreeTypeAdapter.java:179) ~[gson-2.10.jar%2372!/:?]
	at net.minecraft.util.GsonHelper.m_13808_(GsonHelper.java:463) ~[server-1.20.1-20230612.114412-srg.jar%23473!/:?]
	at net.minecraft.util.GsonHelper.m_13836_(GsonHelper.java:471) ~[server-1.20.1-20230612.114412-srg.jar%23473!/:?]
	at net.minecraft.world.level.storage.loot.LootPool$Serializer.deserialize(LootPool.java:192) ~[server-1.20.1-20230612.114412-srg.jar%23473!/:?]
	at net.minecraft.world.level.storage.loot.LootPool$Serializer.deserialize(LootPool.java:189) ~[server-1.20.1-20230612.114412-srg.jar%23473!/:?]
	at com.google.gson.internal.bind.TreeTypeAdapter.read(TreeTypeAdapter.java:76) ~[gson-2.10.jar%2372!/:?]
	at com.google.gson.internal.bind.TypeAdapterRuntimeTypeWrapper.read(TypeAdapterRuntimeTypeWrapper.java:40) ~[gson-2.10.jar%2372!/:?]
	at com.google.gson.internal.bind.ArrayTypeAdapter.read(ArrayTypeAdapter.java:72) ~[gson-2.10.jar%2372!/:?]
	at com.google.gson.Gson.fromJson(Gson.java:1214) ~[gson-2.10.jar%2372!/:?]
	at com.google.gson.Gson.fromJson(Gson.java:1319) ~[gson-2.10.jar%2372!/:?]
	at com.google.gson.Gson.fromJson(Gson.java:1290) ~[gson-2.10.jar%2372!/:?]
	at com.google.gson.internal.bind.TreeTypeAdapter$GsonContextImpl.deserialize(TreeTypeAdapter.java:179) ~[gson-2.10.jar%2372!/:?]
	at net.minecraft.util.GsonHelper.m_13808_(GsonHelper.java:463) ~[server-1.20.1-20230612.114412-srg.jar%23473!/:?]
	at net.minecraft.util.GsonHelper.m_13845_(GsonHelper.java:481) ~[server-1.20.1-20230612.114412-srg.jar%23473!/:?]
	at net.minecraft.world.level.storage.loot.LootTable$Serializer.deserialize(LootTable.java:294) ~[server-1.20.1-20230612.114412-srg.jar%23473!/:?]
	at net.minecraft.world.level.storage.loot.LootTable$Serializer.deserialize(LootTable.java:291) ~[server-1.20.1-20230612.114412-srg.jar%23473!/:?]
	at com.google.gson.internal.bind.TreeTypeAdapter.read(TreeTypeAdapter.java:76) ~[gson-2.10.jar%2372!/:?]
	at com.google.gson.Gson.fromJson(Gson.java:1214) ~[gson-2.10.jar%2372!/:?]
	at com.google.gson.Gson.fromJson(Gson.java:1319) ~[gson-2.10.jar%2372!/:?]
	at com.google.gson.Gson.fromJson(Gson.java:1261) ~[gson-2.10.jar%2372!/:?]
	at net.minecraftforge.common.ForgeHooks.loadLootTable(ForgeHooks.java:871) ~[forge-1.20.1-47.4.0-universal.jar%23478!/:?]
	at net.minecraftforge.common.ForgeHooks.lambda$getLootTableDeserializer$3(ForgeHooks.java:848) ~[forge-1.20.1-47.4.0-universal.jar%23478!/:?]
	at net.minecraft.world.level.storage.loot.LootDataType.deserialize(LootDataType.java:45) ~[server-1.20.1-20230612.114412-srg.jar%23473!/:?]
	at net.minecraft.world.level.storage.loot.LootDataManager.lambda$scheduleElementParse$4(LootDataManager.java:56) ~[server-1.20.1-20230612.114412-srg.jar%23473!/:?]
	at java.util.HashMap.forEach(HashMap.java:1421) ~[?:?]
	at net.minecraft.world.level.storage.loot.LootDataManager.m_278660_(LootDataManager.java:55) ~[server-1.20.1-20230612.114412-srg.jar%23473!/:?]
	at java.util.concurrent.CompletableFuture$AsyncRun.run(CompletableFuture.java:1804) ~[?:?]
	at java.util.concurrent.CompletableFuture$AsyncRun.exec(CompletableFuture.java:1796) ~[?:?]
	at java.util.concurrent.ForkJoinTask.doExec(ForkJoinTask.java:373) ~[?:?]
	at java.util.concurrent.ForkJoinPool$WorkQueue.topLevelExec(ForkJoinPool.java:1182) ~[?:?]
	at java.util.concurrent.ForkJoinPool.scan(ForkJoinPool.java:1655) ~[?:?]
	at java.util.concurrent.ForkJoinPool.runWorker(ForkJoinPool.java:1622) ~[?:?]
	at java.util.concurrent.ForkJoinWorkerThread.run(ForkJoinWorkerThread.java:165) ~[?:?]
[10Oct2025 00:16:07.277] [Worker-Main-1/ERROR] [net.minecraftforge.common.ForgeHooks/]: Couldn't parse element loot_tables:traveloptics:chests/abyssal_ruins_additions
com.google.gson.JsonSyntaxException: Expected name to be an item, was unknown string 'traveloptics:augment_chaos_epic'
	at net.minecraft.util.GsonHelper.m_13866_(GsonHelper.java:145) ~[server-1.20.1-20230612.114412-srg.jar%23473!/:?]
	at java.util.Optional.orElseThrow(Optional.java:403) ~[?:?]
	at net.minecraft.util.GsonHelper.m_13874_(GsonHelper.java:145) ~[server-1.20.1-20230612.114412-srg.jar%23473!/:?]
	at net.minecraft.util.GsonHelper.m_13909_(GsonHelper.java:153) ~[server-1.20.1-20230612.114412-srg.jar%23473!/:?]
	at net.minecraft.world.level.storage.loot.entries.LootItem$Serializer.m_7267_(LootItem.java:55) ~[server-1.20.1-20230612.114412-srg.jar%23473!/:?]
	at net.minecraft.world.level.storage.loot.entries.LootItem$Serializer.m_7267_(LootItem.java:40) ~[server-1.20.1-20230612.114412-srg.jar%23473!/:?]
	at net.minecraft.world.level.storage.loot.entries.LootPoolSingletonContainer$Serializer.m_5921_(LootPoolSingletonContainer.java:151) ~[server-1.20.1-20230612.114412-srg.jar%23473!/:?]
	at net.minecraft.world.level.storage.loot.entries.LootPoolSingletonContainer$Serializer.m_5921_(LootPoolSingletonContainer.java:129) ~[server-1.20.1-20230612.114412-srg.jar%23473!/:?]
	at net.minecraft.world.level.storage.loot.entries.LootPoolEntryContainer$Serializer.m_7561_(LootPoolEntryContainer.java:86) ~[server-1.20.1-20230612.114412-srg.jar%23473!/:?]
	at net.minecraft.world.level.storage.loot.entries.LootPoolEntryContainer$Serializer.m_7561_(LootPoolEntryContainer.java:74) ~[server-1.20.1-20230612.114412-srg.jar%23473!/:?]
	at net.minecraft.world.level.storage.loot.GsonAdapterFactory$JsonAdapter.deserialize(GsonAdapterFactory.java:102) ~[server-1.20.1-20230612.114412-srg.jar%23473!/:?]
	at com.google.gson.internal.bind.TreeTypeAdapter.read(TreeTypeAdapter.java:76) ~[gson-2.10.jar%2372!/:?]
	at com.google.gson.internal.bind.TypeAdapterRuntimeTypeWrapper.read(TypeAdapterRuntimeTypeWrapper.java:40) ~[gson-2.10.jar%2372!/:?]
	at com.google.gson.internal.bind.ArrayTypeAdapter.read(ArrayTypeAdapter.java:72) ~[gson-2.10.jar%2372!/:?]
	at com.google.gson.Gson.fromJson(Gson.java:1214) ~[gson-2.10.jar%2372!/:?]
	at com.google.gson.Gson.fromJson(Gson.java:1319) ~[gson-2.10.jar%2372!/:?]
	at com.google.gson.Gson.fromJson(Gson.java:1290) ~[gson-2.10.jar%2372!/:?]
	at com.google.gson.internal.bind.TreeTypeAdapter$GsonContextImpl.deserialize(TreeTypeAdapter.java:179) ~[gson-2.10.jar%2372!/:?]
	at net.minecraft.util.GsonHelper.m_13808_(GsonHelper.java:463) ~[server-1.20.1-20230612.114412-srg.jar%23473!/:?]
	at net.minecraft.util.GsonHelper.m_13836_(GsonHelper.java:471) ~[server-1.20.1-20230612.114412-srg.jar%23473!/:?]
	at net.minecraft.world.level.storage.loot.LootPool$Serializer.deserialize(LootPool.java:192) ~[server-1.20.1-20230612.114412-srg.jar%23473!/:?]
	at net.minecraft.world.level.storage.loot.LootPool$Serializer.deserialize(LootPool.java:189) ~[server-1.20.1-20230612.114412-srg.jar%23473!/:?]
	at com.google.gson.internal.bind.TreeTypeAdapter.read(TreeTypeAdapter.java:76) ~[gson-2.10.jar%2372!/:?]
	at com.google.gson.internal.bind.TypeAdapterRuntimeTypeWrapper.read(TypeAdapterRuntimeTypeWrapper.java:40) ~[gson-2.10.jar%2372!/:?]
	at com.google.gson.internal.bind.ArrayTypeAdapter.read(ArrayTypeAdapter.java:72) ~[gson-2.10.jar%2372!/:?]
	at com.google.gson.Gson.fromJson(Gson.java:1214) ~[gson-2.10.jar%2372!/:?]
	at com.google.gson.Gson.fromJson(Gson.java:1319) ~[gson-2.10.jar%2372!/:?]
	at com.google.gson.Gson.fromJson(Gson.java:1290) ~[gson-2.10.jar%2372!/:?]
	at com.google.gson.internal.bind.TreeTypeAdapter$GsonContextImpl.deserialize(TreeTypeAdapter.java:179) ~[gson-2.10.jar%2372!/:?]
	at net.minecraft.util.GsonHelper.m_13808_(GsonHelper.java:463) ~[server-1.20.1-20230612.114412-srg.jar%23473!/:?]
	at net.minecraft.util.GsonHelper.m_13845_(GsonHelper.java:481) ~[server-1.20.1-20230612.114412-srg.jar%23473!/:?]
	at net.minecraft.world.level.storage.loot.LootTable$Serializer.deserialize(LootTable.java:294) ~[server-1.20.1-20230612.114412-srg.jar%23473!/:?]
	at net.minecraft.world.level.storage.loot.LootTable$Serializer.deserialize(LootTable.java:291) ~[server-1.20.1-20230612.114412-srg.jar%23473!/:?]
	at com.google.gson.internal.bind.TreeTypeAdapter.read(TreeTypeAdapter.java:76) ~[gson-2.10.jar%2372!/:?]
	at com.google.gson.Gson.fromJson(Gson.java:1214) ~[gson-2.10.jar%2372!/:?]
	at com.google.gson.Gson.fromJson(Gson.java:1319) ~[gson-2.10.jar%2372!/:?]
	at com.google.gson.Gson.fromJson(Gson.java:1261) ~[gson-2.10.jar%2372!/:?]
	at net.minecraftforge.common.ForgeHooks.loadLootTable(ForgeHooks.java:871) ~[forge-1.20.1-47.4.0-universal.jar%23478!/:?]
	at net.minecraftforge.common.ForgeHooks.lambda$getLootTableDeserializer$3(ForgeHooks.java:848) ~[forge-1.20.1-47.4.0-universal.jar%23478!/:?]
	at net.minecraft.world.level.storage.loot.LootDataType.deserialize(LootDataType.java:45) ~[server-1.20.1-20230612.114412-srg.jar%23473!/:?]
	at net.minecraft.world.level.storage.loot.LootDataManager.lambda$scheduleElementParse$4(LootDataManager.java:56) ~[server-1.20.1-20230612.114412-srg.jar%23473!/:?]
	at java.util.HashMap.forEach(HashMap.java:1421) ~[?:?]
	at net.minecraft.world.level.storage.loot.LootDataManager.m_278660_(LootDataManager.java:55) ~[server-1.20.1-20230612.114412-srg.jar%23473!/:?]
	at java.util.concurrent.CompletableFuture$AsyncRun.run(CompletableFuture.java:1804) ~[?:?]
	at java.util.concurrent.CompletableFuture$AsyncRun.exec(CompletableFuture.java:1796) ~[?:?]
	at java.util.concurrent.ForkJoinTask.doExec(ForkJoinTask.java:373) ~[?:?]
	at java.util.concurrent.ForkJoinPool$WorkQueue.topLevelExec(ForkJoinPool.java:1182) ~[?:?]
	at java.util.concurrent.ForkJoinPool.scan(ForkJoinPool.java:1655) ~[?:?]
	at java.util.concurrent.ForkJoinPool.runWorker(ForkJoinPool.java:1622) ~[?:?]
	at java.util.concurrent.ForkJoinWorkerThread.run(ForkJoinWorkerThread.java:165) ~[?:?]
[10Oct2025 00:16:07.693] [Worker-Main-1/ERROR] [net.minecraftforge.common.ForgeHooks/]: Couldn't parse element loot_tables:overweight_farming:blocks/overweight_kiwi_block
com.google.gson.JsonSyntaxException: Expected name to be an item, was unknown string 'hedgehog:kiwi'
	at net.minecraft.util.GsonHelper.m_13866_(GsonHelper.java:145) ~[server-1.20.1-20230612.114412-srg.jar%23473!/:?]
	at java.util.Optional.orElseThrow(Optional.java:403) ~[?:?]
	at net.minecraft.util.GsonHelper.m_13874_(GsonHelper.java:145) ~[server-1.20.1-20230612.114412-srg.jar%23473!/:?]
	at net.minecraft.util.GsonHelper.m_13909_(GsonHelper.java:153) ~[server-1.20.1-20230612.114412-srg.jar%23473!/:?]
	at net.minecraft.world.level.storage.loot.entries.LootItem$Serializer.m_7267_(LootItem.java:55) ~[server-1.20.1-20230612.114412-srg.jar%23473!/:?]
	at net.minecraft.world.level.storage.loot.entries.LootItem$Serializer.m_7267_(LootItem.java:40) ~[server-1.20.1-20230612.114412-srg.jar%23473!/:?]
	at net.minecraft.world.level.storage.loot.entries.LootPoolSingletonContainer$Serializer.m_5921_(LootPoolSingletonContainer.java:151) ~[server-1.20.1-20230612.114412-srg.jar%23473!/:?]
	at net.minecraft.world.level.storage.loot.entries.LootPoolSingletonContainer$Serializer.m_5921_(LootPoolSingletonContainer.java:129) ~[server-1.20.1-20230612.114412-srg.jar%23473!/:?]
	at net.minecraft.world.level.storage.loot.entries.LootPoolEntryContainer$Serializer.m_7561_(LootPoolEntryContainer.java:86) ~[server-1.20.1-20230612.114412-srg.jar%23473!/:?]
	at net.minecraft.world.level.storage.loot.entries.LootPoolEntryContainer$Serializer.m_7561_(LootPoolEntryContainer.java:74) ~[server-1.20.1-20230612.114412-srg.jar%23473!/:?]
	at net.minecraft.world.level.storage.loot.GsonAdapterFactory$JsonAdapter.deserialize(GsonAdapterFactory.java:102) ~[server-1.20.1-20230612.114412-srg.jar%23473!/:?]
	at com.google.gson.internal.bind.TreeTypeAdapter.read(TreeTypeAdapter.java:76) ~[gson-2.10.jar%2372!/:?]
	at com.google.gson.internal.bind.TypeAdapterRuntimeTypeWrapper.read(TypeAdapterRuntimeTypeWrapper.java:40) ~[gson-2.10.jar%2372!/:?]
	at com.google.gson.internal.bind.ArrayTypeAdapter.read(ArrayTypeAdapter.java:72) ~[gson-2.10.jar%2372!/:?]
	at com.google.gson.Gson.fromJson(Gson.java:1214) ~[gson-2.10.jar%2372!/:?]
	at com.google.gson.Gson.fromJson(Gson.java:1319) ~[gson-2.10.jar%2372!/:?]
	at com.google.gson.Gson.fromJson(Gson.java:1290) ~[gson-2.10.jar%2372!/:?]
	at com.google.gson.internal.bind.TreeTypeAdapter$GsonContextImpl.deserialize(TreeTypeAdapter.java:179) ~[gson-2.10.jar%2372!/:?]
	at net.minecraft.util.GsonHelper.m_13808_(GsonHelper.java:463) ~[server-1.20.1-20230612.114412-srg.jar%23473!/:?]
	at net.minecraft.util.GsonHelper.m_13836_(GsonHelper.java:471) ~[server-1.20.1-20230612.114412-srg.jar%23473!/:?]
	at net.minecraft.world.level.storage.loot.entries.CompositeEntryBase$1.m_5921_(CompositeEntryBase.java:61) ~[server-1.20.1-20230612.114412-srg.jar%23473!/:?]
	at net.minecraft.world.level.storage.loot.entries.CompositeEntryBase$1.m_5921_(CompositeEntryBase.java:53) ~[server-1.20.1-20230612.114412-srg.jar%23473!/:?]
	at net.minecraft.world.level.storage.loot.entries.LootPoolEntryContainer$Serializer.m_7561_(LootPoolEntryContainer.java:86) ~[server-1.20.1-20230612.114412-srg.jar%23473!/:?]
	at net.minecraft.world.level.storage.loot.entries.LootPoolEntryContainer$Serializer.m_7561_(LootPoolEntryContainer.java:74) ~[server-1.20.1-20230612.114412-srg.jar%23473!/:?]
	at net.minecraft.world.level.storage.loot.GsonAdapterFactory$JsonAdapter.deserialize(GsonAdapterFactory.java:102) ~[server-1.20.1-20230612.114412-srg.jar%23473!/:?]
	at com.google.gson.internal.bind.TreeTypeAdapter.read(TreeTypeAdapter.java:76) ~[gson-2.10.jar%2372!/:?]
	at com.google.gson.internal.bind.TypeAdapterRuntimeTypeWrapper.read(TypeAdapterRuntimeTypeWrapper.java:40) ~[gson-2.10.jar%2372!/:?]
	at com.google.gson.internal.bind.ArrayTypeAdapter.read(ArrayTypeAdapter.java:72) ~[gson-2.10.jar%2372!/:?]
	at com.google.gson.Gson.fromJson(Gson.java:1214) ~[gson-2.10.jar%2372!/:?]
	at com.google.gson.Gson.fromJson(Gson.java:1319) ~[gson-2.10.jar%2372!/:?]
	at com.google.gson.Gson.fromJson(Gson.java:1290) ~[gson-2.10.jar%2372!/:?]
	at com.google.gson.internal.bind.TreeTypeAdapter$GsonContextImpl.deserialize(TreeTypeAdapter.java:179) ~[gson-2.10.jar%2372!/:?]
	at net.minecraft.util.GsonHelper.m_13808_(GsonHelper.java:463) ~[server-1.20.1-20230612.114412-srg.jar%23473!/:?]
	at net.minecraft.util.GsonHelper.m_13836_(GsonHelper.java:471) ~[server-1.20.1-20230612.114412-srg.jar%23473!/:?]
	at net.minecraft.world.level.storage.loot.entries.CompositeEntryBase$1.m_5921_(CompositeEntryBase.java:61) ~[server-1.20.1-20230612.114412-srg.jar%23473!/:?]
	at net.minecraft.world.level.storage.loot.entries.CompositeEntryBase$1.m_5921_(CompositeEntryBase.java:53) ~[server-1.20.1-20230612.114412-srg.jar%23473!/:?]
	at net.minecraft.world.level.storage.loot.entries.LootPoolEntryContainer$Serializer.m_7561_(LootPoolEntryContainer.java:86) ~[server-1.20.1-20230612.114412-srg.jar%23473!/:?]
	at net.minecraft.world.level.storage.loot.entries.LootPoolEntryContainer$Serializer.m_7561_(LootPoolEntryContainer.java:74) ~[server-1.20.1-20230612.114412-srg.jar%23473!/:?]
	at net.minecraft.world.level.storage.loot.GsonAdapterFactory$JsonAdapter.deserialize(GsonAdapterFactory.java:102) ~[server-1.20.1-20230612.114412-srg.jar%23473!/:?]
	at com.google.gson.internal.bind.TreeTypeAdapter.read(TreeTypeAdapter.java:76) ~[gson-2.10.jar%2372!/:?]
	at com.google.gson.internal.bind.TypeAdapterRuntimeTypeWrapper.read(TypeAdapterRuntimeTypeWrapper.java:40) ~[gson-2.10.jar%2372!/:?]
	at com.google.gson.internal.bind.ArrayTypeAdapter.read(ArrayTypeAdapter.java:72) ~[gson-2.10.jar%2372!/:?]
	at com.google.gson.Gson.fromJson(Gson.java:1214) ~[gson-2.10.jar%2372!/:?]
	at com.google.gson.Gson.fromJson(Gson.java:1319) ~[gson-2.10.jar%2372!/:?]
	at com.google.gson.Gson.fromJson(Gson.java:1290) ~[gson-2.10.jar%2372!/:?]
	at com.google.gson.internal.bind.TreeTypeAdapter$GsonContextImpl.deserialize(TreeTypeAdapter.java:179) ~[gson-2.10.jar%2372!/:?]
	at net.minecraft.util.GsonHelper.m_13808_(GsonHelper.java:463) ~[server-1.20.1-20230612.114412-srg.jar%23473!/:?]
	at net.minecraft.util.GsonHelper.m_13836_(GsonHelper.java:471) ~[server-1.20.1-20230612.114412-srg.jar%23473!/:?]
	at net.minecraft.world.level.storage.loot.LootPool$Serializer.deserialize(LootPool.java:192) ~[server-1.20.1-20230612.114412-srg.jar%23473!/:?]
	at net.minecraft.world.level.storage.loot.LootPool$Serializer.deserialize(LootPool.java:189) ~[server-1.20.1-20230612.114412-srg.jar%23473!/:?]
	at com.google.gson.internal.bind.TreeTypeAdapter.read(TreeTypeAdapter.java:76) ~[gson-2.10.jar%2372!/:?]
	at com.google.gson.internal.bind.TypeAdapterRuntimeTypeWrapper.read(TypeAdapterRuntimeTypeWrapper.java:40) ~[gson-2.10.jar%2372!/:?]
	at com.google.gson.internal.bind.ArrayTypeAdapter.read(ArrayTypeAdapter.java:72) ~[gson-2.10.jar%2372!/:?]
	at com.google.gson.Gson.fromJson(Gson.java:1214) ~[gson-2.10.jar%2372!/:?]
	at com.google.gson.Gson.fromJson(Gson.java:1319) ~[gson-2.10.jar%2372!/:?]
	at com.google.gson.Gson.fromJson(Gson.java:1290) ~[gson-2.10.jar%2372!/:?]
	at com.google.gson.internal.bind.TreeTypeAdapter$GsonContextImpl.deserialize(TreeTypeAdapter.java:179) ~[gson-2.10.jar%2372!/:?]
	at net.minecraft.util.GsonHelper.m_13808_(GsonHelper.java:463) ~[server-1.20.1-20230612.114412-srg.jar%23473!/:?]
	at net.minecraft.util.GsonHelper.m_13845_(GsonHelper.java:481) ~[server-1.20.1-20230612.114412-srg.jar%23473!/:?]
	at net.minecraft.world.level.storage.loot.LootTable$Serializer.deserialize(LootTable.java:294) ~[server-1.20.1-20230612.114412-srg.jar%23473!/:?]
	at net.minecraft.world.level.storage.loot.LootTable$Serializer.deserialize(LootTable.java:291) ~[server-1.20.1-20230612.114412-srg.jar%23473!/:?]
	at com.google.gson.internal.bind.TreeTypeAdapter.read(TreeTypeAdapter.java:76) ~[gson-2.10.jar%2372!/:?]
	at com.google.gson.Gson.fromJson(Gson.java:1214) ~[gson-2.10.jar%2372!/:?]
	at com.google.gson.Gson.fromJson(Gson.java:1319) ~[gson-2.10.jar%2372!/:?]
	at com.google.gson.Gson.fromJson(Gson.java:1261) ~[gson-2.10.jar%2372!/:?]
	at net.minecraftforge.common.ForgeHooks.loadLootTable(ForgeHooks.java:871) ~[forge-1.20.1-47.4.0-universal.jar%23478!/:?]
	at net.minecraftforge.common.ForgeHooks.lambda$getLootTableDeserializer$3(ForgeHooks.java:848) ~[forge-1.20.1-47.4.0-universal.jar%23478!/:?]
	at net.minecraft.world.level.storage.loot.LootDataType.deserialize(LootDataType.java:45) ~[server-1.20.1-20230612.114412-srg.jar%23473!/:?]
	at net.minecraft.world.level.storage.loot.LootDataManager.lambda$scheduleElementParse$4(LootDataManager.java:56) ~[server-1.20.1-20230612.114412-srg.jar%23473!/:?]
	at java.util.HashMap.forEach(HashMap.java:1421) ~[?:?]
	at net.minecraft.world.level.storage.loot.LootDataManager.m_278660_(LootDataManager.java:55) ~[server-1.20.1-20230612.114412-srg.jar%23473!/:?]
	at java.util.concurrent.CompletableFuture$AsyncRun.run(CompletableFuture.java:1804) ~[?:?]
	at java.util.concurrent.CompletableFuture$AsyncRun.exec(CompletableFuture.java:1796) ~[?:?]
	at java.util.concurrent.ForkJoinTask.doExec(ForkJoinTask.java:373) ~[?:?]
	at java.util.concurrent.ForkJoinPool$WorkQueue.topLevelExec(ForkJoinPool.java:1182) ~[?:?]
	at java.util.concurrent.ForkJoinPool.scan(ForkJoinPool.java:1655) ~[?:?]
	at java.util.concurrent.ForkJoinPool.runWorker(ForkJoinPool.java:1622) ~[?:?]
	at java.util.concurrent.ForkJoinWorkerThread.run(ForkJoinWorkerThread.java:165) ~[?:?]
[10Oct2025 00:16:07.897] [Worker-Main-1/ERROR] [net.minecraftforge.common.ForgeHooks/]: Couldn't parse element loot_tables:mynethersdelight:blocks/blackstone_cooking_pot
com.google.gson.JsonSyntaxException: Unknown type 'mynethersdelight:copy_meal'
	at net.minecraft.world.level.storage.loot.GsonAdapterFactory$JsonAdapter.deserialize(GsonAdapterFactory.java:99) ~[server-1.20.1-20230612.114412-srg.jar%23473!/:?]
	at com.google.gson.internal.bind.TreeTypeAdapter.read(TreeTypeAdapter.java:76) ~[gson-2.10.jar%2372!/:?]
	at com.google.gson.internal.bind.TypeAdapterRuntimeTypeWrapper.read(TypeAdapterRuntimeTypeWrapper.java:40) ~[gson-2.10.jar%2372!/:?]
	at com.google.gson.internal.bind.ArrayTypeAdapter.read(ArrayTypeAdapter.java:72) ~[gson-2.10.jar%2372!/:?]
	at com.google.gson.Gson.fromJson(Gson.java:1214) ~[gson-2.10.jar%2372!/:?]
	at com.google.gson.Gson.fromJson(Gson.java:1319) ~[gson-2.10.jar%2372!/:?]
	at com.google.gson.Gson.fromJson(Gson.java:1290) ~[gson-2.10.jar%2372!/:?]
	at com.google.gson.internal.bind.TreeTypeAdapter$GsonContextImpl.deserialize(TreeTypeAdapter.java:179) ~[gson-2.10.jar%2372!/:?]
	at net.minecraft.util.GsonHelper.m_13808_(GsonHelper.java:463) ~[server-1.20.1-20230612.114412-srg.jar%23473!/:?]
	at net.minecraft.util.GsonHelper.m_13845_(GsonHelper.java:481) ~[server-1.20.1-20230612.114412-srg.jar%23473!/:?]
	at net.minecraft.world.level.storage.loot.entries.LootPoolSingletonContainer$Serializer.m_5921_(LootPoolSingletonContainer.java:149) ~[server-1.20.1-20230612.114412-srg.jar%23473!/:?]
	at net.minecraft.world.level.storage.loot.entries.LootPoolSingletonContainer$Serializer.m_5921_(LootPoolSingletonContainer.java:129) ~[server-1.20.1-20230612.114412-srg.jar%23473!/:?]
	at net.minecraft.world.level.storage.loot.entries.LootPoolEntryContainer$Serializer.m_7561_(LootPoolEntryContainer.java:86) ~[server-1.20.1-20230612.114412-srg.jar%23473!/:?]
	at net.minecraft.world.level.storage.loot.entries.LootPoolEntryContainer$Serializer.m_7561_(LootPoolEntryContainer.java:74) ~[server-1.20.1-20230612.114412-srg.jar%23473!/:?]
	at net.minecraft.world.level.storage.loot.GsonAdapterFactory$JsonAdapter.deserialize(GsonAdapterFactory.java:102) ~[server-1.20.1-20230612.114412-srg.jar%23473!/:?]
	at com.google.gson.internal.bind.TreeTypeAdapter.read(TreeTypeAdapter.java:76) ~[gson-2.10.jar%2372!/:?]
	at com.google.gson.internal.bind.TypeAdapterRuntimeTypeWrapper.read(TypeAdapterRuntimeTypeWrapper.java:40) ~[gson-2.10.jar%2372!/:?]
	at com.google.gson.internal.bind.ArrayTypeAdapter.read(ArrayTypeAdapter.java:72) ~[gson-2.10.jar%2372!/:?]
	at com.google.gson.Gson.fromJson(Gson.java:1214) ~[gson-2.10.jar%2372!/:?]
	at com.google.gson.Gson.fromJson(Gson.java:1319) ~[gson-2.10.jar%2372!/:?]
	at com.google.gson.Gson.fromJson(Gson.java:1290) ~[gson-2.10.jar%2372!/:?]
	at com.google.gson.internal.bind.TreeTypeAdapter$GsonContextImpl.deserialize(TreeTypeAdapter.java:179) ~[gson-2.10.jar%2372!/:?]
	at net.minecraft.util.GsonHelper.m_13808_(GsonHelper.java:463) ~[server-1.20.1-20230612.114412-srg.jar%23473!/:?]
	at net.minecraft.util.GsonHelper.m_13836_(GsonHelper.java:471) ~[server-1.20.1-20230612.114412-srg.jar%23473!/:?]
	at net.minecraft.world.level.storage.loot.LootPool$Serializer.deserialize(LootPool.java:192) ~[server-1.20.1-20230612.114412-srg.jar%23473!/:?]
	at net.minecraft.world.level.storage.loot.LootPool$Serializer.deserialize(LootPool.java:189) ~[server-1.20.1-20230612.114412-srg.jar%23473!/:?]
	at com.google.gson.internal.bind.TreeTypeAdapter.read(TreeTypeAdapter.java:76) ~[gson-2.10.jar%2372!/:?]
	at com.google.gson.internal.bind.TypeAdapterRuntimeTypeWrapper.read(TypeAdapterRuntimeTypeWrapper.java:40) ~[gson-2.10.jar%2372!/:?]
	at com.google.gson.internal.bind.ArrayTypeAdapter.read(ArrayTypeAdapter.java:72) ~[gson-2.10.jar%2372!/:?]
	at com.google.gson.Gson.fromJson(Gson.java:1214) ~[gson-2.10.jar%2372!/:?]
	at com.google.gson.Gson.fromJson(Gson.java:1319) ~[gson-2.10.jar%2372!/:?]
	at com.google.gson.Gson.fromJson(Gson.java:1290) ~[gson-2.10.jar%2372!/:?]
	at com.google.gson.internal.bind.TreeTypeAdapter$GsonContextImpl.deserialize(TreeTypeAdapter.java:179) ~[gson-2.10.jar%2372!/:?]
	at net.minecraft.util.GsonHelper.m_13808_(GsonHelper.java:463) ~[server-1.20.1-20230612.114412-srg.jar%23473!/:?]
	at net.minecraft.util.GsonHelper.m_13845_(GsonHelper.java:481) ~[server-1.20.1-20230612.114412-srg.jar%23473!/:?]
	at net.minecraft.world.level.storage.loot.LootTable$Serializer.deserialize(LootTable.java:294) ~[server-1.20.1-20230612.114412-srg.jar%23473!/:?]
	at net.minecraft.world.level.storage.loot.LootTable$Serializer.deserialize(LootTable.java:291) ~[server-1.20.1-20230612.114412-srg.jar%23473!/:?]
	at com.google.gson.internal.bind.TreeTypeAdapter.read(TreeTypeAdapter.java:76) ~[gson-2.10.jar%2372!/:?]
	at com.google.gson.Gson.fromJson(Gson.java:1214) ~[gson-2.10.jar%2372!/:?]
	at com.google.gson.Gson.fromJson(Gson.java:1319) ~[gson-2.10.jar%2372!/:?]
	at com.google.gson.Gson.fromJson(Gson.java:1261) ~[gson-2.10.jar%2372!/:?]
	at net.minecraftforge.common.ForgeHooks.loadLootTable(ForgeHooks.java:871) ~[forge-1.20.1-47.4.0-universal.jar%23478!/:?]
	at net.minecraftforge.common.ForgeHooks.lambda$getLootTableDeserializer$3(ForgeHooks.java:848) ~[forge-1.20.1-47.4.0-universal.jar%23478!/:?]
	at net.minecraft.world.level.storage.loot.LootDataType.deserialize(LootDataType.java:45) ~[server-1.20.1-20230612.114412-srg.jar%23473!/:?]
	at net.minecraft.world.level.storage.loot.LootDataManager.lambda$scheduleElementParse$4(LootDataManager.java:56) ~[server-1.20.1-20230612.114412-srg.jar%23473!/:?]
	at java.util.HashMap.forEach(HashMap.java:1421) ~[?:?]
	at net.minecraft.world.level.storage.loot.LootDataManager.m_278660_(LootDataManager.java:55) ~[server-1.20.1-20230612.114412-srg.jar%23473!/:?]
	at java.util.concurrent.CompletableFuture$AsyncRun.run(CompletableFuture.java:1804) ~[?:?]
	at java.util.concurrent.CompletableFuture$AsyncRun.exec(CompletableFuture.java:1796) ~[?:?]
	at java.util.concurrent.ForkJoinTask.doExec(ForkJoinTask.java:373) ~[?:?]
	at java.util.concurrent.ForkJoinPool$WorkQueue.topLevelExec(ForkJoinPool.java:1182) ~[?:?]
	at java.util.concurrent.ForkJoinPool.scan(ForkJoinPool.java:1655) ~[?:?]
	at java.util.concurrent.ForkJoinPool.runWorker(ForkJoinPool.java:1622) ~[?:?]
	at java.util.concurrent.ForkJoinWorkerThread.run(ForkJoinWorkerThread.java:165) ~[?:?]
[10Oct2025 00:16:08.016] [Worker-Main-1/ERROR] [net.minecraftforge.common.ForgeHooks/]: Couldn't parse element loot_tables:overweight_farming:blocks/peeled_overweight_kiwi_block
com.google.gson.JsonSyntaxException: Expected name to be an item, was unknown string 'hedgehog:kiwi'
	at net.minecraft.util.GsonHelper.m_13866_(GsonHelper.java:145) ~[server-1.20.1-20230612.114412-srg.jar%23473!/:?]
	at java.util.Optional.orElseThrow(Optional.java:403) ~[?:?]
	at net.minecraft.util.GsonHelper.m_13874_(GsonHelper.java:145) ~[server-1.20.1-20230612.114412-srg.jar%23473!/:?]
	at net.minecraft.util.GsonHelper.m_13909_(GsonHelper.java:153) ~[server-1.20.1-20230612.114412-srg.jar%23473!/:?]
	at net.minecraft.world.level.storage.loot.entries.LootItem$Serializer.m_7267_(LootItem.java:55) ~[server-1.20.1-20230612.114412-srg.jar%23473!/:?]
	at net.minecraft.world.level.storage.loot.entries.LootItem$Serializer.m_7267_(LootItem.java:40) ~[server-1.20.1-20230612.114412-srg.jar%23473!/:?]
	at net.minecraft.world.level.storage.loot.entries.LootPoolSingletonContainer$Serializer.m_5921_(LootPoolSingletonContainer.java:151) ~[server-1.20.1-20230612.114412-srg.jar%23473!/:?]
	at net.minecraft.world.level.storage.loot.entries.LootPoolSingletonContainer$Serializer.m_5921_(LootPoolSingletonContainer.java:129) ~[server-1.20.1-20230612.114412-srg.jar%23473!/:?]
	at net.minecraft.world.level.storage.loot.entries.LootPoolEntryContainer$Serializer.m_7561_(LootPoolEntryContainer.java:86) ~[server-1.20.1-20230612.114412-srg.jar%23473!/:?]
	at net.minecraft.world.level.storage.loot.entries.LootPoolEntryContainer$Serializer.m_7561_(LootPoolEntryContainer.java:74) ~[server-1.20.1-20230612.114412-srg.jar%23473!/:?]
	at net.minecraft.world.level.storage.loot.GsonAdapterFactory$JsonAdapter.deserialize(GsonAdapterFactory.java:102) ~[server-1.20.1-20230612.114412-srg.jar%23473!/:?]
	at com.google.gson.internal.bind.TreeTypeAdapter.read(TreeTypeAdapter.java:76) ~[gson-2.10.jar%2372!/:?]
	at com.google.gson.internal.bind.TypeAdapterRuntimeTypeWrapper.read(TypeAdapterRuntimeTypeWrapper.java:40) ~[gson-2.10.jar%2372!/:?]
	at com.google.gson.internal.bind.ArrayTypeAdapter.read(ArrayTypeAdapter.java:72) ~[gson-2.10.jar%2372!/:?]
	at com.google.gson.Gson.fromJson(Gson.java:1214) ~[gson-2.10.jar%2372!/:?]
	at com.google.gson.Gson.fromJson(Gson.java:1319) ~[gson-2.10.jar%2372!/:?]
	at com.google.gson.Gson.fromJson(Gson.java:1290) ~[gson-2.10.jar%2372!/:?]
	at com.google.gson.internal.bind.TreeTypeAdapter$GsonContextImpl.deserialize(TreeTypeAdapter.java:179) ~[gson-2.10.jar%2372!/:?]
	at net.minecraft.util.GsonHelper.m_13808_(GsonHelper.java:463) ~[server-1.20.1-20230612.114412-srg.jar%23473!/:?]
	at net.minecraft.util.GsonHelper.m_13836_(GsonHelper.java:471) ~[server-1.20.1-20230612.114412-srg.jar%23473!/:?]
	at net.minecraft.world.level.storage.loot.entries.CompositeEntryBase$1.m_5921_(CompositeEntryBase.java:61) ~[server-1.20.1-20230612.114412-srg.jar%23473!/:?]
	at net.minecraft.world.level.storage.loot.entries.CompositeEntryBase$1.m_5921_(CompositeEntryBase.java:53) ~[server-1.20.1-20230612.114412-srg.jar%23473!/:?]
	at net.minecraft.world.level.storage.loot.entries.LootPoolEntryContainer$Serializer.m_7561_(LootPoolEntryContainer.java:86) ~[server-1.20.1-20230612.114412-srg.jar%23473!/:?]
	at net.minecraft.world.level.storage.loot.entries.LootPoolEntryContainer$Serializer.m_7561_(LootPoolEntryContainer.java:74) ~[server-1.20.1-20230612.114412-srg.jar%23473!/:?]
	at net.minecraft.world.level.storage.loot.GsonAdapterFactory$JsonAdapter.deserialize(GsonAdapterFactory.java:102) ~[server-1.20.1-20230612.114412-srg.jar%23473!/:?]
	at com.google.gson.internal.bind.TreeTypeAdapter.read(TreeTypeAdapter.java:76) ~[gson-2.10.jar%2372!/:?]
	at com.google.gson.internal.bind.TypeAdapterRuntimeTypeWrapper.read(TypeAdapterRuntimeTypeWrapper.java:40) ~[gson-2.10.jar%2372!/:?]
	at com.google.gson.internal.bind.ArrayTypeAdapter.read(ArrayTypeAdapter.java:72) ~[gson-2.10.jar%2372!/:?]
	at com.google.gson.Gson.fromJson(Gson.java:1214) ~[gson-2.10.jar%2372!/:?]
	at com.google.gson.Gson.fromJson(Gson.java:1319) ~[gson-2.10.jar%2372!/:?]
	at com.google.gson.Gson.fromJson(Gson.java:1290) ~[gson-2.10.jar%2372!/:?]
	at com.google.gson.internal.bind.TreeTypeAdapter$GsonContextImpl.deserialize(TreeTypeAdapter.java:179) ~[gson-2.10.jar%2372!/:?]
	at net.minecraft.util.GsonHelper.m_13808_(GsonHelper.java:463) ~[server-1.20.1-20230612.114412-srg.jar%23473!/:?]
	at net.minecraft.util.GsonHelper.m_13836_(GsonHelper.java:471) ~[server-1.20.1-20230612.114412-srg.jar%23473!/:?]
	at net.minecraft.world.level.storage.loot.entries.CompositeEntryBase$1.m_5921_(CompositeEntryBase.java:61) ~[server-1.20.1-20230612.114412-srg.jar%23473!/:?]
	at net.minecraft.world.level.storage.loot.entries.CompositeEntryBase$1.m_5921_(CompositeEntryBase.java:53) ~[server-1.20.1-20230612.114412-srg.jar%23473!/:?]
	at net.minecraft.world.level.storage.loot.entries.LootPoolEntryContainer$Serializer.m_7561_(LootPoolEntryContainer.java:86) ~[server-1.20.1-20230612.114412-srg.jar%23473!/:?]
	at net.minecraft.world.level.storage.loot.entries.LootPoolEntryContainer$Serializer.m_7561_(LootPoolEntryContainer.java:74) ~[server-1.20.1-20230612.114412-srg.jar%23473!/:?]
	at net.minecraft.world.level.storage.loot.GsonAdapterFactory$JsonAdapter.deserialize(GsonAdapterFactory.java:102) ~[server-1.20.1-20230612.114412-srg.jar%23473!/:?]
	at com.google.gson.internal.bind.TreeTypeAdapter.read(TreeTypeAdapter.java:76) ~[gson-2.10.jar%2372!/:?]
	at com.google.gson.internal.bind.TypeAdapterRuntimeTypeWrapper.read(TypeAdapterRuntimeTypeWrapper.java:40) ~[gson-2.10.jar%2372!/:?]
	at com.google.gson.internal.bind.ArrayTypeAdapter.read(ArrayTypeAdapter.java:72) ~[gson-2.10.jar%2372!/:?]
	at com.google.gson.Gson.fromJson(Gson.java:1214) ~[gson-2.10.jar%2372!/:?]
	at com.google.gson.Gson.fromJson(Gson.java:1319) ~[gson-2.10.jar%2372!/:?]
	at com.google.gson.Gson.fromJson(Gson.java:1290) ~[gson-2.10.jar%2372!/:?]
	at com.google.gson.internal.bind.TreeTypeAdapter$GsonContextImpl.deserialize(TreeTypeAdapter.java:179) ~[gson-2.10.jar%2372!/:?]
	at net.minecraft.util.GsonHelper.m_13808_(GsonHelper.java:463) ~[server-1.20.1-20230612.114412-srg.jar%23473!/:?]
	at net.minecraft.util.GsonHelper.m_13836_(GsonHelper.java:471) ~[server-1.20.1-20230612.114412-srg.jar%23473!/:?]
	at net.minecraft.world.level.storage.loot.LootPool$Serializer.deserialize(LootPool.java:192) ~[server-1.20.1-20230612.114412-srg.jar%23473!/:?]
	at net.minecraft.world.level.storage.loot.LootPool$Serializer.deserialize(LootPool.java:189) ~[server-1.20.1-20230612.114412-srg.jar%23473!/:?]
	at com.google.gson.internal.bind.TreeTypeAdapter.read(TreeTypeAdapter.java:76) ~[gson-2.10.jar%2372!/:?]
	at com.google.gson.internal.bind.TypeAdapterRuntimeTypeWrapper.read(TypeAdapterRuntimeTypeWrapper.java:40) ~[gson-2.10.jar%2372!/:?]
	at com.google.gson.internal.bind.ArrayTypeAdapter.read(ArrayTypeAdapter.java:72) ~[gson-2.10.jar%2372!/:?]
	at com.google.gson.Gson.fromJson(Gson.java:1214) ~[gson-2.10.jar%2372!/:?]
	at com.google.gson.Gson.fromJson(Gson.java:1319) ~[gson-2.10.jar%2372!/:?]
	at com.google.gson.Gson.fromJson(Gson.java:1290) ~[gson-2.10.jar%2372!/:?]
	at com.google.gson.internal.bind.TreeTypeAdapter$GsonContextImpl.deserialize(TreeTypeAdapter.java:179) ~[gson-2.10.jar%2372!/:?]
	at net.minecraft.util.GsonHelper.m_13808_(GsonHelper.java:463) ~[server-1.20.1-20230612.114412-srg.jar%23473!/:?]
	at net.minecraft.util.GsonHelper.m_13845_(GsonHelper.java:481) ~[server-1.20.1-20230612.114412-srg.jar%23473!/:?]
	at net.minecraft.world.level.storage.loot.LootTable$Serializer.deserialize(LootTable.java:294) ~[server-1.20.1-20230612.114412-srg.jar%23473!/:?]
	at net.minecraft.world.level.storage.loot.LootTable$Serializer.deserialize(LootTable.java:291) ~[server-1.20.1-20230612.114412-srg.jar%23473!/:?]
	at com.google.gson.internal.bind.TreeTypeAdapter.read(TreeTypeAdapter.java:76) ~[gson-2.10.jar%2372!/:?]
	at com.google.gson.Gson.fromJson(Gson.java:1214) ~[gson-2.10.jar%2372!/:?]
	at com.google.gson.Gson.fromJson(Gson.java:1319) ~[gson-2.10.jar%2372!/:?]
	at com.google.gson.Gson.fromJson(Gson.java:1261) ~[gson-2.10.jar%2372!/:?]
	at net.minecraftforge.common.ForgeHooks.loadLootTable(ForgeHooks.java:871) ~[forge-1.20.1-47.4.0-universal.jar%23478!/:?]
	at net.minecraftforge.common.ForgeHooks.lambda$getLootTableDeserializer$3(ForgeHooks.java:848) ~[forge-1.20.1-47.4.0-universal.jar%23478!/:?]
	at net.minecraft.world.level.storage.loot.LootDataType.deserialize(LootDataType.java:45) ~[server-1.20.1-20230612.114412-srg.jar%23473!/:?]
	at net.minecraft.world.level.storage.loot.LootDataManager.lambda$scheduleElementParse$4(LootDataManager.java:56) ~[server-1.20.1-20230612.114412-srg.jar%23473!/:?]
	at java.util.HashMap.forEach(HashMap.java:1421) ~[?:?]
	at net.minecraft.world.level.storage.loot.LootDataManager.m_278660_(LootDataManager.java:55) ~[server-1.20.1-20230612.114412-srg.jar%23473!/:?]
	at java.util.concurrent.CompletableFuture$AsyncRun.run(CompletableFuture.java:1804) ~[?:?]
	at java.util.concurrent.CompletableFuture$AsyncRun.exec(CompletableFuture.java:1796) ~[?:?]
	at java.util.concurrent.ForkJoinTask.doExec(ForkJoinTask.java:373) ~[?:?]
	at java.util.concurrent.ForkJoinPool$WorkQueue.topLevelExec(ForkJoinPool.java:1182) ~[?:?]
	at java.util.concurrent.ForkJoinPool.scan(ForkJoinPool.java:1655) ~[?:?]
	at java.util.concurrent.ForkJoinPool.runWorker(ForkJoinPool.java:1622) ~[?:?]
	at java.util.concurrent.ForkJoinWorkerThread.run(ForkJoinWorkerThread.java:165) ~[?:?]
[10Oct2025 00:16:08.325] [Worker-Main-1/ERROR] [net.minecraftforge.common.ForgeHooks/]: Couldn't parse element loot_tables:condensedores:blocks/dense_quartz
com.google.gson.JsonSyntaxException: Expected name to be an item, was unknown string 'minecraft:quartz_ore'
	at net.minecraft.util.GsonHelper.m_13866_(GsonHelper.java:145) ~[server-1.20.1-20230612.114412-srg.jar%23473!/:?]
	at java.util.Optional.orElseThrow(Optional.java:403) ~[?:?]
	at net.minecraft.util.GsonHelper.m_13874_(GsonHelper.java:145) ~[server-1.20.1-20230612.114412-srg.jar%23473!/:?]
	at net.minecraft.util.GsonHelper.m_13909_(GsonHelper.java:153) ~[server-1.20.1-20230612.114412-srg.jar%23473!/:?]
	at net.minecraft.world.level.storage.loot.entries.LootItem$Serializer.m_7267_(LootItem.java:55) ~[server-1.20.1-20230612.114412-srg.jar%23473!/:?]
	at net.minecraft.world.level.storage.loot.entries.LootItem$Serializer.m_7267_(LootItem.java:40) ~[server-1.20.1-20230612.114412-srg.jar%23473!/:?]
	at net.minecraft.world.level.storage.loot.entries.LootPoolSingletonContainer$Serializer.m_5921_(LootPoolSingletonContainer.java:151) ~[server-1.20.1-20230612.114412-srg.jar%23473!/:?]
	at net.minecraft.world.level.storage.loot.entries.LootPoolSingletonContainer$Serializer.m_5921_(LootPoolSingletonContainer.java:129) ~[server-1.20.1-20230612.114412-srg.jar%23473!/:?]
	at net.minecraft.world.level.storage.loot.entries.LootPoolEntryContainer$Serializer.m_7561_(LootPoolEntryContainer.java:86) ~[server-1.20.1-20230612.114412-srg.jar%23473!/:?]
	at net.minecraft.world.level.storage.loot.entries.LootPoolEntryContainer$Serializer.m_7561_(LootPoolEntryContainer.java:74) ~[server-1.20.1-20230612.114412-srg.jar%23473!/:?]
	at net.minecraft.world.level.storage.loot.GsonAdapterFactory$JsonAdapter.deserialize(GsonAdapterFactory.java:102) ~[server-1.20.1-20230612.114412-srg.jar%23473!/:?]
	at com.google.gson.internal.bind.TreeTypeAdapter.read(TreeTypeAdapter.java:76) ~[gson-2.10.jar%2372!/:?]
	at com.google.gson.internal.bind.TypeAdapterRuntimeTypeWrapper.read(TypeAdapterRuntimeTypeWrapper.java:40) ~[gson-2.10.jar%2372!/:?]
	at com.google.gson.internal.bind.ArrayTypeAdapter.read(ArrayTypeAdapter.java:72) ~[gson-2.10.jar%2372!/:?]
	at com.google.gson.Gson.fromJson(Gson.java:1214) ~[gson-2.10.jar%2372!/:?]
	at com.google.gson.Gson.fromJson(Gson.java:1319) ~[gson-2.10.jar%2372!/:?]
	at com.google.gson.Gson.fromJson(Gson.java:1290) ~[gson-2.10.jar%2372!/:?]
	at com.google.gson.internal.bind.TreeTypeAdapter$GsonContextImpl.deserialize(TreeTypeAdapter.java:179) ~[gson-2.10.jar%2372!/:?]
	at net.minecraft.util.GsonHelper.m_13808_(GsonHelper.java:463) ~[server-1.20.1-20230612.114412-srg.jar%23473!/:?]
	at net.minecraft.util.GsonHelper.m_13836_(GsonHelper.java:471) ~[server-1.20.1-20230612.114412-srg.jar%23473!/:?]
	at net.minecraft.world.level.storage.loot.entries.CompositeEntryBase$1.m_5921_(CompositeEntryBase.java:61) ~[server-1.20.1-20230612.114412-srg.jar%23473!/:?]
	at net.minecraft.world.level.storage.loot.entries.CompositeEntryBase$1.m_5921_(CompositeEntryBase.java:53) ~[server-1.20.1-20230612.114412-srg.jar%23473!/:?]
	at net.minecraft.world.level.storage.loot.entries.LootPoolEntryContainer$Serializer.m_7561_(LootPoolEntryContainer.java:86) ~[server-1.20.1-20230612.114412-srg.jar%23473!/:?]
	at net.minecraft.world.level.storage.loot.entries.LootPoolEntryContainer$Serializer.m_7561_(LootPoolEntryContainer.java:74) ~[server-1.20.1-20230612.114412-srg.jar%23473!/:?]
	at net.minecraft.world.level.storage.loot.GsonAdapterFactory$JsonAdapter.deserialize(GsonAdapterFactory.java:102) ~[server-1.20.1-20230612.114412-srg.jar%23473!/:?]
	at com.google.gson.internal.bind.TreeTypeAdapter.read(TreeTypeAdapter.java:76) ~[gson-2.10.jar%2372!/:?]
	at com.google.gson.internal.bind.TypeAdapterRuntimeTypeWrapper.read(TypeAdapterRuntimeTypeWrapper.java:40) ~[gson-2.10.jar%2372!/:?]
	at com.google.gson.internal.bind.ArrayTypeAdapter.read(ArrayTypeAdapter.java:72) ~[gson-2.10.jar%2372!/:?]
	at com.google.gson.Gson.fromJson(Gson.java:1214) ~[gson-2.10.jar%2372!/:?]
	at com.google.gson.Gson.fromJson(Gson.java:1319) ~[gson-2.10.jar%2372!/:?]
	at com.google.gson.Gson.fromJson(Gson.java:1290) ~[gson-2.10.jar%2372!/:?]
	at com.google.gson.internal.bind.TreeTypeAdapter$GsonContextImpl.deserialize(TreeTypeAdapter.java:179) ~[gson-2.10.jar%2372!/:?]
	at net.minecraft.util.GsonHelper.m_13808_(GsonHelper.java:463) ~[server-1.20.1-20230612.114412-srg.jar%23473!/:?]
	at net.minecraft.util.GsonHelper.m_13836_(GsonHelper.java:471) ~[server-1.20.1-20230612.114412-srg.jar%23473!/:?]
	at net.minecraft.world.level.storage.loot.LootPool$Serializer.deserialize(LootPool.java:192) ~[server-1.20.1-20230612.114412-srg.jar%23473!/:?]
	at net.minecraft.world.level.storage.loot.LootPool$Serializer.deserialize(LootPool.java:189) ~[server-1.20.1-20230612.114412-srg.jar%23473!/:?]
	at com.google.gson.internal.bind.TreeTypeAdapter.read(TreeTypeAdapter.java:76) ~[gson-2.10.jar%2372!/:?]
	at com.google.gson.internal.bind.TypeAdapterRuntimeTypeWrapper.read(TypeAdapterRuntimeTypeWrapper.java:40) ~[gson-2.10.jar%2372!/:?]
	at com.google.gson.internal.bind.ArrayTypeAdapter.read(ArrayTypeAdapter.java:72) ~[gson-2.10.jar%2372!/:?]
	at com.google.gson.Gson.fromJson(Gson.java:1214) ~[gson-2.10.jar%2372!/:?]
	at com.google.gson.Gson.fromJson(Gson.java:1319) ~[gson-2.10.jar%2372!/:?]
	at com.google.gson.Gson.fromJson(Gson.java:1290) ~[gson-2.10.jar%2372!/:?]
	at com.google.gson.internal.bind.TreeTypeAdapter$GsonContextImpl.deserialize(TreeTypeAdapter.java:179) ~[gson-2.10.jar%2372!/:?]
	at net.minecraft.util.GsonHelper.m_13808_(GsonHelper.java:463) ~[server-1.20.1-20230612.114412-srg.jar%23473!/:?]
	at net.minecraft.util.GsonHelper.m_13845_(GsonHelper.java:481) ~[server-1.20.1-20230612.114412-srg.jar%23473!/:?]
	at net.minecraft.world.level.storage.loot.LootTable$Serializer.deserialize(LootTable.java:294) ~[server-1.20.1-20230612.114412-srg.jar%23473!/:?]
	at net.minecraft.world.level.storage.loot.LootTable$Serializer.deserialize(LootTable.java:291) ~[server-1.20.1-20230612.114412-srg.jar%23473!/:?]
	at com.google.gson.internal.bind.TreeTypeAdapter.read(TreeTypeAdapter.java:76) ~[gson-2.10.jar%2372!/:?]
	at com.google.gson.Gson.fromJson(Gson.java:1214) ~[gson-2.10.jar%2372!/:?]
	at com.google.gson.Gson.fromJson(Gson.java:1319) ~[gson-2.10.jar%2372!/:?]
	at com.google.gson.Gson.fromJson(Gson.java:1261) ~[gson-2.10.jar%2372!/:?]
	at net.minecraftforge.common.ForgeHooks.loadLootTable(ForgeHooks.java:871) ~[forge-1.20.1-47.4.0-universal.jar%23478!/:?]
	at net.minecraftforge.common.ForgeHooks.lambda$getLootTableDeserializer$3(ForgeHooks.java:848) ~[forge-1.20.1-47.4.0-universal.jar%23478!/:?]
	at net.minecraft.world.level.storage.loot.LootDataType.deserialize(LootDataType.java:45) ~[server-1.20.1-20230612.114412-srg.jar%23473!/:?]
	at net.minecraft.world.level.storage.loot.LootDataManager.lambda$scheduleElementParse$4(LootDataManager.java:56) ~[server-1.20.1-20230612.114412-srg.jar%23473!/:?]
	at java.util.HashMap.forEach(HashMap.java:1421) ~[?:?]
	at net.minecraft.world.level.storage.loot.LootDataManager.m_278660_(LootDataManager.java:55) ~[server-1.20.1-20230612.114412-srg.jar%23473!/:?]
	at java.util.concurrent.CompletableFuture$AsyncRun.run(CompletableFuture.java:1804) ~[?:?]
	at java.util.concurrent.CompletableFuture$AsyncRun.exec(CompletableFuture.java:1796) ~[?:?]
	at java.util.concurrent.ForkJoinTask.doExec(ForkJoinTask.java:373) ~[?:?]
	at java.util.concurrent.ForkJoinPool$WorkQueue.topLevelExec(ForkJoinPool.java:1182) ~[?:?]
	at java.util.concurrent.ForkJoinPool.scan(ForkJoinPool.java:1655) ~[?:?]
	at java.util.concurrent.ForkJoinPool.runWorker(ForkJoinPool.java:1622) ~[?:?]
	at java.util.concurrent.ForkJoinWorkerThread.run(ForkJoinWorkerThread.java:165) ~[?:?]
[10Oct2025 00:16:09.396] [main/INFO] [com.teamabnormals.blueprint.core.Blueprint/]: Loot Modification Manager has loaded 7 modifier groups
[10Oct2025 00:16:09.472] [main/WARN] [net.minecraft.world.level.storage.loot.LootDataManager/]: Found loot table element validation problem in {loot_tables:just_in_nether:entities/pigmar}.pools[0].entries[1].functions[1]: Parameters [<parameter minecraft:tool>] are not provided in this context
[10Oct2025 00:16:09.472] [main/WARN] [net.minecraft.world.level.storage.loot.LootDataManager/]: Found loot table element validation problem in {loot_tables:just_in_nether:entities/dullkin}.pools[0].entries[0].functions[1]: Parameters [<parameter minecraft:tool>] are not provided in this context
[10Oct2025 00:16:09.472] [main/WARN] [net.minecraft.world.level.storage.loot.LootDataManager/]: Found loot table element validation problem in {loot_tables:just_in_nether:entities/pigmar}.pools[0].entries[0].functions[1]: Parameters [<parameter minecraft:tool>] are not provided in this context
[10Oct2025 00:16:09.472] [main/WARN] [net.minecraft.world.level.storage.loot.LootDataManager/]: Found loot table element validation problem in {loot_tables:born_in_chaos_v1:entities/pumpkinhead}.pools[1].entries[2].functions[1]: Parameters [<parameter minecraft:tool>] are not provided in this context
[10Oct2025 00:16:09.472] [main/WARN] [net.minecraft.world.level.storage.loot.LootDataManager/]: Found loot table element validation problem in {loot_tables:just_in_nether:entities/bullkindar}.pools[0].entries[0].functions[1]: Parameters [<parameter minecraft:tool>] are not provided in this context
[10Oct2025 00:16:09.472] [main/WARN] [net.minecraft.world.level.storage.loot.LootDataManager/]: Found loot table element validation problem in {loot_tables:just_in_nether:entities/dullkin}.pools[0].entries[1].functions[1]: Parameters [<parameter minecraft:tool>] are not provided in this context
[10Oct2025 00:16:09.472] [main/WARN] [net.minecraft.world.level.storage.loot.LootDataManager/]: Found loot table element validation problem in {loot_tables:born_in_chaos_v1:entities/pumpkinhead}.pools[1].entries[1].functions[1]: Parameters [<parameter minecraft:tool>] are not provided in this context
[10Oct2025 00:16:09.472] [main/WARN] [net.minecraft.world.level.storage.loot.LootDataManager/]: Found loot table element validation problem in {loot_tables:born_in_chaos_v1:entities/pumpkinhead}.pools[1].entries[0].functions[1]: Parameters [<parameter minecraft:tool>] are not provided in this context
[10Oct2025 00:16:09.472] [main/WARN] [net.minecraft.world.level.storage.loot.LootDataManager/]: Found loot table element validation problem in {loot_tables:just_in_nether:entities/bullkindar}.pools[0].entries[1].functions[1]: Parameters [<parameter minecraft:tool>] are not provided in this context
[10Oct2025 00:16:09.473] [main/WARN] [net.minecraft.world.level.storage.loot.LootDataManager/]: Found loot table element validation problem in {loot_tables:dungeons_and_combat:chests/catacumbs}.pools[23].entries[0]: Unknown loot table called dacxirons:inject/bonus_loot
[10Oct2025 00:16:09.496] [main/INFO] [net.minecraft.world.item.crafting.RecipeManager/]: Skipping loading recipe collectorsreap:food/portobello_wrap as it's serializer returned null
[10Oct2025 00:16:09.535] [main/INFO] [net.minecraft.world.item.crafting.RecipeManager/]: Skipping loading recipe collectorsreap:food/sea_wrap as it's serializer returned null
[10Oct2025 00:16:09.538] [main/ERROR] [net.minecraft.world.item.crafting.RecipeManager/]: Parsing error loading recipe dungeons_and_combat:dragonsteel_lightning_recipe_long_sword
com.google.gson.JsonSyntaxException: Unknown item 'iceandfire:dragonsteel_lightning_ingot'
	at net.minecraft.world.item.crafting.ShapedRecipe.m_151280_(ShapedRecipe.java:292) ~[server-1.20.1-20230612.114412-srg.jar%23473!/:?]
	at java.util.Optional.orElseThrow(Optional.java:403) ~[?:?]
	at net.minecraft.world.item.crafting.ShapedRecipe.m_151278_(ShapedRecipe.java:291) ~[server-1.20.1-20230612.114412-srg.jar%23473!/:?]
	at net.minecraft.world.item.crafting.Ingredient.m_43919_(Ingredient.java:219) ~[server-1.20.1-20230612.114412-srg.jar%23473!/:?]
	at net.minecraftforge.common.crafting.VanillaIngredientSerializer.parse(VanillaIngredientSerializer.java:27) ~[forge-1.20.1-47.4.0-universal.jar%23478!/:?]
	at net.minecraftforge.common.crafting.CraftingHelper.getIngredient(CraftingHelper.java:148) ~[forge-1.20.1-47.4.0-universal.jar%23478!/:?]
	at net.minecraft.world.item.crafting.Ingredient.m_288218_(Ingredient.java:194) ~[server-1.20.1-20230612.114412-srg.jar%23473!/:?]
	at net.minecraft.world.item.crafting.ShapedRecipe.m_44210_(ShapedRecipe.java:278) ~[server-1.20.1-20230612.114412-srg.jar%23473!/:?]
	at net.minecraft.world.item.crafting.ShapedRecipe$Serializer.m_6729_(ShapedRecipe.java:306) ~[server-1.20.1-20230612.114412-srg.jar%23473!/:?]
	at net.minecraft.world.item.crafting.ShapedRecipe$Serializer.m_6729_(ShapedRecipe.java:301) ~[server-1.20.1-20230612.114412-srg.jar%23473!/:?]
	at net.minecraftforge.common.extensions.IForgeRecipeSerializer.fromJson(IForgeRecipeSerializer.java:23) ~[forge-1.20.1-47.4.0-universal.jar%23478!/:?]
	at net.minecraft.world.item.crafting.RecipeManager.fromJson(RecipeManager.java:171) ~[server-1.20.1-20230612.114412-srg.jar%23473!/:?]
	at net.minecraft.world.item.crafting.RecipeManager.m_5787_(RecipeManager.java:67) ~[server-1.20.1-20230612.114412-srg.jar%23473!/:?]
	at net.minecraft.world.item.crafting.RecipeManager.m_5787_(RecipeManager.java:34) ~[server-1.20.1-20230612.114412-srg.jar%23473!/:?]
	at net.minecraft.server.packs.resources.SimplePreparableReloadListener.m_10789_(SimplePreparableReloadListener.java:13) ~[server-1.20.1-20230612.114412-srg.jar%23473!/:?]
	at java.util.concurrent.CompletableFuture$UniAccept.tryFire(CompletableFuture.java:718) ~[?:?]
	at java.util.concurrent.CompletableFuture$Completion.run(CompletableFuture.java:482) ~[?:?]
	at net.minecraft.server.packs.resources.SimpleReloadInstance.m_143940_(SimpleReloadInstance.java:69) ~[server-1.20.1-20230612.114412-srg.jar%23473!/:?]
	at net.minecraft.Util.m_214652_(Util.java:783) ~[server-1.20.1-20230612.114412-srg.jar%23473!/:?]
	at net.minecraft.Util.m_214679_(Util.java:772) ~[server-1.20.1-20230612.114412-srg.jar%23473!/:?]
	at net.minecraft.server.Main.main(Main.java:166) ~[server-1.20.1-20230612.114412-srg.jar%23473!/:?]
	at jdk.internal.reflect.NativeMethodAccessorImpl.invoke0(Native Method) ~[?:?]
	at jdk.internal.reflect.NativeMethodAccessorImpl.invoke(NativeMethodAccessorImpl.java:77) ~[?:?]
	at jdk.internal.reflect.DelegatingMethodAccessorImpl.invoke(DelegatingMethodAccessorImpl.java:43) ~[?:?]
	at java.lang.reflect.Method.invoke(Method.java:569) ~[?:?]
	at net.minecraftforge.fml.loading.targets.CommonLaunchHandler.runTarget(CommonLaunchHandler.java:111) ~[fmlloader-1.20.1-47.4.0.jar%2369!/:?]
	at net.minecraftforge.fml.loading.targets.CommonLaunchHandler.serverService(CommonLaunchHandler.java:103) ~[fmlloader-1.20.1-47.4.0.jar%2369!/:?]
	at net.minecraftforge.fml.loading.targets.CommonServerLaunchHandler.lambda$makeService$0(CommonServerLaunchHandler.java:27) ~[fmlloader-1.20.1-47.4.0.jar%2369!/:?]
	at cpw.mods.modlauncher.LaunchServiceHandlerDecorator.launch(LaunchServiceHandlerDecorator.java:30) ~[modlauncher-10.0.9.jar%2355!/:?]
	at cpw.mods.modlauncher.LaunchServiceHandler.launch(LaunchServiceHandler.java:53) ~[modlauncher-10.0.9.jar%2355!/:?]
	at cpw.mods.modlauncher.LaunchServiceHandler.launch(LaunchServiceHandler.java:71) ~[modlauncher-10.0.9.jar%2355!/:?]
	at cpw.mods.modlauncher.Launcher.run(Launcher.java:108) ~[modlauncher-10.0.9.jar%2355!/:?]
	at cpw.mods.modlauncher.Launcher.main(Launcher.java:78) ~[modlauncher-10.0.9.jar%2355!/:?]
	at cpw.mods.modlauncher.BootstrapLaunchConsumer.accept(BootstrapLaunchConsumer.java:26) ~[modlauncher-10.0.9.jar%2355!/:?]
	at cpw.mods.modlauncher.BootstrapLaunchConsumer.accept(BootstrapLaunchConsumer.java:23) ~[modlauncher-10.0.9.jar%2355!/:?]
	at cpw.mods.bootstraplauncher.BootstrapLauncher.main(BootstrapLauncher.java:141) ~[bootstraplauncher-1.1.2.jar:?]
[10Oct2025 00:16:09.560] [main/INFO] [net.minecraft.world.item.crafting.RecipeManager/]: Skipping loading recipe botanypots:collectorsreap/crop/portobello_mushroom_colony as it's serializer returned null
[10Oct2025 00:16:09.573] [main/INFO] [net.minecraft.world.item.crafting.RecipeManager/]: Skipping loading recipe collectorsreap:gummy/black_tea as it's serializer returned null
[10Oct2025 00:16:09.576] [main/ERROR] [net.minecraft.world.item.crafting.RecipeManager/]: Parsing error loading recipe dungeons_and_combat:dragonsteel_fire_chestplate
com.google.gson.JsonSyntaxException: Unknown item 'iceandfire:dragonsteel_fire_chestplate'
	at net.minecraft.world.item.crafting.ShapedRecipe.m_151280_(ShapedRecipe.java:292) ~[server-1.20.1-20230612.114412-srg.jar%23473!/:?]
	at java.util.Optional.orElseThrow(Optional.java:403) ~[?:?]
	at net.minecraft.world.item.crafting.ShapedRecipe.m_151278_(ShapedRecipe.java:291) ~[server-1.20.1-20230612.114412-srg.jar%23473!/:?]
	at net.minecraft.world.item.crafting.Ingredient.m_43919_(Ingredient.java:219) ~[server-1.20.1-20230612.114412-srg.jar%23473!/:?]
	at net.minecraftforge.common.crafting.VanillaIngredientSerializer.parse(VanillaIngredientSerializer.java:27) ~[forge-1.20.1-47.4.0-universal.jar%23478!/:?]
	at net.minecraftforge.common.crafting.CraftingHelper.getIngredient(CraftingHelper.java:148) ~[forge-1.20.1-47.4.0-universal.jar%23478!/:?]
	at net.minecraft.world.item.crafting.Ingredient.m_288218_(Ingredient.java:194) ~[server-1.20.1-20230612.114412-srg.jar%23473!/:?]
	at net.minecraft.world.item.crafting.Ingredient.m_43917_(Ingredient.java:189) ~[server-1.20.1-20230612.114412-srg.jar%23473!/:?]
	at net.minecraft.world.item.crafting.SmithingTransformRecipe$Serializer.m_6729_(SmithingTransformRecipe.java:74) ~[server-1.20.1-20230612.114412-srg.jar%23473!/:?]
	at net.minecraft.world.item.crafting.SmithingTransformRecipe$Serializer.m_6729_(SmithingTransformRecipe.java:71) ~[server-1.20.1-20230612.114412-srg.jar%23473!/:?]
	at net.minecraftforge.common.extensions.IForgeRecipeSerializer.fromJson(IForgeRecipeSerializer.java:23) ~[forge-1.20.1-47.4.0-universal.jar%23478!/:?]
	at net.minecraft.world.item.crafting.RecipeManager.fromJson(RecipeManager.java:171) ~[server-1.20.1-20230612.114412-srg.jar%23473!/:?]
	at net.minecraft.world.item.crafting.RecipeManager.m_5787_(RecipeManager.java:67) ~[server-1.20.1-20230612.114412-srg.jar%23473!/:?]
	at net.minecraft.world.item.crafting.RecipeManager.m_5787_(RecipeManager.java:34) ~[server-1.20.1-20230612.114412-srg.jar%23473!/:?]
	at net.minecraft.server.packs.resources.SimplePreparableReloadListener.m_10789_(SimplePreparableReloadListener.java:13) ~[server-1.20.1-20230612.114412-srg.jar%23473!/:?]
	at java.util.concurrent.CompletableFuture$UniAccept.tryFire(CompletableFuture.java:718) ~[?:?]
	at java.util.concurrent.CompletableFuture$Completion.run(CompletableFuture.java:482) ~[?:?]
	at net.minecraft.server.packs.resources.SimpleReloadInstance.m_143940_(SimpleReloadInstance.java:69) ~[server-1.20.1-20230612.114412-srg.jar%23473!/:?]
	at net.minecraft.Util.m_214652_(Util.java:783) ~[server-1.20.1-20230612.114412-srg.jar%23473!/:?]
	at net.minecraft.Util.m_214679_(Util.java:772) ~[server-1.20.1-20230612.114412-srg.jar%23473!/:?]
	at net.minecraft.server.Main.main(Main.java:166) ~[server-1.20.1-20230612.114412-srg.jar%23473!/:?]
	at jdk.internal.reflect.NativeMethodAccessorImpl.invoke0(Native Method) ~[?:?]
	at jdk.internal.reflect.NativeMethodAccessorImpl.invoke(NativeMethodAccessorImpl.java:77) ~[?:?]
	at jdk.internal.reflect.DelegatingMethodAccessorImpl.invoke(DelegatingMethodAccessorImpl.java:43) ~[?:?]
	at java.lang.reflect.Method.invoke(Method.java:569) ~[?:?]
	at net.minecraftforge.fml.loading.targets.CommonLaunchHandler.runTarget(CommonLaunchHandler.java:111) ~[fmlloader-1.20.1-47.4.0.jar%2369!/:?]
	at net.minecraftforge.fml.loading.targets.CommonLaunchHandler.serverService(CommonLaunchHandler.java:103) ~[fmlloader-1.20.1-47.4.0.jar%2369!/:?]
	at net.minecraftforge.fml.loading.targets.CommonServerLaunchHandler.lambda$makeService$0(CommonServerLaunchHandler.java:27) ~[fmlloader-1.20.1-47.4.0.jar%2369!/:?]
	at cpw.mods.modlauncher.LaunchServiceHandlerDecorator.launch(LaunchServiceHandlerDecorator.java:30) ~[modlauncher-10.0.9.jar%2355!/:?]
	at cpw.mods.modlauncher.LaunchServiceHandler.launch(LaunchServiceHandler.java:53) ~[modlauncher-10.0.9.jar%2355!/:?]
	at cpw.mods.modlauncher.LaunchServiceHandler.launch(LaunchServiceHandler.java:71) ~[modlauncher-10.0.9.jar%2355!/:?]
	at cpw.mods.modlauncher.Launcher.run(Launcher.java:108) ~[modlauncher-10.0.9.jar%2355!/:?]
	at cpw.mods.modlauncher.Launcher.main(Launcher.java:78) ~[modlauncher-10.0.9.jar%2355!/:?]
	at cpw.mods.modlauncher.BootstrapLaunchConsumer.accept(BootstrapLaunchConsumer.java:26) ~[modlauncher-10.0.9.jar%2355!/:?]
	at cpw.mods.modlauncher.BootstrapLaunchConsumer.accept(BootstrapLaunchConsumer.java:23) ~[modlauncher-10.0.9.jar%2355!/:?]
	at cpw.mods.bootstraplauncher.BootstrapLauncher.main(BootstrapLauncher.java:141) ~[bootstraplauncher-1.1.2.jar:?]
[10Oct2025 00:16:09.588] [main/INFO] [net.minecraft.world.item.crafting.RecipeManager/]: Skipping loading recipe botanypots:rusticdelight/crop/wild_bell_peppers as it's serializer returned null
[10Oct2025 00:16:09.588] [main/ERROR] [net.minecraft.world.item.crafting.RecipeManager/]: Parsing error loading recipe dungeons_and_combat:dragon_bone_dagger_recipe
com.google.gson.JsonSyntaxException: Unknown item 'iceandfire:dragonbone'
	at net.minecraft.world.item.crafting.ShapedRecipe.m_151280_(ShapedRecipe.java:292) ~[server-1.20.1-20230612.114412-srg.jar%23473!/:?]
	at java.util.Optional.orElseThrow(Optional.java:403) ~[?:?]
	at net.minecraft.world.item.crafting.ShapedRecipe.m_151278_(ShapedRecipe.java:291) ~[server-1.20.1-20230612.114412-srg.jar%23473!/:?]
	at net.minecraft.world.item.crafting.Ingredient.m_43919_(Ingredient.java:219) ~[server-1.20.1-20230612.114412-srg.jar%23473!/:?]
	at net.minecraftforge.common.crafting.VanillaIngredientSerializer.parse(VanillaIngredientSerializer.java:27) ~[forge-1.20.1-47.4.0-universal.jar%23478!/:?]
	at net.minecraftforge.common.crafting.CraftingHelper.getIngredient(CraftingHelper.java:148) ~[forge-1.20.1-47.4.0-universal.jar%23478!/:?]
	at net.minecraft.world.item.crafting.Ingredient.m_288218_(Ingredient.java:194) ~[server-1.20.1-20230612.114412-srg.jar%23473!/:?]
	at net.minecraft.world.item.crafting.ShapedRecipe.m_44210_(ShapedRecipe.java:278) ~[server-1.20.1-20230612.114412-srg.jar%23473!/:?]
	at net.minecraft.world.item.crafting.ShapedRecipe$Serializer.m_6729_(ShapedRecipe.java:306) ~[server-1.20.1-20230612.114412-srg.jar%23473!/:?]
	at net.minecraft.world.item.crafting.ShapedRecipe$Serializer.m_6729_(ShapedRecipe.java:301) ~[server-1.20.1-20230612.114412-srg.jar%23473!/:?]
	at net.minecraftforge.common.extensions.IForgeRecipeSerializer.fromJson(IForgeRecipeSerializer.java:23) ~[forge-1.20.1-47.4.0-universal.jar%23478!/:?]
	at net.minecraft.world.item.crafting.RecipeManager.fromJson(RecipeManager.java:171) ~[server-1.20.1-20230612.114412-srg.jar%23473!/:?]
	at net.minecraft.world.item.crafting.RecipeManager.m_5787_(RecipeManager.java:67) ~[server-1.20.1-20230612.114412-srg.jar%23473!/:?]
	at net.minecraft.world.item.crafting.RecipeManager.m_5787_(RecipeManager.java:34) ~[server-1.20.1-20230612.114412-srg.jar%23473!/:?]
	at net.minecraft.server.packs.resources.SimplePreparableReloadListener.m_10789_(SimplePreparableReloadListener.java:13) ~[server-1.20.1-20230612.114412-srg.jar%23473!/:?]
	at java.util.concurrent.CompletableFuture$UniAccept.tryFire(CompletableFuture.java:718) ~[?:?]
	at java.util.concurrent.CompletableFuture$Completion.run(CompletableFuture.java:482) ~[?:?]
	at net.minecraft.server.packs.resources.SimpleReloadInstance.m_143940_(SimpleReloadInstance.java:69) ~[server-1.20.1-20230612.114412-srg.jar%23473!/:?]
	at net.minecraft.Util.m_214652_(Util.java:783) ~[server-1.20.1-20230612.114412-srg.jar%23473!/:?]
	at net.minecraft.Util.m_214679_(Util.java:772) ~[server-1.20.1-20230612.114412-srg.jar%23473!/:?]
	at net.minecraft.server.Main.main(Main.java:166) ~[server-1.20.1-20230612.114412-srg.jar%23473!/:?]
	at jdk.internal.reflect.NativeMethodAccessorImpl.invoke0(Native Method) ~[?:?]
	at jdk.internal.reflect.NativeMethodAccessorImpl.invoke(NativeMethodAccessorImpl.java:77) ~[?:?]
	at jdk.internal.reflect.DelegatingMethodAccessorImpl.invoke(DelegatingMethodAccessorImpl.java:43) ~[?:?]
	at java.lang.reflect.Method.invoke(Method.java:569) ~[?:?]
	at net.minecraftforge.fml.loading.targets.CommonLaunchHandler.runTarget(CommonLaunchHandler.java:111) ~[fmlloader-1.20.1-47.4.0.jar%2369!/:?]
	at net.minecraftforge.fml.loading.targets.CommonLaunchHandler.serverService(CommonLaunchHandler.java:103) ~[fmlloader-1.20.1-47.4.0.jar%2369!/:?]
	at net.minecraftforge.fml.loading.targets.CommonServerLaunchHandler.lambda$makeService$0(CommonServerLaunchHandler.java:27) ~[fmlloader-1.20.1-47.4.0.jar%2369!/:?]
	at cpw.mods.modlauncher.LaunchServiceHandlerDecorator.launch(LaunchServiceHandlerDecorator.java:30) ~[modlauncher-10.0.9.jar%2355!/:?]
	at cpw.mods.modlauncher.LaunchServiceHandler.launch(LaunchServiceHandler.java:53) ~[modlauncher-10.0.9.jar%2355!/:?]
	at cpw.mods.modlauncher.LaunchServiceHandler.launch(LaunchServiceHandler.java:71) ~[modlauncher-10.0.9.jar%2355!/:?]
	at cpw.mods.modlauncher.Launcher.run(Launcher.java:108) ~[modlauncher-10.0.9.jar%2355!/:?]
	at cpw.mods.modlauncher.Launcher.main(Launcher.java:78) ~[modlauncher-10.0.9.jar%2355!/:?]
	at cpw.mods.modlauncher.BootstrapLaunchConsumer.accept(BootstrapLaunchConsumer.java:26) ~[modlauncher-10.0.9.jar%2355!/:?]
	at cpw.mods.modlauncher.BootstrapLaunchConsumer.accept(BootstrapLaunchConsumer.java:23) ~[modlauncher-10.0.9.jar%2355!/:?]
	at cpw.mods.bootstraplauncher.BootstrapLauncher.main(BootstrapLauncher.java:141) ~[bootstraplauncher-1.1.2.jar:?]
[10Oct2025 00:16:09.609] [main/INFO] [net.minecraft.world.item.crafting.RecipeManager/]: Skipping loading recipe collectorsreap:integration/create/filling/pomegranate_black_tea as it's serializer returned null
[10Oct2025 00:16:09.609] [main/INFO] [net.minecraft.world.item.crafting.RecipeManager/]: Skipping loading recipe collectorsreap:integration/create/mixing/gummy/lime as it's serializer returned null
[10Oct2025 00:16:09.610] [main/ERROR] [net.minecraft.world.item.crafting.RecipeManager/]: Parsing error loading recipe dungeons_and_combat:dragonsteel_fire_leggings
com.google.gson.JsonSyntaxException: Unknown item 'iceandfire:dragonsteel_fire_leggings'
	at net.minecraft.world.item.crafting.ShapedRecipe.m_151280_(ShapedRecipe.java:292) ~[server-1.20.1-20230612.114412-srg.jar%23473!/:?]
	at java.util.Optional.orElseThrow(Optional.java:403) ~[?:?]
	at net.minecraft.world.item.crafting.ShapedRecipe.m_151278_(ShapedRecipe.java:291) ~[server-1.20.1-20230612.114412-srg.jar%23473!/:?]
	at net.minecraft.world.item.crafting.Ingredient.m_43919_(Ingredient.java:219) ~[server-1.20.1-20230612.114412-srg.jar%23473!/:?]
	at net.minecraftforge.common.crafting.VanillaIngredientSerializer.parse(VanillaIngredientSerializer.java:27) ~[forge-1.20.1-47.4.0-universal.jar%23478!/:?]
	at net.minecraftforge.common.crafting.CraftingHelper.getIngredient(CraftingHelper.java:148) ~[forge-1.20.1-47.4.0-universal.jar%23478!/:?]
	at net.minecraft.world.item.crafting.Ingredient.m_288218_(Ingredient.java:194) ~[server-1.20.1-20230612.114412-srg.jar%23473!/:?]
	at net.minecraft.world.item.crafting.Ingredient.m_43917_(Ingredient.java:189) ~[server-1.20.1-20230612.114412-srg.jar%23473!/:?]
	at net.minecraft.world.item.crafting.SmithingTransformRecipe$Serializer.m_6729_(SmithingTransformRecipe.java:74) ~[server-1.20.1-20230612.114412-srg.jar%23473!/:?]
	at net.minecraft.world.item.crafting.SmithingTransformRecipe$Serializer.m_6729_(SmithingTransformRecipe.java:71) ~[server-1.20.1-20230612.114412-srg.jar%23473!/:?]
	at net.minecraftforge.common.extensions.IForgeRecipeSerializer.fromJson(IForgeRecipeSerializer.java:23) ~[forge-1.20.1-47.4.0-universal.jar%23478!/:?]
	at net.minecraft.world.item.crafting.RecipeManager.fromJson(RecipeManager.java:171) ~[server-1.20.1-20230612.114412-srg.jar%23473!/:?]
	at net.minecraft.world.item.crafting.RecipeManager.m_5787_(RecipeManager.java:67) ~[server-1.20.1-20230612.114412-srg.jar%23473!/:?]
	at net.minecraft.world.item.crafting.RecipeManager.m_5787_(RecipeManager.java:34) ~[server-1.20.1-20230612.114412-srg.jar%23473!/:?]
	at net.minecraft.server.packs.resources.SimplePreparableReloadListener.m_10789_(SimplePreparableReloadListener.java:13) ~[server-1.20.1-20230612.114412-srg.jar%23473!/:?]
	at java.util.concurrent.CompletableFuture$UniAccept.tryFire(CompletableFuture.java:718) ~[?:?]
	at java.util.concurrent.CompletableFuture$Completion.run(CompletableFuture.java:482) ~[?:?]
	at net.minecraft.server.packs.resources.SimpleReloadInstance.m_143940_(SimpleReloadInstance.java:69) ~[server-1.20.1-20230612.114412-srg.jar%23473!/:?]
	at net.minecraft.Util.m_214652_(Util.java:783) ~[server-1.20.1-20230612.114412-srg.jar%23473!/:?]
	at net.minecraft.Util.m_214679_(Util.java:772) ~[server-1.20.1-20230612.114412-srg.jar%23473!/:?]
	at net.minecraft.server.Main.main(Main.java:166) ~[server-1.20.1-20230612.114412-srg.jar%23473!/:?]
	at jdk.internal.reflect.NativeMethodAccessorImpl.invoke0(Native Method) ~[?:?]
	at jdk.internal.reflect.NativeMethodAccessorImpl.invoke(NativeMethodAccessorImpl.java:77) ~[?:?]
	at jdk.internal.reflect.DelegatingMethodAccessorImpl.invoke(DelegatingMethodAccessorImpl.java:43) ~[?:?]
	at java.lang.reflect.Method.invoke(Method.java:569) ~[?:?]
	at net.minecraftforge.fml.loading.targets.CommonLaunchHandler.runTarget(CommonLaunchHandler.java:111) ~[fmlloader-1.20.1-47.4.0.jar%2369!/:?]
	at net.minecraftforge.fml.loading.targets.CommonLaunchHandler.serverService(CommonLaunchHandler.java:103) ~[fmlloader-1.20.1-47.4.0.jar%2369!/:?]
	at net.minecraftforge.fml.loading.targets.CommonServerLaunchHandler.lambda$makeService$0(CommonServerLaunchHandler.java:27) ~[fmlloader-1.20.1-47.4.0.jar%2369!/:?]
	at cpw.mods.modlauncher.LaunchServiceHandlerDecorator.launch(LaunchServiceHandlerDecorator.java:30) ~[modlauncher-10.0.9.jar%2355!/:?]
	at cpw.mods.modlauncher.LaunchServiceHandler.launch(LaunchServiceHandler.java:53) ~[modlauncher-10.0.9.jar%2355!/:?]
	at cpw.mods.modlauncher.LaunchServiceHandler.launch(LaunchServiceHandler.java:71) ~[modlauncher-10.0.9.jar%2355!/:?]
	at cpw.mods.modlauncher.Launcher.run(Launcher.java:108) ~[modlauncher-10.0.9.jar%2355!/:?]
	at cpw.mods.modlauncher.Launcher.main(Launcher.java:78) ~[modlauncher-10.0.9.jar%2355!/:?]
	at cpw.mods.modlauncher.BootstrapLaunchConsumer.accept(BootstrapLaunchConsumer.java:26) ~[modlauncher-10.0.9.jar%2355!/:?]
	at cpw.mods.modlauncher.BootstrapLaunchConsumer.accept(BootstrapLaunchConsumer.java:23) ~[modlauncher-10.0.9.jar%2355!/:?]
	at cpw.mods.bootstraplauncher.BootstrapLauncher.main(BootstrapLauncher.java:141) ~[bootstraplauncher-1.1.2.jar:?]
[10Oct2025 00:16:09.632] [main/INFO] [net.minecraft.world.item.crafting.RecipeManager/]: Skipping loading recipe rusticdelight:brewing/coffee as it's serializer returned null
[10Oct2025 00:16:09.643] [main/ERROR] [net.minecraft.world.item.crafting.RecipeManager/]: Parsing error loading recipe legendary_monsters:ender_hammer
com.google.gson.JsonSyntaxException: Unknown item 'legendary_monsters:ender_hammer'
	at net.minecraftforge.common.crafting.CraftingHelper.getItem(CraftingHelper.java:160) ~[forge-1.20.1-47.4.0-universal.jar%23478!/:?]
	at net.minecraftforge.common.crafting.CraftingHelper.getItemStack(CraftingHelper.java:186) ~[forge-1.20.1-47.4.0-universal.jar%23478!/:?]
	at net.minecraft.world.item.crafting.ShapedRecipe.m_151274_(ShapedRecipe.java:286) ~[server-1.20.1-20230612.114412-srg.jar%23473!/:?]
	at net.minecraft.world.item.crafting.ShapedRecipe$Serializer.m_6729_(ShapedRecipe.java:311) ~[server-1.20.1-20230612.114412-srg.jar%23473!/:?]
	at net.minecraft.world.item.crafting.ShapedRecipe$Serializer.m_6729_(ShapedRecipe.java:301) ~[server-1.20.1-20230612.114412-srg.jar%23473!/:?]
	at net.minecraftforge.common.extensions.IForgeRecipeSerializer.fromJson(IForgeRecipeSerializer.java:23) ~[forge-1.20.1-47.4.0-universal.jar%23478!/:?]
	at net.minecraft.world.item.crafting.RecipeManager.fromJson(RecipeManager.java:171) ~[server-1.20.1-20230612.114412-srg.jar%23473!/:?]
	at net.minecraft.world.item.crafting.RecipeManager.m_5787_(RecipeManager.java:67) ~[server-1.20.1-20230612.114412-srg.jar%23473!/:?]
	at net.minecraft.world.item.crafting.RecipeManager.m_5787_(RecipeManager.java:34) ~[server-1.20.1-20230612.114412-srg.jar%23473!/:?]
	at net.minecraft.server.packs.resources.SimplePreparableReloadListener.m_10789_(SimplePreparableReloadListener.java:13) ~[server-1.20.1-20230612.114412-srg.jar%23473!/:?]
	at java.util.concurrent.CompletableFuture$UniAccept.tryFire(CompletableFuture.java:718) ~[?:?]
	at java.util.concurrent.CompletableFuture$Completion.run(CompletableFuture.java:482) ~[?:?]
	at net.minecraft.server.packs.resources.SimpleReloadInstance.m_143940_(SimpleReloadInstance.java:69) ~[server-1.20.1-20230612.114412-srg.jar%23473!/:?]
	at net.minecraft.Util.m_214652_(Util.java:783) ~[server-1.20.1-20230612.114412-srg.jar%23473!/:?]
	at net.minecraft.Util.m_214679_(Util.java:772) ~[server-1.20.1-20230612.114412-srg.jar%23473!/:?]
	at net.minecraft.server.Main.main(Main.java:166) ~[server-1.20.1-20230612.114412-srg.jar%23473!/:?]
	at jdk.internal.reflect.NativeMethodAccessorImpl.invoke0(Native Method) ~[?:?]
	at jdk.internal.reflect.NativeMethodAccessorImpl.invoke(NativeMethodAccessorImpl.java:77) ~[?:?]
	at jdk.internal.reflect.DelegatingMethodAccessorImpl.invoke(DelegatingMethodAccessorImpl.java:43) ~[?:?]
	at java.lang.reflect.Method.invoke(Method.java:569) ~[?:?]
	at net.minecraftforge.fml.loading.targets.CommonLaunchHandler.runTarget(CommonLaunchHandler.java:111) ~[fmlloader-1.20.1-47.4.0.jar%2369!/:?]
	at net.minecraftforge.fml.loading.targets.CommonLaunchHandler.serverService(CommonLaunchHandler.java:103) ~[fmlloader-1.20.1-47.4.0.jar%2369!/:?]
	at net.minecraftforge.fml.loading.targets.CommonServerLaunchHandler.lambda$makeService$0(CommonServerLaunchHandler.java:27) ~[fmlloader-1.20.1-47.4.0.jar%2369!/:?]
	at cpw.mods.modlauncher.LaunchServiceHandlerDecorator.launch(LaunchServiceHandlerDecorator.java:30) ~[modlauncher-10.0.9.jar%2355!/:?]
	at cpw.mods.modlauncher.LaunchServiceHandler.launch(LaunchServiceHandler.java:53) ~[modlauncher-10.0.9.jar%2355!/:?]
	at cpw.mods.modlauncher.LaunchServiceHandler.launch(LaunchServiceHandler.java:71) ~[modlauncher-10.0.9.jar%2355!/:?]
	at cpw.mods.modlauncher.Launcher.run(Launcher.java:108) ~[modlauncher-10.0.9.jar%2355!/:?]
	at cpw.mods.modlauncher.Launcher.main(Launcher.java:78) ~[modlauncher-10.0.9.jar%2355!/:?]
	at cpw.mods.modlauncher.BootstrapLaunchConsumer.accept(BootstrapLaunchConsumer.java:26) ~[modlauncher-10.0.9.jar%2355!/:?]
	at cpw.mods.modlauncher.BootstrapLaunchConsumer.accept(BootstrapLaunchConsumer.java:23) ~[modlauncher-10.0.9.jar%2355!/:?]
	at cpw.mods.bootstraplauncher.BootstrapLauncher.main(BootstrapLauncher.java:141) ~[bootstraplauncher-1.1.2.jar:?]
[10Oct2025 00:16:09.644] [main/ERROR] [net.minecraft.world.item.crafting.RecipeManager/]: Parsing error loading recipe dungeons_and_combat:dragonsteel_ice_helmet
com.google.gson.JsonSyntaxException: Unknown item 'iceandfire:dragonsteel_ice_helmet'
	at net.minecraft.world.item.crafting.ShapedRecipe.m_151280_(ShapedRecipe.java:292) ~[server-1.20.1-20230612.114412-srg.jar%23473!/:?]
	at java.util.Optional.orElseThrow(Optional.java:403) ~[?:?]
	at net.minecraft.world.item.crafting.ShapedRecipe.m_151278_(ShapedRecipe.java:291) ~[server-1.20.1-20230612.114412-srg.jar%23473!/:?]
	at net.minecraft.world.item.crafting.Ingredient.m_43919_(Ingredient.java:219) ~[server-1.20.1-20230612.114412-srg.jar%23473!/:?]
	at net.minecraftforge.common.crafting.VanillaIngredientSerializer.parse(VanillaIngredientSerializer.java:27) ~[forge-1.20.1-47.4.0-universal.jar%23478!/:?]
	at net.minecraftforge.common.crafting.CraftingHelper.getIngredient(CraftingHelper.java:148) ~[forge-1.20.1-47.4.0-universal.jar%23478!/:?]
	at net.minecraft.world.item.crafting.Ingredient.m_288218_(Ingredient.java:194) ~[server-1.20.1-20230612.114412-srg.jar%23473!/:?]
	at net.minecraft.world.item.crafting.Ingredient.m_43917_(Ingredient.java:189) ~[server-1.20.1-20230612.114412-srg.jar%23473!/:?]
	at net.minecraft.world.item.crafting.SmithingTransformRecipe$Serializer.m_6729_(SmithingTransformRecipe.java:74) ~[server-1.20.1-20230612.114412-srg.jar%23473!/:?]
	at net.minecraft.world.item.crafting.SmithingTransformRecipe$Serializer.m_6729_(SmithingTransformRecipe.java:71) ~[server-1.20.1-20230612.114412-srg.jar%23473!/:?]
	at net.minecraftforge.common.extensions.IForgeRecipeSerializer.fromJson(IForgeRecipeSerializer.java:23) ~[forge-1.20.1-47.4.0-universal.jar%23478!/:?]
	at net.minecraft.world.item.crafting.RecipeManager.fromJson(RecipeManager.java:171) ~[server-1.20.1-20230612.114412-srg.jar%23473!/:?]
	at net.minecraft.world.item.crafting.RecipeManager.m_5787_(RecipeManager.java:67) ~[server-1.20.1-20230612.114412-srg.jar%23473!/:?]
	at net.minecraft.world.item.crafting.RecipeManager.m_5787_(RecipeManager.java:34) ~[server-1.20.1-20230612.114412-srg.jar%23473!/:?]
	at net.minecraft.server.packs.resources.SimplePreparableReloadListener.m_10789_(SimplePreparableReloadListener.java:13) ~[server-1.20.1-20230612.114412-srg.jar%23473!/:?]
	at java.util.concurrent.CompletableFuture$UniAccept.tryFire(CompletableFuture.java:718) ~[?:?]
	at java.util.concurrent.CompletableFuture$Completion.run(CompletableFuture.java:482) ~[?:?]
	at net.minecraft.server.packs.resources.SimpleReloadInstance.m_143940_(SimpleReloadInstance.java:69) ~[server-1.20.1-20230612.114412-srg.jar%23473!/:?]
	at net.minecraft.Util.m_214652_(Util.java:783) ~[server-1.20.1-20230612.114412-srg.jar%23473!/:?]
	at net.minecraft.Util.m_214679_(Util.java:772) ~[server-1.20.1-20230612.114412-srg.jar%23473!/:?]
	at net.minecraft.server.Main.main(Main.java:166) ~[server-1.20.1-20230612.114412-srg.jar%23473!/:?]
	at jdk.internal.reflect.NativeMethodAccessorImpl.invoke0(Native Method) ~[?:?]
	at jdk.internal.reflect.NativeMethodAccessorImpl.invoke(NativeMethodAccessorImpl.java:77) ~[?:?]
	at jdk.internal.reflect.DelegatingMethodAccessorImpl.invoke(DelegatingMethodAccessorImpl.java:43) ~[?:?]
	at java.lang.reflect.Method.invoke(Method.java:569) ~[?:?]
	at net.minecraftforge.fml.loading.targets.CommonLaunchHandler.runTarget(CommonLaunchHandler.java:111) ~[fmlloader-1.20.1-47.4.0.jar%2369!/:?]
	at net.minecraftforge.fml.loading.targets.CommonLaunchHandler.serverService(CommonLaunchHandler.java:103) ~[fmlloader-1.20.1-47.4.0.jar%2369!/:?]
	at net.minecraftforge.fml.loading.targets.CommonServerLaunchHandler.lambda$makeService$0(CommonServerLaunchHandler.java:27) ~[fmlloader-1.20.1-47.4.0.jar%2369!/:?]
	at cpw.mods.modlauncher.LaunchServiceHandlerDecorator.launch(LaunchServiceHandlerDecorator.java:30) ~[modlauncher-10.0.9.jar%2355!/:?]
	at cpw.mods.modlauncher.LaunchServiceHandler.launch(LaunchServiceHandler.java:53) ~[modlauncher-10.0.9.jar%2355!/:?]
	at cpw.mods.modlauncher.LaunchServiceHandler.launch(LaunchServiceHandler.java:71) ~[modlauncher-10.0.9.jar%2355!/:?]
	at cpw.mods.modlauncher.Launcher.run(Launcher.java:108) ~[modlauncher-10.0.9.jar%2355!/:?]
	at cpw.mods.modlauncher.Launcher.main(Launcher.java:78) ~[modlauncher-10.0.9.jar%2355!/:?]
	at cpw.mods.modlauncher.BootstrapLaunchConsumer.accept(BootstrapLaunchConsumer.java:26) ~[modlauncher-10.0.9.jar%2355!/:?]
	at cpw.mods.modlauncher.BootstrapLaunchConsumer.accept(BootstrapLaunchConsumer.java:23) ~[modlauncher-10.0.9.jar%2355!/:?]
	at cpw.mods.bootstraplauncher.BootstrapLauncher.main(BootstrapLauncher.java:141) ~[bootstraplauncher-1.1.2.jar:?]
[10Oct2025 00:16:09.646] [main/ERROR] [net.minecraft.world.item.crafting.RecipeManager/]: Parsing error loading recipe dungeons_and_combat:dragonsteel_lightning_leggings
com.google.gson.JsonSyntaxException: Unknown item 'iceandfire:dragonsteel_lightning_leggings'
	at net.minecraft.world.item.crafting.ShapedRecipe.m_151280_(ShapedRecipe.java:292) ~[server-1.20.1-20230612.114412-srg.jar%23473!/:?]
	at java.util.Optional.orElseThrow(Optional.java:403) ~[?:?]
	at net.minecraft.world.item.crafting.ShapedRecipe.m_151278_(ShapedRecipe.java:291) ~[server-1.20.1-20230612.114412-srg.jar%23473!/:?]
	at net.minecraft.world.item.crafting.Ingredient.m_43919_(Ingredient.java:219) ~[server-1.20.1-20230612.114412-srg.jar%23473!/:?]
	at net.minecraftforge.common.crafting.VanillaIngredientSerializer.parse(VanillaIngredientSerializer.java:27) ~[forge-1.20.1-47.4.0-universal.jar%23478!/:?]
	at net.minecraftforge.common.crafting.CraftingHelper.getIngredient(CraftingHelper.java:148) ~[forge-1.20.1-47.4.0-universal.jar%23478!/:?]
	at net.minecraft.world.item.crafting.Ingredient.m_288218_(Ingredient.java:194) ~[server-1.20.1-20230612.114412-srg.jar%23473!/:?]
	at net.minecraft.world.item.crafting.Ingredient.m_43917_(Ingredient.java:189) ~[server-1.20.1-20230612.114412-srg.jar%23473!/:?]
	at net.minecraft.world.item.crafting.SmithingTransformRecipe$Serializer.m_6729_(SmithingTransformRecipe.java:74) ~[server-1.20.1-20230612.114412-srg.jar%23473!/:?]
	at net.minecraft.world.item.crafting.SmithingTransformRecipe$Serializer.m_6729_(SmithingTransformRecipe.java:71) ~[server-1.20.1-20230612.114412-srg.jar%23473!/:?]
	at net.minecraftforge.common.extensions.IForgeRecipeSerializer.fromJson(IForgeRecipeSerializer.java:23) ~[forge-1.20.1-47.4.0-universal.jar%23478!/:?]
	at net.minecraft.world.item.crafting.RecipeManager.fromJson(RecipeManager.java:171) ~[server-1.20.1-20230612.114412-srg.jar%23473!/:?]
	at net.minecraft.world.item.crafting.RecipeManager.m_5787_(RecipeManager.java:67) ~[server-1.20.1-20230612.114412-srg.jar%23473!/:?]
	at net.minecraft.world.item.crafting.RecipeManager.m_5787_(RecipeManager.java:34) ~[server-1.20.1-20230612.114412-srg.jar%23473!/:?]
	at net.minecraft.server.packs.resources.SimplePreparableReloadListener.m_10789_(SimplePreparableReloadListener.java:13) ~[server-1.20.1-20230612.114412-srg.jar%23473!/:?]
	at java.util.concurrent.CompletableFuture$UniAccept.tryFire(CompletableFuture.java:718) ~[?:?]
	at java.util.concurrent.CompletableFuture$Completion.run(CompletableFuture.java:482) ~[?:?]
	at net.minecraft.server.packs.resources.SimpleReloadInstance.m_143940_(SimpleReloadInstance.java:69) ~[server-1.20.1-20230612.114412-srg.jar%23473!/:?]
	at net.minecraft.Util.m_214652_(Util.java:783) ~[server-1.20.1-20230612.114412-srg.jar%23473!/:?]
	at net.minecraft.Util.m_214679_(Util.java:772) ~[server-1.20.1-20230612.114412-srg.jar%23473!/:?]
	at net.minecraft.server.Main.main(Main.java:166) ~[server-1.20.1-20230612.114412-srg.jar%23473!/:?]
	at jdk.internal.reflect.NativeMethodAccessorImpl.invoke0(Native Method) ~[?:?]
	at jdk.internal.reflect.NativeMethodAccessorImpl.invoke(NativeMethodAccessorImpl.java:77) ~[?:?]
	at jdk.internal.reflect.DelegatingMethodAccessorImpl.invoke(DelegatingMethodAccessorImpl.java:43) ~[?:?]
	at java.lang.reflect.Method.invoke(Method.java:569) ~[?:?]
	at net.minecraftforge.fml.loading.targets.CommonLaunchHandler.runTarget(CommonLaunchHandler.java:111) ~[fmlloader-1.20.1-47.4.0.jar%2369!/:?]
	at net.minecraftforge.fml.loading.targets.CommonLaunchHandler.serverService(CommonLaunchHandler.java:103) ~[fmlloader-1.20.1-47.4.0.jar%2369!/:?]
	at net.minecraftforge.fml.loading.targets.CommonServerLaunchHandler.lambda$makeService$0(CommonServerLaunchHandler.java:27) ~[fmlloader-1.20.1-47.4.0.jar%2369!/:?]
	at cpw.mods.modlauncher.LaunchServiceHandlerDecorator.launch(LaunchServiceHandlerDecorator.java:30) ~[modlauncher-10.0.9.jar%2355!/:?]
	at cpw.mods.modlauncher.LaunchServiceHandler.launch(LaunchServiceHandler.java:53) ~[modlauncher-10.0.9.jar%2355!/:?]
	at cpw.mods.modlauncher.LaunchServiceHandler.launch(LaunchServiceHandler.java:71) ~[modlauncher-10.0.9.jar%2355!/:?]
	at cpw.mods.modlauncher.Launcher.run(Launcher.java:108) ~[modlauncher-10.0.9.jar%2355!/:?]
	at cpw.mods.modlauncher.Launcher.main(Launcher.java:78) ~[modlauncher-10.0.9.jar%2355!/:?]
	at cpw.mods.modlauncher.BootstrapLaunchConsumer.accept(BootstrapLaunchConsumer.java:26) ~[modlauncher-10.0.9.jar%2355!/:?]
	at cpw.mods.modlauncher.BootstrapLaunchConsumer.accept(BootstrapLaunchConsumer.java:23) ~[modlauncher-10.0.9.jar%2355!/:?]
	at cpw.mods.bootstraplauncher.BootstrapLauncher.main(BootstrapLauncher.java:141) ~[bootstraplauncher-1.1.2.jar:?]
[10Oct2025 00:16:09.647] [main/INFO] [net.minecraft.world.item.crafting.RecipeManager/]: Skipping loading recipe collectorsreap:integration/create/mixing/gummy/melon as it's serializer returned null
[10Oct2025 00:16:09.681] [main/INFO] [net.minecraft.world.item.crafting.RecipeManager/]: Skipping loading recipe collectorsreap:integration/create/mixing/gummy/adzuki as it's serializer returned null
[10Oct2025 00:16:09.682] [main/INFO] [net.minecraft.world.item.crafting.RecipeManager/]: Skipping loading recipe collectorsreap:food/crab_lasagna as it's serializer returned null
[10Oct2025 00:16:09.695] [main/INFO] [net.minecraft.world.item.crafting.RecipeManager/]: Skipping loading recipe collectorsreap:gummy/passion_fruit as it's serializer returned null
[10Oct2025 00:16:09.695] [main/INFO] [net.minecraft.world.item.crafting.RecipeManager/]: Skipping loading recipe collectorsreap:food/portobello_burger as it's serializer returned null
[10Oct2025 00:16:09.695] [main/ERROR] [net.minecraft.world.item.crafting.RecipeManager/]: Parsing error loading recipe dungeons_and_combat:dragon_ice_lance_recipe
com.google.gson.JsonSyntaxException: Unknown item 'iceandfire:ice_dragon_blood'
	at net.minecraft.world.item.crafting.ShapedRecipe.m_151280_(ShapedRecipe.java:292) ~[server-1.20.1-20230612.114412-srg.jar%23473!/:?]
	at java.util.Optional.orElseThrow(Optional.java:403) ~[?:?]
	at net.minecraft.world.item.crafting.ShapedRecipe.m_151278_(ShapedRecipe.java:291) ~[server-1.20.1-20230612.114412-srg.jar%23473!/:?]
	at net.minecraft.world.item.crafting.Ingredient.m_43919_(Ingredient.java:219) ~[server-1.20.1-20230612.114412-srg.jar%23473!/:?]
	at net.minecraftforge.common.crafting.VanillaIngredientSerializer.parse(VanillaIngredientSerializer.java:27) ~[forge-1.20.1-47.4.0-universal.jar%23478!/:?]
	at net.minecraftforge.common.crafting.CraftingHelper.getIngredient(CraftingHelper.java:148) ~[forge-1.20.1-47.4.0-universal.jar%23478!/:?]
	at net.minecraft.world.item.crafting.Ingredient.m_288218_(Ingredient.java:194) ~[server-1.20.1-20230612.114412-srg.jar%23473!/:?]
	at net.minecraft.world.item.crafting.ShapedRecipe.m_44210_(ShapedRecipe.java:278) ~[server-1.20.1-20230612.114412-srg.jar%23473!/:?]
	at net.minecraft.world.item.crafting.ShapedRecipe$Serializer.m_6729_(ShapedRecipe.java:306) ~[server-1.20.1-20230612.114412-srg.jar%23473!/:?]
	at net.minecraft.world.item.crafting.ShapedRecipe$Serializer.m_6729_(ShapedRecipe.java:301) ~[server-1.20.1-20230612.114412-srg.jar%23473!/:?]
	at net.minecraftforge.common.extensions.IForgeRecipeSerializer.fromJson(IForgeRecipeSerializer.java:23) ~[forge-1.20.1-47.4.0-universal.jar%23478!/:?]
	at net.minecraft.world.item.crafting.RecipeManager.fromJson(RecipeManager.java:171) ~[server-1.20.1-20230612.114412-srg.jar%23473!/:?]
	at net.minecraft.world.item.crafting.RecipeManager.m_5787_(RecipeManager.java:67) ~[server-1.20.1-20230612.114412-srg.jar%23473!/:?]
	at net.minecraft.world.item.crafting.RecipeManager.m_5787_(RecipeManager.java:34) ~[server-1.20.1-20230612.114412-srg.jar%23473!/:?]
	at net.minecraft.server.packs.resources.SimplePreparableReloadListener.m_10789_(SimplePreparableReloadListener.java:13) ~[server-1.20.1-20230612.114412-srg.jar%23473!/:?]
	at java.util.concurrent.CompletableFuture$UniAccept.tryFire(CompletableFuture.java:718) ~[?:?]
	at java.util.concurrent.CompletableFuture$Completion.run(CompletableFuture.java:482) ~[?:?]
	at net.minecraft.server.packs.resources.SimpleReloadInstance.m_143940_(SimpleReloadInstance.java:69) ~[server-1.20.1-20230612.114412-srg.jar%23473!/:?]
	at net.minecraft.Util.m_214652_(Util.java:783) ~[server-1.20.1-20230612.114412-srg.jar%23473!/:?]
	at net.minecraft.Util.m_214679_(Util.java:772) ~[server-1.20.1-20230612.114412-srg.jar%23473!/:?]
	at net.minecraft.server.Main.main(Main.java:166) ~[server-1.20.1-20230612.114412-srg.jar%23473!/:?]
	at jdk.internal.reflect.NativeMethodAccessorImpl.invoke0(Native Method) ~[?:?]
	at jdk.internal.reflect.NativeMethodAccessorImpl.invoke(NativeMethodAccessorImpl.java:77) ~[?:?]
	at jdk.internal.reflect.DelegatingMethodAccessorImpl.invoke(DelegatingMethodAccessorImpl.java:43) ~[?:?]
	at java.lang.reflect.Method.invoke(Method.java:569) ~[?:?]
	at net.minecraftforge.fml.loading.targets.CommonLaunchHandler.runTarget(CommonLaunchHandler.java:111) ~[fmlloader-1.20.1-47.4.0.jar%2369!/:?]
	at net.minecraftforge.fml.loading.targets.CommonLaunchHandler.serverService(CommonLaunchHandler.java:103) ~[fmlloader-1.20.1-47.4.0.jar%2369!/:?]
	at net.minecraftforge.fml.loading.targets.CommonServerLaunchHandler.lambda$makeService$0(CommonServerLaunchHandler.java:27) ~[fmlloader-1.20.1-47.4.0.jar%2369!/:?]
	at cpw.mods.modlauncher.LaunchServiceHandlerDecorator.launch(LaunchServiceHandlerDecorator.java:30) ~[modlauncher-10.0.9.jar%2355!/:?]
	at cpw.mods.modlauncher.LaunchServiceHandler.launch(LaunchServiceHandler.java:53) ~[modlauncher-10.0.9.jar%2355!/:?]
	at cpw.mods.modlauncher.LaunchServiceHandler.launch(LaunchServiceHandler.java:71) ~[modlauncher-10.0.9.jar%2355!/:?]
	at cpw.mods.modlauncher.Launcher.run(Launcher.java:108) ~[modlauncher-10.0.9.jar%2355!/:?]
	at cpw.mods.modlauncher.Launcher.main(Launcher.java:78) ~[modlauncher-10.0.9.jar%2355!/:?]
	at cpw.mods.modlauncher.BootstrapLaunchConsumer.accept(BootstrapLaunchConsumer.java:26) ~[modlauncher-10.0.9.jar%2355!/:?]
	at cpw.mods.modlauncher.BootstrapLaunchConsumer.accept(BootstrapLaunchConsumer.java:23) ~[modlauncher-10.0.9.jar%2355!/:?]
	at cpw.mods.bootstraplauncher.BootstrapLauncher.main(BootstrapLauncher.java:141) ~[bootstraplauncher-1.1.2.jar:?]
[10Oct2025 00:16:09.726] [main/INFO] [net.minecraft.world.item.crafting.RecipeManager/]: Skipping loading recipe expanded_combat:netherite_arrow_fletching as it's serializer returned null
[10Oct2025 00:16:09.736] [main/INFO] [net.minecraft.world.item.crafting.RecipeManager/]: Skipping loading recipe collectorsreap:brewing/lime_green_tea as it's serializer returned null
[10Oct2025 00:16:09.736] [main/ERROR] [net.minecraft.world.item.crafting.RecipeManager/]: Parsing error loading recipe oceanic_delight:jeed_instant_breath
com.google.gson.JsonSyntaxException: Invalid or unsupported recipe type 'jeed:effect_provider'
	at net.minecraft.world.item.crafting.RecipeManager.m_220253_(RecipeManager.java:170) ~[server-1.20.1-20230612.114412-srg.jar%23473!/:?]
	at java.util.Optional.orElseThrow(Optional.java:403) ~[?:?]
	at net.minecraft.world.item.crafting.RecipeManager.fromJson(RecipeManager.java:169) ~[server-1.20.1-20230612.114412-srg.jar%23473!/:?]
	at net.minecraft.world.item.crafting.RecipeManager.m_5787_(RecipeManager.java:67) ~[server-1.20.1-20230612.114412-srg.jar%23473!/:?]
	at net.minecraft.world.item.crafting.RecipeManager.m_5787_(RecipeManager.java:34) ~[server-1.20.1-20230612.114412-srg.jar%23473!/:?]
	at net.minecraft.server.packs.resources.SimplePreparableReloadListener.m_10789_(SimplePreparableReloadListener.java:13) ~[server-1.20.1-20230612.114412-srg.jar%23473!/:?]
	at java.util.concurrent.CompletableFuture$UniAccept.tryFire(CompletableFuture.java:718) ~[?:?]
	at java.util.concurrent.CompletableFuture$Completion.run(CompletableFuture.java:482) ~[?:?]
	at net.minecraft.server.packs.resources.SimpleReloadInstance.m_143940_(SimpleReloadInstance.java:69) ~[server-1.20.1-20230612.114412-srg.jar%23473!/:?]
	at net.minecraft.Util.m_214652_(Util.java:783) ~[server-1.20.1-20230612.114412-srg.jar%23473!/:?]
	at net.minecraft.Util.m_214679_(Util.java:772) ~[server-1.20.1-20230612.114412-srg.jar%23473!/:?]
	at net.minecraft.server.Main.main(Main.java:166) ~[server-1.20.1-20230612.114412-srg.jar%23473!/:?]
	at jdk.internal.reflect.NativeMethodAccessorImpl.invoke0(Native Method) ~[?:?]
	at jdk.internal.reflect.NativeMethodAccessorImpl.invoke(NativeMethodAccessorImpl.java:77) ~[?:?]
	at jdk.internal.reflect.DelegatingMethodAccessorImpl.invoke(DelegatingMethodAccessorImpl.java:43) ~[?:?]
	at java.lang.reflect.Method.invoke(Method.java:569) ~[?:?]
	at net.minecraftforge.fml.loading.targets.CommonLaunchHandler.runTarget(CommonLaunchHandler.java:111) ~[fmlloader-1.20.1-47.4.0.jar%2369!/:?]
	at net.minecraftforge.fml.loading.targets.CommonLaunchHandler.serverService(CommonLaunchHandler.java:103) ~[fmlloader-1.20.1-47.4.0.jar%2369!/:?]
	at net.minecraftforge.fml.loading.targets.CommonServerLaunchHandler.lambda$makeService$0(CommonServerLaunchHandler.java:27) ~[fmlloader-1.20.1-47.4.0.jar%2369!/:?]
	at cpw.mods.modlauncher.LaunchServiceHandlerDecorator.launch(LaunchServiceHandlerDecorator.java:30) ~[modlauncher-10.0.9.jar%2355!/:?]
	at cpw.mods.modlauncher.LaunchServiceHandler.launch(LaunchServiceHandler.java:53) ~[modlauncher-10.0.9.jar%2355!/:?]
	at cpw.mods.modlauncher.LaunchServiceHandler.launch(LaunchServiceHandler.java:71) ~[modlauncher-10.0.9.jar%2355!/:?]
	at cpw.mods.modlauncher.Launcher.run(Launcher.java:108) ~[modlauncher-10.0.9.jar%2355!/:?]
	at cpw.mods.modlauncher.Launcher.main(Launcher.java:78) ~[modlauncher-10.0.9.jar%2355!/:?]
	at cpw.mods.modlauncher.BootstrapLaunchConsumer.accept(BootstrapLaunchConsumer.java:26) ~[modlauncher-10.0.9.jar%2355!/:?]
	at cpw.mods.modlauncher.BootstrapLaunchConsumer.accept(BootstrapLaunchConsumer.java:23) ~[modlauncher-10.0.9.jar%2355!/:?]
	at cpw.mods.bootstraplauncher.BootstrapLauncher.main(BootstrapLauncher.java:141) ~[bootstraplauncher-1.1.2.jar:?]
[10Oct2025 00:16:09.747] [main/INFO] [net.minecraft.world.item.crafting.RecipeManager/]: Skipping loading recipe collectorsreap:integration/create/mixing/gummy/black_tea as it's serializer returned null
[10Oct2025 00:16:09.747] [main/INFO] [net.minecraft.world.item.crafting.RecipeManager/]: Skipping loading recipe twilightforest:jeed/frosted as it's serializer returned null
[10Oct2025 00:16:09.756] [main/ERROR] [net.minecraft.world.item.crafting.RecipeManager/]: Parsing error loading recipe dungeons_and_combat:amethyst_leggings
com.google.gson.JsonSyntaxException: Unknown item 'iceandfire:armor_amythest_leggings'
	at net.minecraft.world.item.crafting.ShapedRecipe.m_151280_(ShapedRecipe.java:292) ~[server-1.20.1-20230612.114412-srg.jar%23473!/:?]
	at java.util.Optional.orElseThrow(Optional.java:403) ~[?:?]
	at net.minecraft.world.item.crafting.ShapedRecipe.m_151278_(ShapedRecipe.java:291) ~[server-1.20.1-20230612.114412-srg.jar%23473!/:?]
	at net.minecraft.world.item.crafting.Ingredient.m_43919_(Ingredient.java:219) ~[server-1.20.1-20230612.114412-srg.jar%23473!/:?]
	at net.minecraftforge.common.crafting.VanillaIngredientSerializer.parse(VanillaIngredientSerializer.java:27) ~[forge-1.20.1-47.4.0-universal.jar%23478!/:?]
	at net.minecraftforge.common.crafting.CraftingHelper.getIngredient(CraftingHelper.java:148) ~[forge-1.20.1-47.4.0-universal.jar%23478!/:?]
	at net.minecraft.world.item.crafting.Ingredient.m_288218_(Ingredient.java:194) ~[server-1.20.1-20230612.114412-srg.jar%23473!/:?]
	at net.minecraft.world.item.crafting.Ingredient.m_43917_(Ingredient.java:189) ~[server-1.20.1-20230612.114412-srg.jar%23473!/:?]
	at net.minecraft.world.item.crafting.SmithingTransformRecipe$Serializer.m_6729_(SmithingTransformRecipe.java:74) ~[server-1.20.1-20230612.114412-srg.jar%23473!/:?]
	at net.minecraft.world.item.crafting.SmithingTransformRecipe$Serializer.m_6729_(SmithingTransformRecipe.java:71) ~[server-1.20.1-20230612.114412-srg.jar%23473!/:?]
	at net.minecraftforge.common.extensions.IForgeRecipeSerializer.fromJson(IForgeRecipeSerializer.java:23) ~[forge-1.20.1-47.4.0-universal.jar%23478!/:?]
	at net.minecraft.world.item.crafting.RecipeManager.fromJson(RecipeManager.java:171) ~[server-1.20.1-20230612.114412-srg.jar%23473!/:?]
	at net.minecraft.world.item.crafting.RecipeManager.m_5787_(RecipeManager.java:67) ~[server-1.20.1-20230612.114412-srg.jar%23473!/:?]
	at net.minecraft.world.item.crafting.RecipeManager.m_5787_(RecipeManager.java:34) ~[server-1.20.1-20230612.114412-srg.jar%23473!/:?]
	at net.minecraft.server.packs.resources.SimplePreparableReloadListener.m_10789_(SimplePreparableReloadListener.java:13) ~[server-1.20.1-20230612.114412-srg.jar%23473!/:?]
	at java.util.concurrent.CompletableFuture$UniAccept.tryFire(CompletableFuture.java:718) ~[?:?]
	at java.util.concurrent.CompletableFuture$Completion.run(CompletableFuture.java:482) ~[?:?]
	at net.minecraft.server.packs.resources.SimpleReloadInstance.m_143940_(SimpleReloadInstance.java:69) ~[server-1.20.1-20230612.114412-srg.jar%23473!/:?]
	at net.minecraft.Util.m_214652_(Util.java:783) ~[server-1.20.1-20230612.114412-srg.jar%23473!/:?]
	at net.minecraft.Util.m_214679_(Util.java:772) ~[server-1.20.1-20230612.114412-srg.jar%23473!/:?]
	at net.minecraft.server.Main.main(Main.java:166) ~[server-1.20.1-20230612.114412-srg.jar%23473!/:?]
	at jdk.internal.reflect.NativeMethodAccessorImpl.invoke0(Native Method) ~[?:?]
	at jdk.internal.reflect.NativeMethodAccessorImpl.invoke(NativeMethodAccessorImpl.java:77) ~[?:?]
	at jdk.internal.reflect.DelegatingMethodAccessorImpl.invoke(DelegatingMethodAccessorImpl.java:43) ~[?:?]
	at java.lang.reflect.Method.invoke(Method.java:569) ~[?:?]
	at net.minecraftforge.fml.loading.targets.CommonLaunchHandler.runTarget(CommonLaunchHandler.java:111) ~[fmlloader-1.20.1-47.4.0.jar%2369!/:?]
	at net.minecraftforge.fml.loading.targets.CommonLaunchHandler.serverService(CommonLaunchHandler.java:103) ~[fmlloader-1.20.1-47.4.0.jar%2369!/:?]
	at net.minecraftforge.fml.loading.targets.CommonServerLaunchHandler.lambda$makeService$0(CommonServerLaunchHandler.java:27) ~[fmlloader-1.20.1-47.4.0.jar%2369!/:?]
	at cpw.mods.modlauncher.LaunchServiceHandlerDecorator.launch(LaunchServiceHandlerDecorator.java:30) ~[modlauncher-10.0.9.jar%2355!/:?]
	at cpw.mods.modlauncher.LaunchServiceHandler.launch(LaunchServiceHandler.java:53) ~[modlauncher-10.0.9.jar%2355!/:?]
	at cpw.mods.modlauncher.LaunchServiceHandler.launch(LaunchServiceHandler.java:71) ~[modlauncher-10.0.9.jar%2355!/:?]
	at cpw.mods.modlauncher.Launcher.run(Launcher.java:108) ~[modlauncher-10.0.9.jar%2355!/:?]
	at cpw.mods.modlauncher.Launcher.main(Launcher.java:78) ~[modlauncher-10.0.9.jar%2355!/:?]
	at cpw.mods.modlauncher.BootstrapLaunchConsumer.accept(BootstrapLaunchConsumer.java:26) ~[modlauncher-10.0.9.jar%2355!/:?]
	at cpw.mods.modlauncher.BootstrapLaunchConsumer.accept(BootstrapLaunchConsumer.java:23) ~[modlauncher-10.0.9.jar%2355!/:?]
	at cpw.mods.bootstraplauncher.BootstrapLauncher.main(BootstrapLauncher.java:141) ~[bootstraplauncher-1.1.2.jar:?]
[10Oct2025 00:16:09.757] [main/ERROR] [net.minecraft.world.item.crafting.RecipeManager/]: Parsing error loading recipe dungeons_and_combat:dragon_ice_greatsword_recipe
com.google.gson.JsonSyntaxException: Unknown item 'iceandfire:ice_dragon_blood'
	at net.minecraft.world.item.crafting.ShapedRecipe.m_151280_(ShapedRecipe.java:292) ~[server-1.20.1-20230612.114412-srg.jar%23473!/:?]
	at java.util.Optional.orElseThrow(Optional.java:403) ~[?:?]
	at net.minecraft.world.item.crafting.ShapedRecipe.m_151278_(ShapedRecipe.java:291) ~[server-1.20.1-20230612.114412-srg.jar%23473!/:?]
	at net.minecraft.world.item.crafting.Ingredient.m_43919_(Ingredient.java:219) ~[server-1.20.1-20230612.114412-srg.jar%23473!/:?]
	at net.minecraftforge.common.crafting.VanillaIngredientSerializer.parse(VanillaIngredientSerializer.java:27) ~[forge-1.20.1-47.4.0-universal.jar%23478!/:?]
	at net.minecraftforge.common.crafting.CraftingHelper.getIngredient(CraftingHelper.java:148) ~[forge-1.20.1-47.4.0-universal.jar%23478!/:?]
	at net.minecraft.world.item.crafting.Ingredient.m_288218_(Ingredient.java:194) ~[server-1.20.1-20230612.114412-srg.jar%23473!/:?]
	at net.minecraft.world.item.crafting.ShapedRecipe.m_44210_(ShapedRecipe.java:278) ~[server-1.20.1-20230612.114412-srg.jar%23473!/:?]
	at net.minecraft.world.item.crafting.ShapedRecipe$Serializer.m_6729_(ShapedRecipe.java:306) ~[server-1.20.1-20230612.114412-srg.jar%23473!/:?]
	at net.minecraft.world.item.crafting.ShapedRecipe$Serializer.m_6729_(ShapedRecipe.java:301) ~[server-1.20.1-20230612.114412-srg.jar%23473!/:?]
	at net.minecraftforge.common.extensions.IForgeRecipeSerializer.fromJson(IForgeRecipeSerializer.java:23) ~[forge-1.20.1-47.4.0-universal.jar%23478!/:?]
	at net.minecraft.world.item.crafting.RecipeManager.fromJson(RecipeManager.java:171) ~[server-1.20.1-20230612.114412-srg.jar%23473!/:?]
	at net.minecraft.world.item.crafting.RecipeManager.m_5787_(RecipeManager.java:67) ~[server-1.20.1-20230612.114412-srg.jar%23473!/:?]
	at net.minecraft.world.item.crafting.RecipeManager.m_5787_(RecipeManager.java:34) ~[server-1.20.1-20230612.114412-srg.jar%23473!/:?]
	at net.minecraft.server.packs.resources.SimplePreparableReloadListener.m_10789_(SimplePreparableReloadListener.java:13) ~[server-1.20.1-20230612.114412-srg.jar%23473!/:?]
	at java.util.concurrent.CompletableFuture$UniAccept.tryFire(CompletableFuture.java:718) ~[?:?]
	at java.util.concurrent.CompletableFuture$Completion.run(CompletableFuture.java:482) ~[?:?]
	at net.minecraft.server.packs.resources.SimpleReloadInstance.m_143940_(SimpleReloadInstance.java:69) ~[server-1.20.1-20230612.114412-srg.jar%23473!/:?]
	at net.minecraft.Util.m_214652_(Util.java:783) ~[server-1.20.1-20230612.114412-srg.jar%23473!/:?]
	at net.minecraft.Util.m_214679_(Util.java:772) ~[server-1.20.1-20230612.114412-srg.jar%23473!/:?]
	at net.minecraft.server.Main.main(Main.java:166) ~[server-1.20.1-20230612.114412-srg.jar%23473!/:?]
	at jdk.internal.reflect.NativeMethodAccessorImpl.invoke0(Native Method) ~[?:?]
	at jdk.internal.reflect.NativeMethodAccessorImpl.invoke(NativeMethodAccessorImpl.java:77) ~[?:?]
	at jdk.internal.reflect.DelegatingMethodAccessorImpl.invoke(DelegatingMethodAccessorImpl.java:43) ~[?:?]
	at java.lang.reflect.Method.invoke(Method.java:569) ~[?:?]
	at net.minecraftforge.fml.loading.targets.CommonLaunchHandler.runTarget(CommonLaunchHandler.java:111) ~[fmlloader-1.20.1-47.4.0.jar%2369!/:?]
	at net.minecraftforge.fml.loading.targets.CommonLaunchHandler.serverService(CommonLaunchHandler.java:103) ~[fmlloader-1.20.1-47.4.0.jar%2369!/:?]
	at net.minecraftforge.fml.loading.targets.CommonServerLaunchHandler.lambda$makeService$0(CommonServerLaunchHandler.java:27) ~[fmlloader-1.20.1-47.4.0.jar%2369!/:?]
	at cpw.mods.modlauncher.LaunchServiceHandlerDecorator.launch(LaunchServiceHandlerDecorator.java:30) ~[modlauncher-10.0.9.jar%2355!/:?]
	at cpw.mods.modlauncher.LaunchServiceHandler.launch(LaunchServiceHandler.java:53) ~[modlauncher-10.0.9.jar%2355!/:?]
	at cpw.mods.modlauncher.LaunchServiceHandler.launch(LaunchServiceHandler.java:71) ~[modlauncher-10.0.9.jar%2355!/:?]
	at cpw.mods.modlauncher.Launcher.run(Launcher.java:108) ~[modlauncher-10.0.9.jar%2355!/:?]
	at cpw.mods.modlauncher.Launcher.main(Launcher.java:78) ~[modlauncher-10.0.9.jar%2355!/:?]
	at cpw.mods.modlauncher.BootstrapLaunchConsumer.accept(BootstrapLaunchConsumer.java:26) ~[modlauncher-10.0.9.jar%2355!/:?]
	at cpw.mods.modlauncher.BootstrapLaunchConsumer.accept(BootstrapLaunchConsumer.java:23) ~[modlauncher-10.0.9.jar%2355!/:?]
	at cpw.mods.bootstraplauncher.BootstrapLauncher.main(BootstrapLauncher.java:141) ~[bootstraplauncher-1.1.2.jar:?]
[10Oct2025 00:16:09.758] [main/ERROR] [net.minecraft.world.item.crafting.RecipeManager/]: Parsing error loading recipe dungeons_and_combat:dragonsteel_lightning_chestplate
com.google.gson.JsonSyntaxException: Unknown item 'iceandfire:dragonsteel_lightning_chestplate'
	at net.minecraft.world.item.crafting.ShapedRecipe.m_151280_(ShapedRecipe.java:292) ~[server-1.20.1-20230612.114412-srg.jar%23473!/:?]
	at java.util.Optional.orElseThrow(Optional.java:403) ~[?:?]
	at net.minecraft.world.item.crafting.ShapedRecipe.m_151278_(ShapedRecipe.java:291) ~[server-1.20.1-20230612.114412-srg.jar%23473!/:?]
	at net.minecraft.world.item.crafting.Ingredient.m_43919_(Ingredient.java:219) ~[server-1.20.1-20230612.114412-srg.jar%23473!/:?]
	at net.minecraftforge.common.crafting.VanillaIngredientSerializer.parse(VanillaIngredientSerializer.java:27) ~[forge-1.20.1-47.4.0-universal.jar%23478!/:?]
	at net.minecraftforge.common.crafting.CraftingHelper.getIngredient(CraftingHelper.java:148) ~[forge-1.20.1-47.4.0-universal.jar%23478!/:?]
	at net.minecraft.world.item.crafting.Ingredient.m_288218_(Ingredient.java:194) ~[server-1.20.1-20230612.114412-srg.jar%23473!/:?]
	at net.minecraft.world.item.crafting.Ingredient.m_43917_(Ingredient.java:189) ~[server-1.20.1-20230612.114412-srg.jar%23473!/:?]
	at net.minecraft.world.item.crafting.SmithingTransformRecipe$Serializer.m_6729_(SmithingTransformRecipe.java:74) ~[server-1.20.1-20230612.114412-srg.jar%23473!/:?]
	at net.minecraft.world.item.crafting.SmithingTransformRecipe$Serializer.m_6729_(SmithingTransformRecipe.java:71) ~[server-1.20.1-20230612.114412-srg.jar%23473!/:?]
	at net.minecraftforge.common.extensions.IForgeRecipeSerializer.fromJson(IForgeRecipeSerializer.java:23) ~[forge-1.20.1-47.4.0-universal.jar%23478!/:?]
	at net.minecraft.world.item.crafting.RecipeManager.fromJson(RecipeManager.java:171) ~[server-1.20.1-20230612.114412-srg.jar%23473!/:?]
	at net.minecraft.world.item.crafting.RecipeManager.m_5787_(RecipeManager.java:67) ~[server-1.20.1-20230612.114412-srg.jar%23473!/:?]
	at net.minecraft.world.item.crafting.RecipeManager.m_5787_(RecipeManager.java:34) ~[server-1.20.1-20230612.114412-srg.jar%23473!/:?]
	at net.minecraft.server.packs.resources.SimplePreparableReloadListener.m_10789_(SimplePreparableReloadListener.java:13) ~[server-1.20.1-20230612.114412-srg.jar%23473!/:?]
	at java.util.concurrent.CompletableFuture$UniAccept.tryFire(CompletableFuture.java:718) ~[?:?]
	at java.util.concurrent.CompletableFuture$Completion.run(CompletableFuture.java:482) ~[?:?]
	at net.minecraft.server.packs.resources.SimpleReloadInstance.m_143940_(SimpleReloadInstance.java:69) ~[server-1.20.1-20230612.114412-srg.jar%23473!/:?]
	at net.minecraft.Util.m_214652_(Util.java:783) ~[server-1.20.1-20230612.114412-srg.jar%23473!/:?]
	at net.minecraft.Util.m_214679_(Util.java:772) ~[server-1.20.1-20230612.114412-srg.jar%23473!/:?]
	at net.minecraft.server.Main.main(Main.java:166) ~[server-1.20.1-20230612.114412-srg.jar%23473!/:?]
	at jdk.internal.reflect.NativeMethodAccessorImpl.invoke0(Native Method) ~[?:?]
	at jdk.internal.reflect.NativeMethodAccessorImpl.invoke(NativeMethodAccessorImpl.java:77) ~[?:?]
	at jdk.internal.reflect.DelegatingMethodAccessorImpl.invoke(DelegatingMethodAccessorImpl.java:43) ~[?:?]
	at java.lang.reflect.Method.invoke(Method.java:569) ~[?:?]
	at net.minecraftforge.fml.loading.targets.CommonLaunchHandler.runTarget(CommonLaunchHandler.java:111) ~[fmlloader-1.20.1-47.4.0.jar%2369!/:?]
	at net.minecraftforge.fml.loading.targets.CommonLaunchHandler.serverService(CommonLaunchHandler.java:103) ~[fmlloader-1.20.1-47.4.0.jar%2369!/:?]
	at net.minecraftforge.fml.loading.targets.CommonServerLaunchHandler.lambda$makeService$0(CommonServerLaunchHandler.java:27) ~[fmlloader-1.20.1-47.4.0.jar%2369!/:?]
	at cpw.mods.modlauncher.LaunchServiceHandlerDecorator.launch(LaunchServiceHandlerDecorator.java:30) ~[modlauncher-10.0.9.jar%2355!/:?]
	at cpw.mods.modlauncher.LaunchServiceHandler.launch(LaunchServiceHandler.java:53) ~[modlauncher-10.0.9.jar%2355!/:?]
	at cpw.mods.modlauncher.LaunchServiceHandler.launch(LaunchServiceHandler.java:71) ~[modlauncher-10.0.9.jar%2355!/:?]
	at cpw.mods.modlauncher.Launcher.run(Launcher.java:108) ~[modlauncher-10.0.9.jar%2355!/:?]
	at cpw.mods.modlauncher.Launcher.main(Launcher.java:78) ~[modlauncher-10.0.9.jar%2355!/:?]
	at cpw.mods.modlauncher.BootstrapLaunchConsumer.accept(BootstrapLaunchConsumer.java:26) ~[modlauncher-10.0.9.jar%2355!/:?]
	at cpw.mods.modlauncher.BootstrapLaunchConsumer.accept(BootstrapLaunchConsumer.java:23) ~[modlauncher-10.0.9.jar%2355!/:?]
	at cpw.mods.bootstraplauncher.BootstrapLauncher.main(BootstrapLauncher.java:141) ~[bootstraplauncher-1.1.2.jar:?]
[10Oct2025 00:16:09.780] [main/ERROR] [net.minecraft.world.item.crafting.RecipeManager/]: Parsing error loading recipe dungeons_and_combat:copper_dragon_chestplate
com.google.gson.JsonSyntaxException: Unknown item 'iceandfire:armor_copper_chestplate'
	at net.minecraft.world.item.crafting.ShapedRecipe.m_151280_(ShapedRecipe.java:292) ~[server-1.20.1-20230612.114412-srg.jar%23473!/:?]
	at java.util.Optional.orElseThrow(Optional.java:403) ~[?:?]
	at net.minecraft.world.item.crafting.ShapedRecipe.m_151278_(ShapedRecipe.java:291) ~[server-1.20.1-20230612.114412-srg.jar%23473!/:?]
	at net.minecraft.world.item.crafting.Ingredient.m_43919_(Ingredient.java:219) ~[server-1.20.1-20230612.114412-srg.jar%23473!/:?]
	at net.minecraftforge.common.crafting.VanillaIngredientSerializer.parse(VanillaIngredientSerializer.java:27) ~[forge-1.20.1-47.4.0-universal.jar%23478!/:?]
	at net.minecraftforge.common.crafting.CraftingHelper.getIngredient(CraftingHelper.java:148) ~[forge-1.20.1-47.4.0-universal.jar%23478!/:?]
	at net.minecraft.world.item.crafting.Ingredient.m_288218_(Ingredient.java:194) ~[server-1.20.1-20230612.114412-srg.jar%23473!/:?]
	at net.minecraft.world.item.crafting.Ingredient.m_43917_(Ingredient.java:189) ~[server-1.20.1-20230612.114412-srg.jar%23473!/:?]
	at net.minecraft.world.item.crafting.SmithingTransformRecipe$Serializer.m_6729_(SmithingTransformRecipe.java:74) ~[server-1.20.1-20230612.114412-srg.jar%23473!/:?]
	at net.minecraft.world.item.crafting.SmithingTransformRecipe$Serializer.m_6729_(SmithingTransformRecipe.java:71) ~[server-1.20.1-20230612.114412-srg.jar%23473!/:?]
	at net.minecraftforge.common.extensions.IForgeRecipeSerializer.fromJson(IForgeRecipeSerializer.java:23) ~[forge-1.20.1-47.4.0-universal.jar%23478!/:?]
	at net.minecraft.world.item.crafting.RecipeManager.fromJson(RecipeManager.java:171) ~[server-1.20.1-20230612.114412-srg.jar%23473!/:?]
	at net.minecraft.world.item.crafting.RecipeManager.m_5787_(RecipeManager.java:67) ~[server-1.20.1-20230612.114412-srg.jar%23473!/:?]
	at net.minecraft.world.item.crafting.RecipeManager.m_5787_(RecipeManager.java:34) ~[server-1.20.1-20230612.114412-srg.jar%23473!/:?]
	at net.minecraft.server.packs.resources.SimplePreparableReloadListener.m_10789_(SimplePreparableReloadListener.java:13) ~[server-1.20.1-20230612.114412-srg.jar%23473!/:?]
	at java.util.concurrent.CompletableFuture$UniAccept.tryFire(CompletableFuture.java:718) ~[?:?]
	at java.util.concurrent.CompletableFuture$Completion.run(CompletableFuture.java:482) ~[?:?]
	at net.minecraft.server.packs.resources.SimpleReloadInstance.m_143940_(SimpleReloadInstance.java:69) ~[server-1.20.1-20230612.114412-srg.jar%23473!/:?]
	at net.minecraft.Util.m_214652_(Util.java:783) ~[server-1.20.1-20230612.114412-srg.jar%23473!/:?]
	at net.minecraft.Util.m_214679_(Util.java:772) ~[server-1.20.1-20230612.114412-srg.jar%23473!/:?]
	at net.minecraft.server.Main.main(Main.java:166) ~[server-1.20.1-20230612.114412-srg.jar%23473!/:?]
	at jdk.internal.reflect.NativeMethodAccessorImpl.invoke0(Native Method) ~[?:?]
	at jdk.internal.reflect.NativeMethodAccessorImpl.invoke(NativeMethodAccessorImpl.java:77) ~[?:?]
	at jdk.internal.reflect.DelegatingMethodAccessorImpl.invoke(DelegatingMethodAccessorImpl.java:43) ~[?:?]
	at java.lang.reflect.Method.invoke(Method.java:569) ~[?:?]
	at net.minecraftforge.fml.loading.targets.CommonLaunchHandler.runTarget(CommonLaunchHandler.java:111) ~[fmlloader-1.20.1-47.4.0.jar%2369!/:?]
	at net.minecraftforge.fml.loading.targets.CommonLaunchHandler.serverService(CommonLaunchHandler.java:103) ~[fmlloader-1.20.1-47.4.0.jar%2369!/:?]
	at net.minecraftforge.fml.loading.targets.CommonServerLaunchHandler.lambda$makeService$0(CommonServerLaunchHandler.java:27) ~[fmlloader-1.20.1-47.4.0.jar%2369!/:?]
	at cpw.mods.modlauncher.LaunchServiceHandlerDecorator.launch(LaunchServiceHandlerDecorator.java:30) ~[modlauncher-10.0.9.jar%2355!/:?]
	at cpw.mods.modlauncher.LaunchServiceHandler.launch(LaunchServiceHandler.java:53) ~[modlauncher-10.0.9.jar%2355!/:?]
	at cpw.mods.modlauncher.LaunchServiceHandler.launch(LaunchServiceHandler.java:71) ~[modlauncher-10.0.9.jar%2355!/:?]
	at cpw.mods.modlauncher.Launcher.run(Launcher.java:108) ~[modlauncher-10.0.9.jar%2355!/:?]
	at cpw.mods.modlauncher.Launcher.main(Launcher.java:78) ~[modlauncher-10.0.9.jar%2355!/:?]
	at cpw.mods.modlauncher.BootstrapLaunchConsumer.accept(BootstrapLaunchConsumer.java:26) ~[modlauncher-10.0.9.jar%2355!/:?]
	at cpw.mods.modlauncher.BootstrapLaunchConsumer.accept(BootstrapLaunchConsumer.java:23) ~[modlauncher-10.0.9.jar%2355!/:?]
	at cpw.mods.bootstraplauncher.BootstrapLauncher.main(BootstrapLauncher.java:141) ~[bootstraplauncher-1.1.2.jar:?]
[10Oct2025 00:16:09.792] [main/INFO] [net.minecraft.world.item.crafting.RecipeManager/]: Skipping loading recipe collectorsreap:integration/create/filling/lime_green_tea as it's serializer returned null
[10Oct2025 00:16:09.792] [main/INFO] [net.minecraft.world.item.crafting.RecipeManager/]: Skipping loading recipe twilightforest:jeed/hunger as it's serializer returned null
[10Oct2025 00:16:09.793] [main/ERROR] [net.minecraft.world.item.crafting.RecipeManager/]: Parsing error loading recipe dungeons_and_combat:copper_dragon_boots
com.google.gson.JsonSyntaxException: Unknown item 'iceandfire:armor_copper_boots'
	at net.minecraft.world.item.crafting.ShapedRecipe.m_151280_(ShapedRecipe.java:292) ~[server-1.20.1-20230612.114412-srg.jar%23473!/:?]
	at java.util.Optional.orElseThrow(Optional.java:403) ~[?:?]
	at net.minecraft.world.item.crafting.ShapedRecipe.m_151278_(ShapedRecipe.java:291) ~[server-1.20.1-20230612.114412-srg.jar%23473!/:?]
	at net.minecraft.world.item.crafting.Ingredient.m_43919_(Ingredient.java:219) ~[server-1.20.1-20230612.114412-srg.jar%23473!/:?]
	at net.minecraftforge.common.crafting.VanillaIngredientSerializer.parse(VanillaIngredientSerializer.java:27) ~[forge-1.20.1-47.4.0-universal.jar%23478!/:?]
	at net.minecraftforge.common.crafting.CraftingHelper.getIngredient(CraftingHelper.java:148) ~[forge-1.20.1-47.4.0-universal.jar%23478!/:?]
	at net.minecraft.world.item.crafting.Ingredient.m_288218_(Ingredient.java:194) ~[server-1.20.1-20230612.114412-srg.jar%23473!/:?]
	at net.minecraft.world.item.crafting.Ingredient.m_43917_(Ingredient.java:189) ~[server-1.20.1-20230612.114412-srg.jar%23473!/:?]
	at net.minecraft.world.item.crafting.SmithingTransformRecipe$Serializer.m_6729_(SmithingTransformRecipe.java:74) ~[server-1.20.1-20230612.114412-srg.jar%23473!/:?]
	at net.minecraft.world.item.crafting.SmithingTransformRecipe$Serializer.m_6729_(SmithingTransformRecipe.java:71) ~[server-1.20.1-20230612.114412-srg.jar%23473!/:?]
	at net.minecraftforge.common.extensions.IForgeRecipeSerializer.fromJson(IForgeRecipeSerializer.java:23) ~[forge-1.20.1-47.4.0-universal.jar%23478!/:?]
	at net.minecraft.world.item.crafting.RecipeManager.fromJson(RecipeManager.java:171) ~[server-1.20.1-20230612.114412-srg.jar%23473!/:?]
	at net.minecraft.world.item.crafting.RecipeManager.m_5787_(RecipeManager.java:67) ~[server-1.20.1-20230612.114412-srg.jar%23473!/:?]
	at net.minecraft.world.item.crafting.RecipeManager.m_5787_(RecipeManager.java:34) ~[server-1.20.1-20230612.114412-srg.jar%23473!/:?]
	at net.minecraft.server.packs.resources.SimplePreparableReloadListener.m_10789_(SimplePreparableReloadListener.java:13) ~[server-1.20.1-20230612.114412-srg.jar%23473!/:?]
	at java.util.concurrent.CompletableFuture$UniAccept.tryFire(CompletableFuture.java:718) ~[?:?]
	at java.util.concurrent.CompletableFuture$Completion.run(CompletableFuture.java:482) ~[?:?]
	at net.minecraft.server.packs.resources.SimpleReloadInstance.m_143940_(SimpleReloadInstance.java:69) ~[server-1.20.1-20230612.114412-srg.jar%23473!/:?]
	at net.minecraft.Util.m_214652_(Util.java:783) ~[server-1.20.1-20230612.114412-srg.jar%23473!/:?]
	at net.minecraft.Util.m_214679_(Util.java:772) ~[server-1.20.1-20230612.114412-srg.jar%23473!/:?]
	at net.minecraft.server.Main.main(Main.java:166) ~[server-1.20.1-20230612.114412-srg.jar%23473!/:?]
	at jdk.internal.reflect.NativeMethodAccessorImpl.invoke0(Native Method) ~[?:?]
	at jdk.internal.reflect.NativeMethodAccessorImpl.invoke(NativeMethodAccessorImpl.java:77) ~[?:?]
	at jdk.internal.reflect.DelegatingMethodAccessorImpl.invoke(DelegatingMethodAccessorImpl.java:43) ~[?:?]
	at java.lang.reflect.Method.invoke(Method.java:569) ~[?:?]
	at net.minecraftforge.fml.loading.targets.CommonLaunchHandler.runTarget(CommonLaunchHandler.java:111) ~[fmlloader-1.20.1-47.4.0.jar%2369!/:?]
	at net.minecraftforge.fml.loading.targets.CommonLaunchHandler.serverService(CommonLaunchHandler.java:103) ~[fmlloader-1.20.1-47.4.0.jar%2369!/:?]
	at net.minecraftforge.fml.loading.targets.CommonServerLaunchHandler.lambda$makeService$0(CommonServerLaunchHandler.java:27) ~[fmlloader-1.20.1-47.4.0.jar%2369!/:?]
	at cpw.mods.modlauncher.LaunchServiceHandlerDecorator.launch(LaunchServiceHandlerDecorator.java:30) ~[modlauncher-10.0.9.jar%2355!/:?]
	at cpw.mods.modlauncher.LaunchServiceHandler.launch(LaunchServiceHandler.java:53) ~[modlauncher-10.0.9.jar%2355!/:?]
	at cpw.mods.modlauncher.LaunchServiceHandler.launch(LaunchServiceHandler.java:71) ~[modlauncher-10.0.9.jar%2355!/:?]
	at cpw.mods.modlauncher.Launcher.run(Launcher.java:108) ~[modlauncher-10.0.9.jar%2355!/:?]
	at cpw.mods.modlauncher.Launcher.main(Launcher.java:78) ~[modlauncher-10.0.9.jar%2355!/:?]
	at cpw.mods.modlauncher.BootstrapLaunchConsumer.accept(BootstrapLaunchConsumer.java:26) ~[modlauncher-10.0.9.jar%2355!/:?]
	at cpw.mods.modlauncher.BootstrapLaunchConsumer.accept(BootstrapLaunchConsumer.java:23) ~[modlauncher-10.0.9.jar%2355!/:?]
	at cpw.mods.bootstraplauncher.BootstrapLauncher.main(BootstrapLauncher.java:141) ~[bootstraplauncher-1.1.2.jar:?]
[10Oct2025 00:16:09.796] [main/INFO] [net.minecraft.world.item.crafting.RecipeManager/]: Skipping loading recipe expanded_combat:netherite_arrow_shaped as it's serializer returned null
[10Oct2025 00:16:09.796] [main/ERROR] [net.minecraft.world.item.crafting.RecipeManager/]: Parsing error loading recipe alexsdelight:barbecue_on_a_stick
com.google.gson.JsonSyntaxException: Unknown item 'amfd:singular_cooked_moose_rib'
	at net.minecraft.world.item.crafting.ShapedRecipe.m_151280_(ShapedRecipe.java:292) ~[server-1.20.1-20230612.114412-srg.jar%23473!/:?]
	at java.util.Optional.orElseThrow(Optional.java:403) ~[?:?]
	at net.minecraft.world.item.crafting.ShapedRecipe.m_151278_(ShapedRecipe.java:291) ~[server-1.20.1-20230612.114412-srg.jar%23473!/:?]
	at net.minecraft.world.item.crafting.Ingredient.m_43919_(Ingredient.java:219) ~[server-1.20.1-20230612.114412-srg.jar%23473!/:?]
	at net.minecraftforge.common.crafting.VanillaIngredientSerializer.parse(VanillaIngredientSerializer.java:27) ~[forge-1.20.1-47.4.0-universal.jar%23478!/:?]
	at net.minecraftforge.common.crafting.CraftingHelper.getIngredient(CraftingHelper.java:148) ~[forge-1.20.1-47.4.0-universal.jar%23478!/:?]
	at net.minecraft.world.item.crafting.Ingredient.m_288218_(Ingredient.java:194) ~[server-1.20.1-20230612.114412-srg.jar%23473!/:?]
	at net.minecraft.world.item.crafting.ShapelessRecipe$Serializer.m_44275_(ShapelessRecipe.java:104) ~[server-1.20.1-20230612.114412-srg.jar%23473!/:?]
	at net.minecraft.world.item.crafting.ShapelessRecipe$Serializer.m_6729_(ShapelessRecipe.java:89) ~[server-1.20.1-20230612.114412-srg.jar%23473!/:?]
	at net.minecraft.world.item.crafting.ShapelessRecipe$Serializer.m_6729_(ShapelessRecipe.java:84) ~[server-1.20.1-20230612.114412-srg.jar%23473!/:?]
	at net.minecraftforge.common.extensions.IForgeRecipeSerializer.fromJson(IForgeRecipeSerializer.java:23) ~[forge-1.20.1-47.4.0-universal.jar%23478!/:?]
	at net.minecraft.world.item.crafting.RecipeManager.fromJson(RecipeManager.java:171) ~[server-1.20.1-20230612.114412-srg.jar%23473!/:?]
	at net.minecraft.world.item.crafting.RecipeManager.m_5787_(RecipeManager.java:67) ~[server-1.20.1-20230612.114412-srg.jar%23473!/:?]
	at net.minecraft.world.item.crafting.RecipeManager.m_5787_(RecipeManager.java:34) ~[server-1.20.1-20230612.114412-srg.jar%23473!/:?]
	at net.minecraft.server.packs.resources.SimplePreparableReloadListener.m_10789_(SimplePreparableReloadListener.java:13) ~[server-1.20.1-20230612.114412-srg.jar%23473!/:?]
	at java.util.concurrent.CompletableFuture$UniAccept.tryFire(CompletableFuture.java:718) ~[?:?]
	at java.util.concurrent.CompletableFuture$Completion.run(CompletableFuture.java:482) ~[?:?]
	at net.minecraft.server.packs.resources.SimpleReloadInstance.m_143940_(SimpleReloadInstance.java:69) ~[server-1.20.1-20230612.114412-srg.jar%23473!/:?]
	at net.minecraft.Util.m_214652_(Util.java:783) ~[server-1.20.1-20230612.114412-srg.jar%23473!/:?]
	at net.minecraft.Util.m_214679_(Util.java:772) ~[server-1.20.1-20230612.114412-srg.jar%23473!/:?]
	at net.minecraft.server.Main.main(Main.java:166) ~[server-1.20.1-20230612.114412-srg.jar%23473!/:?]
	at jdk.internal.reflect.NativeMethodAccessorImpl.invoke0(Native Method) ~[?:?]
	at jdk.internal.reflect.NativeMethodAccessorImpl.invoke(NativeMethodAccessorImpl.java:77) ~[?:?]
	at jdk.internal.reflect.DelegatingMethodAccessorImpl.invoke(DelegatingMethodAccessorImpl.java:43) ~[?:?]
	at java.lang.reflect.Method.invoke(Method.java:569) ~[?:?]
	at net.minecraftforge.fml.loading.targets.CommonLaunchHandler.runTarget(CommonLaunchHandler.java:111) ~[fmlloader-1.20.1-47.4.0.jar%2369!/:?]
	at net.minecraftforge.fml.loading.targets.CommonLaunchHandler.serverService(CommonLaunchHandler.java:103) ~[fmlloader-1.20.1-47.4.0.jar%2369!/:?]
	at net.minecraftforge.fml.loading.targets.CommonServerLaunchHandler.lambda$makeService$0(CommonServerLaunchHandler.java:27) ~[fmlloader-1.20.1-47.4.0.jar%2369!/:?]
	at cpw.mods.modlauncher.LaunchServiceHandlerDecorator.launch(LaunchServiceHandlerDecorator.java:30) ~[modlauncher-10.0.9.jar%2355!/:?]
	at cpw.mods.modlauncher.LaunchServiceHandler.launch(LaunchServiceHandler.java:53) ~[modlauncher-10.0.9.jar%2355!/:?]
	at cpw.mods.modlauncher.LaunchServiceHandler.launch(LaunchServiceHandler.java:71) ~[modlauncher-10.0.9.jar%2355!/:?]
	at cpw.mods.modlauncher.Launcher.run(Launcher.java:108) ~[modlauncher-10.0.9.jar%2355!/:?]
	at cpw.mods.modlauncher.Launcher.main(Launcher.java:78) ~[modlauncher-10.0.9.jar%2355!/:?]
	at cpw.mods.modlauncher.BootstrapLaunchConsumer.accept(BootstrapLaunchConsumer.java:26) ~[modlauncher-10.0.9.jar%2355!/:?]
	at cpw.mods.modlauncher.BootstrapLaunchConsumer.accept(BootstrapLaunchConsumer.java:23) ~[modlauncher-10.0.9.jar%2355!/:?]
	at cpw.mods.bootstraplauncher.BootstrapLauncher.main(BootstrapLauncher.java:141) ~[bootstraplauncher-1.1.2.jar:?]
[10Oct2025 00:16:09.797] [main/ERROR] [net.minecraft.world.item.crafting.RecipeManager/]: Parsing error loading recipe nethersdelight:cutting/hoglin_sausage_alt
com.google.gson.JsonSyntaxException: Unknown item 'nethersdelight:hoglin_loin'
	at net.minecraft.world.item.crafting.ShapedRecipe.m_151280_(ShapedRecipe.java:292) ~[server-1.20.1-20230612.114412-srg.jar%23473!/:?]
	at java.util.Optional.orElseThrow(Optional.java:403) ~[?:?]
	at net.minecraft.world.item.crafting.ShapedRecipe.m_151278_(ShapedRecipe.java:291) ~[server-1.20.1-20230612.114412-srg.jar%23473!/:?]
	at net.minecraft.world.item.crafting.Ingredient.m_43919_(Ingredient.java:219) ~[server-1.20.1-20230612.114412-srg.jar%23473!/:?]
	at net.minecraftforge.common.crafting.VanillaIngredientSerializer.parse(VanillaIngredientSerializer.java:27) ~[forge-1.20.1-47.4.0-universal.jar%23478!/:?]
	at net.minecraftforge.common.crafting.CraftingHelper.getIngredient(CraftingHelper.java:148) ~[forge-1.20.1-47.4.0-universal.jar%23478!/:?]
	at net.minecraft.world.item.crafting.Ingredient.m_288218_(Ingredient.java:194) ~[server-1.20.1-20230612.114412-srg.jar%23473!/:?]
	at net.minecraft.world.item.crafting.Ingredient.m_43917_(Ingredient.java:189) ~[server-1.20.1-20230612.114412-srg.jar%23473!/:?]
	at vectorwing.farmersdelight.common.crafting.CuttingBoardRecipe$Serializer.readIngredients(CuttingBoardRecipe.java:195) ~[FarmersDelight-1.20.1-1.2.8.jar%23346!/:1.20.1-1.2.8]
	at vectorwing.farmersdelight.common.crafting.CuttingBoardRecipe$Serializer.fromJson(CuttingBoardRecipe.java:172) ~[FarmersDelight-1.20.1-1.2.8.jar%23346!/:1.20.1-1.2.8]
	at vectorwing.farmersdelight.common.crafting.CuttingBoardRecipe$Serializer.m_6729_(CuttingBoardRecipe.java:164) ~[FarmersDelight-1.20.1-1.2.8.jar%23346!/:1.20.1-1.2.8]
	at net.minecraftforge.common.extensions.IForgeRecipeSerializer.fromJson(IForgeRecipeSerializer.java:23) ~[forge-1.20.1-47.4.0-universal.jar%23478!/:?]
	at net.minecraft.world.item.crafting.RecipeManager.fromJson(RecipeManager.java:171) ~[server-1.20.1-20230612.114412-srg.jar%23473!/:?]
	at net.minecraft.world.item.crafting.RecipeManager.m_5787_(RecipeManager.java:67) ~[server-1.20.1-20230612.114412-srg.jar%23473!/:?]
	at net.minecraft.world.item.crafting.RecipeManager.m_5787_(RecipeManager.java:34) ~[server-1.20.1-20230612.114412-srg.jar%23473!/:?]
	at net.minecraft.server.packs.resources.SimplePreparableReloadListener.m_10789_(SimplePreparableReloadListener.java:13) ~[server-1.20.1-20230612.114412-srg.jar%23473!/:?]
	at java.util.concurrent.CompletableFuture$UniAccept.tryFire(CompletableFuture.java:718) ~[?:?]
	at java.util.concurrent.CompletableFuture$Completion.run(CompletableFuture.java:482) ~[?:?]
	at net.minecraft.server.packs.resources.SimpleReloadInstance.m_143940_(SimpleReloadInstance.java:69) ~[server-1.20.1-20230612.114412-srg.jar%23473!/:?]
	at net.minecraft.Util.m_214652_(Util.java:783) ~[server-1.20.1-20230612.114412-srg.jar%23473!/:?]
	at net.minecraft.Util.m_214679_(Util.java:772) ~[server-1.20.1-20230612.114412-srg.jar%23473!/:?]
	at net.minecraft.server.Main.main(Main.java:166) ~[server-1.20.1-20230612.114412-srg.jar%23473!/:?]
	at jdk.internal.reflect.NativeMethodAccessorImpl.invoke0(Native Method) ~[?:?]
	at jdk.internal.reflect.NativeMethodAccessorImpl.invoke(NativeMethodAccessorImpl.java:77) ~[?:?]
	at jdk.internal.reflect.DelegatingMethodAccessorImpl.invoke(DelegatingMethodAccessorImpl.java:43) ~[?:?]
	at java.lang.reflect.Method.invoke(Method.java:569) ~[?:?]
	at net.minecraftforge.fml.loading.targets.CommonLaunchHandler.runTarget(CommonLaunchHandler.java:111) ~[fmlloader-1.20.1-47.4.0.jar%2369!/:?]
	at net.minecraftforge.fml.loading.targets.CommonLaunchHandler.serverService(CommonLaunchHandler.java:103) ~[fmlloader-1.20.1-47.4.0.jar%2369!/:?]
	at net.minecraftforge.fml.loading.targets.CommonServerLaunchHandler.lambda$makeService$0(CommonServerLaunchHandler.java:27) ~[fmlloader-1.20.1-47.4.0.jar%2369!/:?]
	at cpw.mods.modlauncher.LaunchServiceHandlerDecorator.launch(LaunchServiceHandlerDecorator.java:30) ~[modlauncher-10.0.9.jar%2355!/:?]
	at cpw.mods.modlauncher.LaunchServiceHandler.launch(LaunchServiceHandler.java:53) ~[modlauncher-10.0.9.jar%2355!/:?]
	at cpw.mods.modlauncher.LaunchServiceHandler.launch(LaunchServiceHandler.java:71) ~[modlauncher-10.0.9.jar%2355!/:?]
	at cpw.mods.modlauncher.Launcher.run(Launcher.java:108) ~[modlauncher-10.0.9.jar%2355!/:?]
	at cpw.mods.modlauncher.Launcher.main(Launcher.java:78) ~[modlauncher-10.0.9.jar%2355!/:?]
	at cpw.mods.modlauncher.BootstrapLaunchConsumer.accept(BootstrapLaunchConsumer.java:26) ~[modlauncher-10.0.9.jar%2355!/:?]
	at cpw.mods.modlauncher.BootstrapLaunchConsumer.accept(BootstrapLaunchConsumer.java:23) ~[modlauncher-10.0.9.jar%2355!/:?]
	at cpw.mods.bootstraplauncher.BootstrapLauncher.main(BootstrapLauncher.java:141) ~[bootstraplauncher-1.1.2.jar:?]
[10Oct2025 00:16:09.800] [main/INFO] [net.minecraft.world.item.crafting.RecipeManager/]: Skipping loading recipe expanded_combat:diamond_arrow_120_smithing as it's serializer returned null
[10Oct2025 00:16:09.813] [main/INFO] [net.minecraft.world.item.crafting.RecipeManager/]: Skipping loading recipe collectorsreap:brewing/pomegranate_black_tea as it's serializer returned null
[10Oct2025 00:16:09.815] [main/INFO] [net.minecraft.world.item.crafting.RecipeManager/]: Skipping loading recipe collectorsreap:integration/create/mixing/gummy/aloe as it's serializer returned null
[10Oct2025 00:16:09.816] [main/ERROR] [net.minecraft.world.item.crafting.RecipeManager/]: Parsing error loading recipe dungeons_and_combat:white_chestplate
com.google.gson.JsonSyntaxException: Unknown item 'iceandfire:armor_white_chestplate'
	at net.minecraft.world.item.crafting.ShapedRecipe.m_151280_(ShapedRecipe.java:292) ~[server-1.20.1-20230612.114412-srg.jar%23473!/:?]
	at java.util.Optional.orElseThrow(Optional.java:403) ~[?:?]
	at net.minecraft.world.item.crafting.ShapedRecipe.m_151278_(ShapedRecipe.java:291) ~[server-1.20.1-20230612.114412-srg.jar%23473!/:?]
	at net.minecraft.world.item.crafting.Ingredient.m_43919_(Ingredient.java:219) ~[server-1.20.1-20230612.114412-srg.jar%23473!/:?]
	at net.minecraftforge.common.crafting.VanillaIngredientSerializer.parse(VanillaIngredientSerializer.java:27) ~[forge-1.20.1-47.4.0-universal.jar%23478!/:?]
	at net.minecraftforge.common.crafting.CraftingHelper.getIngredient(CraftingHelper.java:148) ~[forge-1.20.1-47.4.0-universal.jar%23478!/:?]
	at net.minecraft.world.item.crafting.Ingredient.m_288218_(Ingredient.java:194) ~[server-1.20.1-20230612.114412-srg.jar%23473!/:?]
	at net.minecraft.world.item.crafting.Ingredient.m_43917_(Ingredient.java:189) ~[server-1.20.1-20230612.114412-srg.jar%23473!/:?]
	at net.minecraft.world.item.crafting.SmithingTransformRecipe$Serializer.m_6729_(SmithingTransformRecipe.java:74) ~[server-1.20.1-20230612.114412-srg.jar%23473!/:?]
	at net.minecraft.world.item.crafting.SmithingTransformRecipe$Serializer.m_6729_(SmithingTransformRecipe.java:71) ~[server-1.20.1-20230612.114412-srg.jar%23473!/:?]
	at net.minecraftforge.common.extensions.IForgeRecipeSerializer.fromJson(IForgeRecipeSerializer.java:23) ~[forge-1.20.1-47.4.0-universal.jar%23478!/:?]
	at net.minecraft.world.item.crafting.RecipeManager.fromJson(RecipeManager.java:171) ~[server-1.20.1-20230612.114412-srg.jar%23473!/:?]
	at net.minecraft.world.item.crafting.RecipeManager.m_5787_(RecipeManager.java:67) ~[server-1.20.1-20230612.114412-srg.jar%23473!/:?]
	at net.minecraft.world.item.crafting.RecipeManager.m_5787_(RecipeManager.java:34) ~[server-1.20.1-20230612.114412-srg.jar%23473!/:?]
	at net.minecraft.server.packs.resources.SimplePreparableReloadListener.m_10789_(SimplePreparableReloadListener.java:13) ~[server-1.20.1-20230612.114412-srg.jar%23473!/:?]
	at java.util.concurrent.CompletableFuture$UniAccept.tryFire(CompletableFuture.java:718) ~[?:?]
	at java.util.concurrent.CompletableFuture$Completion.run(CompletableFuture.java:482) ~[?:?]
	at net.minecraft.server.packs.resources.SimpleReloadInstance.m_143940_(SimpleReloadInstance.java:69) ~[server-1.20.1-20230612.114412-srg.jar%23473!/:?]
	at net.minecraft.Util.m_214652_(Util.java:783) ~[server-1.20.1-20230612.114412-srg.jar%23473!/:?]
	at net.minecraft.Util.m_214679_(Util.java:772) ~[server-1.20.1-20230612.114412-srg.jar%23473!/:?]
	at net.minecraft.server.Main.main(Main.java:166) ~[server-1.20.1-20230612.114412-srg.jar%23473!/:?]
	at jdk.internal.reflect.NativeMethodAccessorImpl.invoke0(Native Method) ~[?:?]
	at jdk.internal.reflect.NativeMethodAccessorImpl.invoke(NativeMethodAccessorImpl.java:77) ~[?:?]
	at jdk.internal.reflect.DelegatingMethodAccessorImpl.invoke(DelegatingMethodAccessorImpl.java:43) ~[?:?]
	at java.lang.reflect.Method.invoke(Method.java:569) ~[?:?]
	at net.minecraftforge.fml.loading.targets.CommonLaunchHandler.runTarget(CommonLaunchHandler.java:111) ~[fmlloader-1.20.1-47.4.0.jar%2369!/:?]
	at net.minecraftforge.fml.loading.targets.CommonLaunchHandler.serverService(CommonLaunchHandler.java:103) ~[fmlloader-1.20.1-47.4.0.jar%2369!/:?]
	at net.minecraftforge.fml.loading.targets.CommonServerLaunchHandler.lambda$makeService$0(CommonServerLaunchHandler.java:27) ~[fmlloader-1.20.1-47.4.0.jar%2369!/:?]
	at cpw.mods.modlauncher.LaunchServiceHandlerDecorator.launch(LaunchServiceHandlerDecorator.java:30) ~[modlauncher-10.0.9.jar%2355!/:?]
	at cpw.mods.modlauncher.LaunchServiceHandler.launch(LaunchServiceHandler.java:53) ~[modlauncher-10.0.9.jar%2355!/:?]
	at cpw.mods.modlauncher.LaunchServiceHandler.launch(LaunchServiceHandler.java:71) ~[modlauncher-10.0.9.jar%2355!/:?]
	at cpw.mods.modlauncher.Launcher.run(Launcher.java:108) ~[modlauncher-10.0.9.jar%2355!/:?]
	at cpw.mods.modlauncher.Launcher.main(Launcher.java:78) ~[modlauncher-10.0.9.jar%2355!/:?]
	at cpw.mods.modlauncher.BootstrapLaunchConsumer.accept(BootstrapLaunchConsumer.java:26) ~[modlauncher-10.0.9.jar%2355!/:?]
	at cpw.mods.modlauncher.BootstrapLaunchConsumer.accept(BootstrapLaunchConsumer.java:23) ~[modlauncher-10.0.9.jar%2355!/:?]
	at cpw.mods.bootstraplauncher.BootstrapLauncher.main(BootstrapLauncher.java:141) ~[bootstraplauncher-1.1.2.jar:?]
[10Oct2025 00:16:09.828] [main/INFO] [net.minecraft.world.item.crafting.RecipeManager/]: Skipping loading recipe collectorsreap:pouring/pomegranate_black_tea as it's serializer returned null
[10Oct2025 00:16:09.829] [main/INFO] [net.minecraft.world.item.crafting.RecipeManager/]: Skipping loading recipe expanded_combat:iron_crossbow_120_smithing as it's serializer returned null
[10Oct2025 00:16:09.839] [main/INFO] [net.minecraft.world.item.crafting.RecipeManager/]: Skipping loading recipe collectorsreap:gummy/beetroot as it's serializer returned null
[10Oct2025 00:16:09.840] [main/INFO] [net.minecraft.world.item.crafting.RecipeManager/]: Skipping loading recipe expanded_combat:diamond_crossbow_120_smithing as it's serializer returned null
[10Oct2025 00:16:09.847] [main/INFO] [net.minecraft.world.item.crafting.RecipeManager/]: Skipping loading recipe botanypots:collectorsreap/crop/portobello as it's serializer returned null
[10Oct2025 00:16:09.856] [main/ERROR] [net.minecraft.world.item.crafting.RecipeManager/]: Parsing error loading recipe dungeons_and_combat:dragon_bone_greatsword_recipe
com.google.gson.JsonSyntaxException: Unknown item 'iceandfire:dragonbone'
	at net.minecraft.world.item.crafting.ShapedRecipe.m_151280_(ShapedRecipe.java:292) ~[server-1.20.1-20230612.114412-srg.jar%23473!/:?]
	at java.util.Optional.orElseThrow(Optional.java:403) ~[?:?]
	at net.minecraft.world.item.crafting.ShapedRecipe.m_151278_(ShapedRecipe.java:291) ~[server-1.20.1-20230612.114412-srg.jar%23473!/:?]
	at net.minecraft.world.item.crafting.Ingredient.m_43919_(Ingredient.java:219) ~[server-1.20.1-20230612.114412-srg.jar%23473!/:?]
	at net.minecraftforge.common.crafting.VanillaIngredientSerializer.parse(VanillaIngredientSerializer.java:27) ~[forge-1.20.1-47.4.0-universal.jar%23478!/:?]
	at net.minecraftforge.common.crafting.CraftingHelper.getIngredient(CraftingHelper.java:148) ~[forge-1.20.1-47.4.0-universal.jar%23478!/:?]
	at net.minecraft.world.item.crafting.Ingredient.m_288218_(Ingredient.java:194) ~[server-1.20.1-20230612.114412-srg.jar%23473!/:?]
	at net.minecraft.world.item.crafting.ShapedRecipe.m_44210_(ShapedRecipe.java:278) ~[server-1.20.1-20230612.114412-srg.jar%23473!/:?]
	at net.minecraft.world.item.crafting.ShapedRecipe$Serializer.m_6729_(ShapedRecipe.java:306) ~[server-1.20.1-20230612.114412-srg.jar%23473!/:?]
	at net.minecraft.world.item.crafting.ShapedRecipe$Serializer.m_6729_(ShapedRecipe.java:301) ~[server-1.20.1-20230612.114412-srg.jar%23473!/:?]
	at net.minecraftforge.common.extensions.IForgeRecipeSerializer.fromJson(IForgeRecipeSerializer.java:23) ~[forge-1.20.1-47.4.0-universal.jar%23478!/:?]
	at net.minecraft.world.item.crafting.RecipeManager.fromJson(RecipeManager.java:171) ~[server-1.20.1-20230612.114412-srg.jar%23473!/:?]
	at net.minecraft.world.item.crafting.RecipeManager.m_5787_(RecipeManager.java:67) ~[server-1.20.1-20230612.114412-srg.jar%23473!/:?]
	at net.minecraft.world.item.crafting.RecipeManager.m_5787_(RecipeManager.java:34) ~[server-1.20.1-20230612.114412-srg.jar%23473!/:?]
	at net.minecraft.server.packs.resources.SimplePreparableReloadListener.m_10789_(SimplePreparableReloadListener.java:13) ~[server-1.20.1-20230612.114412-srg.jar%23473!/:?]
	at java.util.concurrent.CompletableFuture$UniAccept.tryFire(CompletableFuture.java:718) ~[?:?]
	at java.util.concurrent.CompletableFuture$Completion.run(CompletableFuture.java:482) ~[?:?]
	at net.minecraft.server.packs.resources.SimpleReloadInstance.m_143940_(SimpleReloadInstance.java:69) ~[server-1.20.1-20230612.114412-srg.jar%23473!/:?]
	at net.minecraft.Util.m_214652_(Util.java:783) ~[server-1.20.1-20230612.114412-srg.jar%23473!/:?]
	at net.minecraft.Util.m_214679_(Util.java:772) ~[server-1.20.1-20230612.114412-srg.jar%23473!/:?]
	at net.minecraft.server.Main.main(Main.java:166) ~[server-1.20.1-20230612.114412-srg.jar%23473!/:?]
	at jdk.internal.reflect.NativeMethodAccessorImpl.invoke0(Native Method) ~[?:?]
	at jdk.internal.reflect.NativeMethodAccessorImpl.invoke(NativeMethodAccessorImpl.java:77) ~[?:?]
	at jdk.internal.reflect.DelegatingMethodAccessorImpl.invoke(DelegatingMethodAccessorImpl.java:43) ~[?:?]
	at java.lang.reflect.Method.invoke(Method.java:569) ~[?:?]
	at net.minecraftforge.fml.loading.targets.CommonLaunchHandler.runTarget(CommonLaunchHandler.java:111) ~[fmlloader-1.20.1-47.4.0.jar%2369!/:?]
	at net.minecraftforge.fml.loading.targets.CommonLaunchHandler.serverService(CommonLaunchHandler.java:103) ~[fmlloader-1.20.1-47.4.0.jar%2369!/:?]
	at net.minecraftforge.fml.loading.targets.CommonServerLaunchHandler.lambda$makeService$0(CommonServerLaunchHandler.java:27) ~[fmlloader-1.20.1-47.4.0.jar%2369!/:?]
	at cpw.mods.modlauncher.LaunchServiceHandlerDecorator.launch(LaunchServiceHandlerDecorator.java:30) ~[modlauncher-10.0.9.jar%2355!/:?]
	at cpw.mods.modlauncher.LaunchServiceHandler.launch(LaunchServiceHandler.java:53) ~[modlauncher-10.0.9.jar%2355!/:?]
	at cpw.mods.modlauncher.LaunchServiceHandler.launch(LaunchServiceHandler.java:71) ~[modlauncher-10.0.9.jar%2355!/:?]
	at cpw.mods.modlauncher.Launcher.run(Launcher.java:108) ~[modlauncher-10.0.9.jar%2355!/:?]
	at cpw.mods.modlauncher.Launcher.main(Launcher.java:78) ~[modlauncher-10.0.9.jar%2355!/:?]
	at cpw.mods.modlauncher.BootstrapLaunchConsumer.accept(BootstrapLaunchConsumer.java:26) ~[modlauncher-10.0.9.jar%2355!/:?]
	at cpw.mods.modlauncher.BootstrapLaunchConsumer.accept(BootstrapLaunchConsumer.java:23) ~[modlauncher-10.0.9.jar%2355!/:?]
	at cpw.mods.bootstraplauncher.BootstrapLauncher.main(BootstrapLauncher.java:141) ~[bootstraplauncher-1.1.2.jar:?]
[10Oct2025 00:16:09.857] [main/ERROR] [net.minecraft.world.item.crafting.RecipeManager/]: Parsing error loading recipe dungeons_and_combat:silver_dragon_chestplate
com.google.gson.JsonSyntaxException: Unknown item 'iceandfire:armor_silver_chestplate'
	at net.minecraft.world.item.crafting.ShapedRecipe.m_151280_(ShapedRecipe.java:292) ~[server-1.20.1-20230612.114412-srg.jar%23473!/:?]
	at java.util.Optional.orElseThrow(Optional.java:403) ~[?:?]
	at net.minecraft.world.item.crafting.ShapedRecipe.m_151278_(ShapedRecipe.java:291) ~[server-1.20.1-20230612.114412-srg.jar%23473!/:?]
	at net.minecraft.world.item.crafting.Ingredient.m_43919_(Ingredient.java:219) ~[server-1.20.1-20230612.114412-srg.jar%23473!/:?]
	at net.minecraftforge.common.crafting.VanillaIngredientSerializer.parse(VanillaIngredientSerializer.java:27) ~[forge-1.20.1-47.4.0-universal.jar%23478!/:?]
	at net.minecraftforge.common.crafting.CraftingHelper.getIngredient(CraftingHelper.java:148) ~[forge-1.20.1-47.4.0-universal.jar%23478!/:?]
	at net.minecraft.world.item.crafting.Ingredient.m_288218_(Ingredient.java:194) ~[server-1.20.1-20230612.114412-srg.jar%23473!/:?]
	at net.minecraft.world.item.crafting.Ingredient.m_43917_(Ingredient.java:189) ~[server-1.20.1-20230612.114412-srg.jar%23473!/:?]
	at net.minecraft.world.item.crafting.SmithingTransformRecipe$Serializer.m_6729_(SmithingTransformRecipe.java:74) ~[server-1.20.1-20230612.114412-srg.jar%23473!/:?]
	at net.minecraft.world.item.crafting.SmithingTransformRecipe$Serializer.m_6729_(SmithingTransformRecipe.java:71) ~[server-1.20.1-20230612.114412-srg.jar%23473!/:?]
	at net.minecraftforge.common.extensions.IForgeRecipeSerializer.fromJson(IForgeRecipeSerializer.java:23) ~[forge-1.20.1-47.4.0-universal.jar%23478!/:?]
	at net.minecraft.world.item.crafting.RecipeManager.fromJson(RecipeManager.java:171) ~[server-1.20.1-20230612.114412-srg.jar%23473!/:?]
	at net.minecraft.world.item.crafting.RecipeManager.m_5787_(RecipeManager.java:67) ~[server-1.20.1-20230612.114412-srg.jar%23473!/:?]
	at net.minecraft.world.item.crafting.RecipeManager.m_5787_(RecipeManager.java:34) ~[server-1.20.1-20230612.114412-srg.jar%23473!/:?]
	at net.minecraft.server.packs.resources.SimplePreparableReloadListener.m_10789_(SimplePreparableReloadListener.java:13) ~[server-1.20.1-20230612.114412-srg.jar%23473!/:?]
	at java.util.concurrent.CompletableFuture$UniAccept.tryFire(CompletableFuture.java:718) ~[?:?]
	at java.util.concurrent.CompletableFuture$Completion.run(CompletableFuture.java:482) ~[?:?]
	at net.minecraft.server.packs.resources.SimpleReloadInstance.m_143940_(SimpleReloadInstance.java:69) ~[server-1.20.1-20230612.114412-srg.jar%23473!/:?]
	at net.minecraft.Util.m_214652_(Util.java:783) ~[server-1.20.1-20230612.114412-srg.jar%23473!/:?]
	at net.minecraft.Util.m_214679_(Util.java:772) ~[server-1.20.1-20230612.114412-srg.jar%23473!/:?]
	at net.minecraft.server.Main.main(Main.java:166) ~[server-1.20.1-20230612.114412-srg.jar%23473!/:?]
	at jdk.internal.reflect.NativeMethodAccessorImpl.invoke0(Native Method) ~[?:?]
	at jdk.internal.reflect.NativeMethodAccessorImpl.invoke(NativeMethodAccessorImpl.java:77) ~[?:?]
	at jdk.internal.reflect.DelegatingMethodAccessorImpl.invoke(DelegatingMethodAccessorImpl.java:43) ~[?:?]
	at java.lang.reflect.Method.invoke(Method.java:569) ~[?:?]
	at net.minecraftforge.fml.loading.targets.CommonLaunchHandler.runTarget(CommonLaunchHandler.java:111) ~[fmlloader-1.20.1-47.4.0.jar%2369!/:?]
	at net.minecraftforge.fml.loading.targets.CommonLaunchHandler.serverService(CommonLaunchHandler.java:103) ~[fmlloader-1.20.1-47.4.0.jar%2369!/:?]
	at net.minecraftforge.fml.loading.targets.CommonServerLaunchHandler.lambda$makeService$0(CommonServerLaunchHandler.java:27) ~[fmlloader-1.20.1-47.4.0.jar%2369!/:?]
	at cpw.mods.modlauncher.LaunchServiceHandlerDecorator.launch(LaunchServiceHandlerDecorator.java:30) ~[modlauncher-10.0.9.jar%2355!/:?]
	at cpw.mods.modlauncher.LaunchServiceHandler.launch(LaunchServiceHandler.java:53) ~[modlauncher-10.0.9.jar%2355!/:?]
	at cpw.mods.modlauncher.LaunchServiceHandler.launch(LaunchServiceHandler.java:71) ~[modlauncher-10.0.9.jar%2355!/:?]
	at cpw.mods.modlauncher.Launcher.run(Launcher.java:108) ~[modlauncher-10.0.9.jar%2355!/:?]
	at cpw.mods.modlauncher.Launcher.main(Launcher.java:78) ~[modlauncher-10.0.9.jar%2355!/:?]
	at cpw.mods.modlauncher.BootstrapLaunchConsumer.accept(BootstrapLaunchConsumer.java:26) ~[modlauncher-10.0.9.jar%2355!/:?]
	at cpw.mods.modlauncher.BootstrapLaunchConsumer.accept(BootstrapLaunchConsumer.java:23) ~[modlauncher-10.0.9.jar%2355!/:?]
	at cpw.mods.bootstraplauncher.BootstrapLauncher.main(BootstrapLauncher.java:141) ~[bootstraplauncher-1.1.2.jar:?]
[10Oct2025 00:16:09.864] [main/INFO] [net.minecraft.world.item.crafting.RecipeManager/]: Skipping loading recipe expanded_combat:iron_bow_120_smithing_singleton as it's serializer returned null
[10Oct2025 00:16:09.865] [main/ERROR] [net.minecraft.world.item.crafting.RecipeManager/]: Parsing error loading recipe dungeons_and_combat:dragon_lightning_lance_recipe
com.google.gson.JsonSyntaxException: Unknown item 'iceandfire:lightning_dragon_blood'
	at net.minecraft.world.item.crafting.ShapedRecipe.m_151280_(ShapedRecipe.java:292) ~[server-1.20.1-20230612.114412-srg.jar%23473!/:?]
	at java.util.Optional.orElseThrow(Optional.java:403) ~[?:?]
	at net.minecraft.world.item.crafting.ShapedRecipe.m_151278_(ShapedRecipe.java:291) ~[server-1.20.1-20230612.114412-srg.jar%23473!/:?]
	at net.minecraft.world.item.crafting.Ingredient.m_43919_(Ingredient.java:219) ~[server-1.20.1-20230612.114412-srg.jar%23473!/:?]
	at net.minecraftforge.common.crafting.VanillaIngredientSerializer.parse(VanillaIngredientSerializer.java:27) ~[forge-1.20.1-47.4.0-universal.jar%23478!/:?]
	at net.minecraftforge.common.crafting.CraftingHelper.getIngredient(CraftingHelper.java:148) ~[forge-1.20.1-47.4.0-universal.jar%23478!/:?]
	at net.minecraft.world.item.crafting.Ingredient.m_288218_(Ingredient.java:194) ~[server-1.20.1-20230612.114412-srg.jar%23473!/:?]
	at net.minecraft.world.item.crafting.ShapedRecipe.m_44210_(ShapedRecipe.java:278) ~[server-1.20.1-20230612.114412-srg.jar%23473!/:?]
	at net.minecraft.world.item.crafting.ShapedRecipe$Serializer.m_6729_(ShapedRecipe.java:306) ~[server-1.20.1-20230612.114412-srg.jar%23473!/:?]
	at net.minecraft.world.item.crafting.ShapedRecipe$Serializer.m_6729_(ShapedRecipe.java:301) ~[server-1.20.1-20230612.114412-srg.jar%23473!/:?]
	at net.minecraftforge.common.extensions.IForgeRecipeSerializer.fromJson(IForgeRecipeSerializer.java:23) ~[forge-1.20.1-47.4.0-universal.jar%23478!/:?]
	at net.minecraft.world.item.crafting.RecipeManager.fromJson(RecipeManager.java:171) ~[server-1.20.1-20230612.114412-srg.jar%23473!/:?]
	at net.minecraft.world.item.crafting.RecipeManager.m_5787_(RecipeManager.java:67) ~[server-1.20.1-20230612.114412-srg.jar%23473!/:?]
	at net.minecraft.world.item.crafting.RecipeManager.m_5787_(RecipeManager.java:34) ~[server-1.20.1-20230612.114412-srg.jar%23473!/:?]
	at net.minecraft.server.packs.resources.SimplePreparableReloadListener.m_10789_(SimplePreparableReloadListener.java:13) ~[server-1.20.1-20230612.114412-srg.jar%23473!/:?]
	at java.util.concurrent.CompletableFuture$UniAccept.tryFire(CompletableFuture.java:718) ~[?:?]
	at java.util.concurrent.CompletableFuture$Completion.run(CompletableFuture.java:482) ~[?:?]
	at net.minecraft.server.packs.resources.SimpleReloadInstance.m_143940_(SimpleReloadInstance.java:69) ~[server-1.20.1-20230612.114412-srg.jar%23473!/:?]
	at net.minecraft.Util.m_214652_(Util.java:783) ~[server-1.20.1-20230612.114412-srg.jar%23473!/:?]
	at net.minecraft.Util.m_214679_(Util.java:772) ~[server-1.20.1-20230612.114412-srg.jar%23473!/:?]
	at net.minecraft.server.Main.main(Main.java:166) ~[server-1.20.1-20230612.114412-srg.jar%23473!/:?]
	at jdk.internal.reflect.NativeMethodAccessorImpl.invoke0(Native Method) ~[?:?]
	at jdk.internal.reflect.NativeMethodAccessorImpl.invoke(NativeMethodAccessorImpl.java:77) ~[?:?]
	at jdk.internal.reflect.DelegatingMethodAccessorImpl.invoke(DelegatingMethodAccessorImpl.java:43) ~[?:?]
	at java.lang.reflect.Method.invoke(Method.java:569) ~[?:?]
	at net.minecraftforge.fml.loading.targets.CommonLaunchHandler.runTarget(CommonLaunchHandler.java:111) ~[fmlloader-1.20.1-47.4.0.jar%2369!/:?]
	at net.minecraftforge.fml.loading.targets.CommonLaunchHandler.serverService(CommonLaunchHandler.java:103) ~[fmlloader-1.20.1-47.4.0.jar%2369!/:?]
	at net.minecraftforge.fml.loading.targets.CommonServerLaunchHandler.lambda$makeService$0(CommonServerLaunchHandler.java:27) ~[fmlloader-1.20.1-47.4.0.jar%2369!/:?]
	at cpw.mods.modlauncher.LaunchServiceHandlerDecorator.launch(LaunchServiceHandlerDecorator.java:30) ~[modlauncher-10.0.9.jar%2355!/:?]
	at cpw.mods.modlauncher.LaunchServiceHandler.launch(LaunchServiceHandler.java:53) ~[modlauncher-10.0.9.jar%2355!/:?]
	at cpw.mods.modlauncher.LaunchServiceHandler.launch(LaunchServiceHandler.java:71) ~[modlauncher-10.0.9.jar%2355!/:?]
	at cpw.mods.modlauncher.Launcher.run(Launcher.java:108) ~[modlauncher-10.0.9.jar%2355!/:?]
	at cpw.mods.modlauncher.Launcher.main(Launcher.java:78) ~[modlauncher-10.0.9.jar%2355!/:?]
	at cpw.mods.modlauncher.BootstrapLaunchConsumer.accept(BootstrapLaunchConsumer.java:26) ~[modlauncher-10.0.9.jar%2355!/:?]
	at cpw.mods.modlauncher.BootstrapLaunchConsumer.accept(BootstrapLaunchConsumer.java:23) ~[modlauncher-10.0.9.jar%2355!/:?]
	at cpw.mods.bootstraplauncher.BootstrapLauncher.main(BootstrapLauncher.java:141) ~[bootstraplauncher-1.1.2.jar:?]
[10Oct2025 00:16:09.878] [main/INFO] [net.minecraft.world.item.crafting.RecipeManager/]: Skipping loading recipe collectorsreap:integration/create/mixing/gummy/pomegranate as it's serializer returned null
[10Oct2025 00:16:09.878] [main/INFO] [net.minecraft.world.item.crafting.RecipeManager/]: Skipping loading recipe expanded_combat:diamond_arrow_variable_fletching as it's serializer returned null
[10Oct2025 00:16:09.879] [main/ERROR] [net.minecraft.world.item.crafting.RecipeManager/]: Parsing error loading recipe dungeons_and_combat:dragonsteel_fire_boots
com.google.gson.JsonSyntaxException: Unknown item 'iceandfire:dragonsteel_fire_boots'
	at net.minecraft.world.item.crafting.ShapedRecipe.m_151280_(ShapedRecipe.java:292) ~[server-1.20.1-20230612.114412-srg.jar%23473!/:?]
	at java.util.Optional.orElseThrow(Optional.java:403) ~[?:?]
	at net.minecraft.world.item.crafting.ShapedRecipe.m_151278_(ShapedRecipe.java:291) ~[server-1.20.1-20230612.114412-srg.jar%23473!/:?]
	at net.minecraft.world.item.crafting.Ingredient.m_43919_(Ingredient.java:219) ~[server-1.20.1-20230612.114412-srg.jar%23473!/:?]
	at net.minecraftforge.common.crafting.VanillaIngredientSerializer.parse(VanillaIngredientSerializer.java:27) ~[forge-1.20.1-47.4.0-universal.jar%23478!/:?]
	at net.minecraftforge.common.crafting.CraftingHelper.getIngredient(CraftingHelper.java:148) ~[forge-1.20.1-47.4.0-universal.jar%23478!/:?]
	at net.minecraft.world.item.crafting.Ingredient.m_288218_(Ingredient.java:194) ~[server-1.20.1-20230612.114412-srg.jar%23473!/:?]
	at net.minecraft.world.item.crafting.Ingredient.m_43917_(Ingredient.java:189) ~[server-1.20.1-20230612.114412-srg.jar%23473!/:?]
	at net.minecraft.world.item.crafting.SmithingTransformRecipe$Serializer.m_6729_(SmithingTransformRecipe.java:74) ~[server-1.20.1-20230612.114412-srg.jar%23473!/:?]
	at net.minecraft.world.item.crafting.SmithingTransformRecipe$Serializer.m_6729_(SmithingTransformRecipe.java:71) ~[server-1.20.1-20230612.114412-srg.jar%23473!/:?]
	at net.minecraftforge.common.extensions.IForgeRecipeSerializer.fromJson(IForgeRecipeSerializer.java:23) ~[forge-1.20.1-47.4.0-universal.jar%23478!/:?]
	at net.minecraft.world.item.crafting.RecipeManager.fromJson(RecipeManager.java:171) ~[server-1.20.1-20230612.114412-srg.jar%23473!/:?]
	at net.minecraft.world.item.crafting.RecipeManager.m_5787_(RecipeManager.java:67) ~[server-1.20.1-20230612.114412-srg.jar%23473!/:?]
	at net.minecraft.world.item.crafting.RecipeManager.m_5787_(RecipeManager.java:34) ~[server-1.20.1-20230612.114412-srg.jar%23473!/:?]
	at net.minecraft.server.packs.resources.SimplePreparableReloadListener.m_10789_(SimplePreparableReloadListener.java:13) ~[server-1.20.1-20230612.114412-srg.jar%23473!/:?]
	at java.util.concurrent.CompletableFuture$UniAccept.tryFire(CompletableFuture.java:718) ~[?:?]
	at java.util.concurrent.CompletableFuture$Completion.run(CompletableFuture.java:482) ~[?:?]
	at net.minecraft.server.packs.resources.SimpleReloadInstance.m_143940_(SimpleReloadInstance.java:69) ~[server-1.20.1-20230612.114412-srg.jar%23473!/:?]
	at net.minecraft.Util.m_214652_(Util.java:783) ~[server-1.20.1-20230612.114412-srg.jar%23473!/:?]
	at net.minecraft.Util.m_214679_(Util.java:772) ~[server-1.20.1-20230612.114412-srg.jar%23473!/:?]
	at net.minecraft.server.Main.main(Main.java:166) ~[server-1.20.1-20230612.114412-srg.jar%23473!/:?]
	at jdk.internal.reflect.NativeMethodAccessorImpl.invoke0(Native Method) ~[?:?]
	at jdk.internal.reflect.NativeMethodAccessorImpl.invoke(NativeMethodAccessorImpl.java:77) ~[?:?]
	at jdk.internal.reflect.DelegatingMethodAccessorImpl.invoke(DelegatingMethodAccessorImpl.java:43) ~[?:?]
	at java.lang.reflect.Method.invoke(Method.java:569) ~[?:?]
	at net.minecraftforge.fml.loading.targets.CommonLaunchHandler.runTarget(CommonLaunchHandler.java:111) ~[fmlloader-1.20.1-47.4.0.jar%2369!/:?]
	at net.minecraftforge.fml.loading.targets.CommonLaunchHandler.serverService(CommonLaunchHandler.java:103) ~[fmlloader-1.20.1-47.4.0.jar%2369!/:?]
	at net.minecraftforge.fml.loading.targets.CommonServerLaunchHandler.lambda$makeService$0(CommonServerLaunchHandler.java:27) ~[fmlloader-1.20.1-47.4.0.jar%2369!/:?]
	at cpw.mods.modlauncher.LaunchServiceHandlerDecorator.launch(LaunchServiceHandlerDecorator.java:30) ~[modlauncher-10.0.9.jar%2355!/:?]
	at cpw.mods.modlauncher.LaunchServiceHandler.launch(LaunchServiceHandler.java:53) ~[modlauncher-10.0.9.jar%2355!/:?]
	at cpw.mods.modlauncher.LaunchServiceHandler.launch(LaunchServiceHandler.java:71) ~[modlauncher-10.0.9.jar%2355!/:?]
	at cpw.mods.modlauncher.Launcher.run(Launcher.java:108) ~[modlauncher-10.0.9.jar%2355!/:?]
	at cpw.mods.modlauncher.Launcher.main(Launcher.java:78) ~[modlauncher-10.0.9.jar%2355!/:?]
	at cpw.mods.modlauncher.BootstrapLaunchConsumer.accept(BootstrapLaunchConsumer.java:26) ~[modlauncher-10.0.9.jar%2355!/:?]
	at cpw.mods.modlauncher.BootstrapLaunchConsumer.accept(BootstrapLaunchConsumer.java:23) ~[modlauncher-10.0.9.jar%2355!/:?]
	at cpw.mods.bootstraplauncher.BootstrapLauncher.main(BootstrapLauncher.java:141) ~[bootstraplauncher-1.1.2.jar:?]
[10Oct2025 00:16:09.880] [main/INFO] [net.minecraft.world.item.crafting.RecipeManager/]: Skipping loading recipe twilightforest:jeed/blindness as it's serializer returned null
[10Oct2025 00:16:09.885] [main/ERROR] [net.minecraft.world.item.crafting.RecipeManager/]: Parsing error loading recipe dungeons_and_combat:light_upgrade_blazing_halberd
com.google.gson.JsonSyntaxException: Unknown item 'dungeons_and_combat:deleted_mod_element'
	at net.minecraft.world.item.crafting.ShapedRecipe.m_151280_(ShapedRecipe.java:292) ~[server-1.20.1-20230612.114412-srg.jar%23473!/:?]
	at java.util.Optional.orElseThrow(Optional.java:403) ~[?:?]
	at net.minecraft.world.item.crafting.ShapedRecipe.m_151278_(ShapedRecipe.java:291) ~[server-1.20.1-20230612.114412-srg.jar%23473!/:?]
	at net.minecraft.world.item.crafting.Ingredient.m_43919_(Ingredient.java:219) ~[server-1.20.1-20230612.114412-srg.jar%23473!/:?]
	at net.minecraftforge.common.crafting.VanillaIngredientSerializer.parse(VanillaIngredientSerializer.java:27) ~[forge-1.20.1-47.4.0-universal.jar%23478!/:?]
	at net.minecraftforge.common.crafting.CraftingHelper.getIngredient(CraftingHelper.java:148) ~[forge-1.20.1-47.4.0-universal.jar%23478!/:?]
	at net.minecraft.world.item.crafting.Ingredient.m_288218_(Ingredient.java:194) ~[server-1.20.1-20230612.114412-srg.jar%23473!/:?]
	at net.minecraft.world.item.crafting.Ingredient.m_43917_(Ingredient.java:189) ~[server-1.20.1-20230612.114412-srg.jar%23473!/:?]
	at net.minecraft.world.item.crafting.SmithingTransformRecipe$Serializer.m_6729_(SmithingTransformRecipe.java:74) ~[server-1.20.1-20230612.114412-srg.jar%23473!/:?]
	at net.minecraft.world.item.crafting.SmithingTransformRecipe$Serializer.m_6729_(SmithingTransformRecipe.java:71) ~[server-1.20.1-20230612.114412-srg.jar%23473!/:?]
	at net.minecraftforge.common.extensions.IForgeRecipeSerializer.fromJson(IForgeRecipeSerializer.java:23) ~[forge-1.20.1-47.4.0-universal.jar%23478!/:?]
	at net.minecraft.world.item.crafting.RecipeManager.fromJson(RecipeManager.java:171) ~[server-1.20.1-20230612.114412-srg.jar%23473!/:?]
	at net.minecraft.world.item.crafting.RecipeManager.m_5787_(RecipeManager.java:67) ~[server-1.20.1-20230612.114412-srg.jar%23473!/:?]
	at net.minecraft.world.item.crafting.RecipeManager.m_5787_(RecipeManager.java:34) ~[server-1.20.1-20230612.114412-srg.jar%23473!/:?]
	at net.minecraft.server.packs.resources.SimplePreparableReloadListener.m_10789_(SimplePreparableReloadListener.java:13) ~[server-1.20.1-20230612.114412-srg.jar%23473!/:?]
	at java.util.concurrent.CompletableFuture$UniAccept.tryFire(CompletableFuture.java:718) ~[?:?]
	at java.util.concurrent.CompletableFuture$Completion.run(CompletableFuture.java:482) ~[?:?]
	at net.minecraft.server.packs.resources.SimpleReloadInstance.m_143940_(SimpleReloadInstance.java:69) ~[server-1.20.1-20230612.114412-srg.jar%23473!/:?]
	at net.minecraft.Util.m_214652_(Util.java:783) ~[server-1.20.1-20230612.114412-srg.jar%23473!/:?]
	at net.minecraft.Util.m_214679_(Util.java:772) ~[server-1.20.1-20230612.114412-srg.jar%23473!/:?]
	at net.minecraft.server.Main.main(Main.java:166) ~[server-1.20.1-20230612.114412-srg.jar%23473!/:?]
	at jdk.internal.reflect.NativeMethodAccessorImpl.invoke0(Native Method) ~[?:?]
	at jdk.internal.reflect.NativeMethodAccessorImpl.invoke(NativeMethodAccessorImpl.java:77) ~[?:?]
	at jdk.internal.reflect.DelegatingMethodAccessorImpl.invoke(DelegatingMethodAccessorImpl.java:43) ~[?:?]
	at java.lang.reflect.Method.invoke(Method.java:569) ~[?:?]
	at net.minecraftforge.fml.loading.targets.CommonLaunchHandler.runTarget(CommonLaunchHandler.java:111) ~[fmlloader-1.20.1-47.4.0.jar%2369!/:?]
	at net.minecraftforge.fml.loading.targets.CommonLaunchHandler.serverService(CommonLaunchHandler.java:103) ~[fmlloader-1.20.1-47.4.0.jar%2369!/:?]
	at net.minecraftforge.fml.loading.targets.CommonServerLaunchHandler.lambda$makeService$0(CommonServerLaunchHandler.java:27) ~[fmlloader-1.20.1-47.4.0.jar%2369!/:?]
	at cpw.mods.modlauncher.LaunchServiceHandlerDecorator.launch(LaunchServiceHandlerDecorator.java:30) ~[modlauncher-10.0.9.jar%2355!/:?]
	at cpw.mods.modlauncher.LaunchServiceHandler.launch(LaunchServiceHandler.java:53) ~[modlauncher-10.0.9.jar%2355!/:?]
	at cpw.mods.modlauncher.LaunchServiceHandler.launch(LaunchServiceHandler.java:71) ~[modlauncher-10.0.9.jar%2355!/:?]
	at cpw.mods.modlauncher.Launcher.run(Launcher.java:108) ~[modlauncher-10.0.9.jar%2355!/:?]
	at cpw.mods.modlauncher.Launcher.main(Launcher.java:78) ~[modlauncher-10.0.9.jar%2355!/:?]
	at cpw.mods.modlauncher.BootstrapLaunchConsumer.accept(BootstrapLaunchConsumer.java:26) ~[modlauncher-10.0.9.jar%2355!/:?]
	at cpw.mods.modlauncher.BootstrapLaunchConsumer.accept(BootstrapLaunchConsumer.java:23) ~[modlauncher-10.0.9.jar%2355!/:?]
	at cpw.mods.bootstraplauncher.BootstrapLauncher.main(BootstrapLauncher.java:141) ~[bootstraplauncher-1.1.2.jar:?]
[10Oct2025 00:16:09.888] [main/ERROR] [net.minecraft.world.item.crafting.RecipeManager/]: Parsing error loading recipe dungeons_and_combat:electric_leggings
com.google.gson.JsonSyntaxException: Unknown item 'iceandfire:armor_electric_leggings'
	at net.minecraft.world.item.crafting.ShapedRecipe.m_151280_(ShapedRecipe.java:292) ~[server-1.20.1-20230612.114412-srg.jar%23473!/:?]
	at java.util.Optional.orElseThrow(Optional.java:403) ~[?:?]
	at net.minecraft.world.item.crafting.ShapedRecipe.m_151278_(ShapedRecipe.java:291) ~[server-1.20.1-20230612.114412-srg.jar%23473!/:?]
	at net.minecraft.world.item.crafting.Ingredient.m_43919_(Ingredient.java:219) ~[server-1.20.1-20230612.114412-srg.jar%23473!/:?]
	at net.minecraftforge.common.crafting.VanillaIngredientSerializer.parse(VanillaIngredientSerializer.java:27) ~[forge-1.20.1-47.4.0-universal.jar%23478!/:?]
	at net.minecraftforge.common.crafting.CraftingHelper.getIngredient(CraftingHelper.java:148) ~[forge-1.20.1-47.4.0-universal.jar%23478!/:?]
	at net.minecraft.world.item.crafting.Ingredient.m_288218_(Ingredient.java:194) ~[server-1.20.1-20230612.114412-srg.jar%23473!/:?]
	at net.minecraft.world.item.crafting.Ingredient.m_43917_(Ingredient.java:189) ~[server-1.20.1-20230612.114412-srg.jar%23473!/:?]
	at net.minecraft.world.item.crafting.SmithingTransformRecipe$Serializer.m_6729_(SmithingTransformRecipe.java:74) ~[server-1.20.1-20230612.114412-srg.jar%23473!/:?]
	at net.minecraft.world.item.crafting.SmithingTransformRecipe$Serializer.m_6729_(SmithingTransformRecipe.java:71) ~[server-1.20.1-20230612.114412-srg.jar%23473!/:?]
	at net.minecraftforge.common.extensions.IForgeRecipeSerializer.fromJson(IForgeRecipeSerializer.java:23) ~[forge-1.20.1-47.4.0-universal.jar%23478!/:?]
	at net.minecraft.world.item.crafting.RecipeManager.fromJson(RecipeManager.java:171) ~[server-1.20.1-20230612.114412-srg.jar%23473!/:?]
	at net.minecraft.world.item.crafting.RecipeManager.m_5787_(RecipeManager.java:67) ~[server-1.20.1-20230612.114412-srg.jar%23473!/:?]
	at net.minecraft.world.item.crafting.RecipeManager.m_5787_(RecipeManager.java:34) ~[server-1.20.1-20230612.114412-srg.jar%23473!/:?]
	at net.minecraft.server.packs.resources.SimplePreparableReloadListener.m_10789_(SimplePreparableReloadListener.java:13) ~[server-1.20.1-20230612.114412-srg.jar%23473!/:?]
	at java.util.concurrent.CompletableFuture$UniAccept.tryFire(CompletableFuture.java:718) ~[?:?]
	at java.util.concurrent.CompletableFuture$Completion.run(CompletableFuture.java:482) ~[?:?]
	at net.minecraft.server.packs.resources.SimpleReloadInstance.m_143940_(SimpleReloadInstance.java:69) ~[server-1.20.1-20230612.114412-srg.jar%23473!/:?]
	at net.minecraft.Util.m_214652_(Util.java:783) ~[server-1.20.1-20230612.114412-srg.jar%23473!/:?]
	at net.minecraft.Util.m_214679_(Util.java:772) ~[server-1.20.1-20230612.114412-srg.jar%23473!/:?]
	at net.minecraft.server.Main.main(Main.java:166) ~[server-1.20.1-20230612.114412-srg.jar%23473!/:?]
	at jdk.internal.reflect.NativeMethodAccessorImpl.invoke0(Native Method) ~[?:?]
	at jdk.internal.reflect.NativeMethodAccessorImpl.invoke(NativeMethodAccessorImpl.java:77) ~[?:?]
	at jdk.internal.reflect.DelegatingMethodAccessorImpl.invoke(DelegatingMethodAccessorImpl.java:43) ~[?:?]
	at java.lang.reflect.Method.invoke(Method.java:569) ~[?:?]
	at net.minecraftforge.fml.loading.targets.CommonLaunchHandler.runTarget(CommonLaunchHandler.java:111) ~[fmlloader-1.20.1-47.4.0.jar%2369!/:?]
	at net.minecraftforge.fml.loading.targets.CommonLaunchHandler.serverService(CommonLaunchHandler.java:103) ~[fmlloader-1.20.1-47.4.0.jar%2369!/:?]
	at net.minecraftforge.fml.loading.targets.CommonServerLaunchHandler.lambda$makeService$0(CommonServerLaunchHandler.java:27) ~[fmlloader-1.20.1-47.4.0.jar%2369!/:?]
	at cpw.mods.modlauncher.LaunchServiceHandlerDecorator.launch(LaunchServiceHandlerDecorator.java:30) ~[modlauncher-10.0.9.jar%2355!/:?]
	at cpw.mods.modlauncher.LaunchServiceHandler.launch(LaunchServiceHandler.java:53) ~[modlauncher-10.0.9.jar%2355!/:?]
	at cpw.mods.modlauncher.LaunchServiceHandler.launch(LaunchServiceHandler.java:71) ~[modlauncher-10.0.9.jar%2355!/:?]
	at cpw.mods.modlauncher.Launcher.run(Launcher.java:108) ~[modlauncher-10.0.9.jar%2355!/:?]
	at cpw.mods.modlauncher.Launcher.main(Launcher.java:78) ~[modlauncher-10.0.9.jar%2355!/:?]
	at cpw.mods.modlauncher.BootstrapLaunchConsumer.accept(BootstrapLaunchConsumer.java:26) ~[modlauncher-10.0.9.jar%2355!/:?]
	at cpw.mods.modlauncher.BootstrapLaunchConsumer.accept(BootstrapLaunchConsumer.java:23) ~[modlauncher-10.0.9.jar%2355!/:?]
	at cpw.mods.bootstraplauncher.BootstrapLauncher.main(BootstrapLauncher.java:141) ~[bootstraplauncher-1.1.2.jar:?]
[10Oct2025 00:16:09.889] [main/ERROR] [net.minecraft.world.item.crafting.RecipeManager/]: Parsing error loading recipe dungeons_and_combat:dragonsteel_lightning_recipe_greatsword
com.google.gson.JsonSyntaxException: Unknown item 'iceandfire:dragonsteel_lightning_ingot'
	at net.minecraft.world.item.crafting.ShapedRecipe.m_151280_(ShapedRecipe.java:292) ~[server-1.20.1-20230612.114412-srg.jar%23473!/:?]
	at java.util.Optional.orElseThrow(Optional.java:403) ~[?:?]
	at net.minecraft.world.item.crafting.ShapedRecipe.m_151278_(ShapedRecipe.java:291) ~[server-1.20.1-20230612.114412-srg.jar%23473!/:?]
	at net.minecraft.world.item.crafting.Ingredient.m_43919_(Ingredient.java:219) ~[server-1.20.1-20230612.114412-srg.jar%23473!/:?]
	at net.minecraftforge.common.crafting.VanillaIngredientSerializer.parse(VanillaIngredientSerializer.java:27) ~[forge-1.20.1-47.4.0-universal.jar%23478!/:?]
	at net.minecraftforge.common.crafting.CraftingHelper.getIngredient(CraftingHelper.java:148) ~[forge-1.20.1-47.4.0-universal.jar%23478!/:?]
	at net.minecraft.world.item.crafting.Ingredient.m_288218_(Ingredient.java:194) ~[server-1.20.1-20230612.114412-srg.jar%23473!/:?]
	at net.minecraft.world.item.crafting.ShapedRecipe.m_44210_(ShapedRecipe.java:278) ~[server-1.20.1-20230612.114412-srg.jar%23473!/:?]
	at net.minecraft.world.item.crafting.ShapedRecipe$Serializer.m_6729_(ShapedRecipe.java:306) ~[server-1.20.1-20230612.114412-srg.jar%23473!/:?]
	at net.minecraft.world.item.crafting.ShapedRecipe$Serializer.m_6729_(ShapedRecipe.java:301) ~[server-1.20.1-20230612.114412-srg.jar%23473!/:?]
	at net.minecraftforge.common.extensions.IForgeRecipeSerializer.fromJson(IForgeRecipeSerializer.java:23) ~[forge-1.20.1-47.4.0-universal.jar%23478!/:?]
	at net.minecraft.world.item.crafting.RecipeManager.fromJson(RecipeManager.java:171) ~[server-1.20.1-20230612.114412-srg.jar%23473!/:?]
	at net.minecraft.world.item.crafting.RecipeManager.m_5787_(RecipeManager.java:67) ~[server-1.20.1-20230612.114412-srg.jar%23473!/:?]
	at net.minecraft.world.item.crafting.RecipeManager.m_5787_(RecipeManager.java:34) ~[server-1.20.1-20230612.114412-srg.jar%23473!/:?]
	at net.minecraft.server.packs.resources.SimplePreparableReloadListener.m_10789_(SimplePreparableReloadListener.java:13) ~[server-1.20.1-20230612.114412-srg.jar%23473!/:?]
	at java.util.concurrent.CompletableFuture$UniAccept.tryFire(CompletableFuture.java:718) ~[?:?]
	at java.util.concurrent.CompletableFuture$Completion.run(CompletableFuture.java:482) ~[?:?]
	at net.minecraft.server.packs.resources.SimpleReloadInstance.m_143940_(SimpleReloadInstance.java:69) ~[server-1.20.1-20230612.114412-srg.jar%23473!/:?]
	at net.minecraft.Util.m_214652_(Util.java:783) ~[server-1.20.1-20230612.114412-srg.jar%23473!/:?]
	at net.minecraft.Util.m_214679_(Util.java:772) ~[server-1.20.1-20230612.114412-srg.jar%23473!/:?]
	at net.minecraft.server.Main.main(Main.java:166) ~[server-1.20.1-20230612.114412-srg.jar%23473!/:?]
	at jdk.internal.reflect.NativeMethodAccessorImpl.invoke0(Native Method) ~[?:?]
	at jdk.internal.reflect.NativeMethodAccessorImpl.invoke(NativeMethodAccessorImpl.java:77) ~[?:?]
	at jdk.internal.reflect.DelegatingMethodAccessorImpl.invoke(DelegatingMethodAccessorImpl.java:43) ~[?:?]
	at java.lang.reflect.Method.invoke(Method.java:569) ~[?:?]
	at net.minecraftforge.fml.loading.targets.CommonLaunchHandler.runTarget(CommonLaunchHandler.java:111) ~[fmlloader-1.20.1-47.4.0.jar%2369!/:?]
	at net.minecraftforge.fml.loading.targets.CommonLaunchHandler.serverService(CommonLaunchHandler.java:103) ~[fmlloader-1.20.1-47.4.0.jar%2369!/:?]
	at net.minecraftforge.fml.loading.targets.CommonServerLaunchHandler.lambda$makeService$0(CommonServerLaunchHandler.java:27) ~[fmlloader-1.20.1-47.4.0.jar%2369!/:?]
	at cpw.mods.modlauncher.LaunchServiceHandlerDecorator.launch(LaunchServiceHandlerDecorator.java:30) ~[modlauncher-10.0.9.jar%2355!/:?]
	at cpw.mods.modlauncher.LaunchServiceHandler.launch(LaunchServiceHandler.java:53) ~[modlauncher-10.0.9.jar%2355!/:?]
	at cpw.mods.modlauncher.LaunchServiceHandler.launch(LaunchServiceHandler.java:71) ~[modlauncher-10.0.9.jar%2355!/:?]
	at cpw.mods.modlauncher.Launcher.run(Launcher.java:108) ~[modlauncher-10.0.9.jar%2355!/:?]
	at cpw.mods.modlauncher.Launcher.main(Launcher.java:78) ~[modlauncher-10.0.9.jar%2355!/:?]
	at cpw.mods.modlauncher.BootstrapLaunchConsumer.accept(BootstrapLaunchConsumer.java:26) ~[modlauncher-10.0.9.jar%2355!/:?]
	at cpw.mods.modlauncher.BootstrapLaunchConsumer.accept(BootstrapLaunchConsumer.java:23) ~[modlauncher-10.0.9.jar%2355!/:?]
	at cpw.mods.bootstraplauncher.BootstrapLauncher.main(BootstrapLauncher.java:141) ~[bootstraplauncher-1.1.2.jar:?]
[10Oct2025 00:16:09.891] [main/ERROR] [net.minecraft.world.item.crafting.RecipeManager/]: Parsing error loading recipe dungeons_and_combat:blue_leggings
com.google.gson.JsonSyntaxException: Unknown item 'iceandfire:armor_blue_leggings'
	at net.minecraft.world.item.crafting.ShapedRecipe.m_151280_(ShapedRecipe.java:292) ~[server-1.20.1-20230612.114412-srg.jar%23473!/:?]
	at java.util.Optional.orElseThrow(Optional.java:403) ~[?:?]
	at net.minecraft.world.item.crafting.ShapedRecipe.m_151278_(ShapedRecipe.java:291) ~[server-1.20.1-20230612.114412-srg.jar%23473!/:?]
	at net.minecraft.world.item.crafting.Ingredient.m_43919_(Ingredient.java:219) ~[server-1.20.1-20230612.114412-srg.jar%23473!/:?]
	at net.minecraftforge.common.crafting.VanillaIngredientSerializer.parse(VanillaIngredientSerializer.java:27) ~[forge-1.20.1-47.4.0-universal.jar%23478!/:?]
	at net.minecraftforge.common.crafting.CraftingHelper.getIngredient(CraftingHelper.java:148) ~[forge-1.20.1-47.4.0-universal.jar%23478!/:?]
	at net.minecraft.world.item.crafting.Ingredient.m_288218_(Ingredient.java:194) ~[server-1.20.1-20230612.114412-srg.jar%23473!/:?]
	at net.minecraft.world.item.crafting.Ingredient.m_43917_(Ingredient.java:189) ~[server-1.20.1-20230612.114412-srg.jar%23473!/:?]
	at net.minecraft.world.item.crafting.SmithingTransformRecipe$Serializer.m_6729_(SmithingTransformRecipe.java:74) ~[server-1.20.1-20230612.114412-srg.jar%23473!/:?]
	at net.minecraft.world.item.crafting.SmithingTransformRecipe$Serializer.m_6729_(SmithingTransformRecipe.java:71) ~[server-1.20.1-20230612.114412-srg.jar%23473!/:?]
	at net.minecraftforge.common.extensions.IForgeRecipeSerializer.fromJson(IForgeRecipeSerializer.java:23) ~[forge-1.20.1-47.4.0-universal.jar%23478!/:?]
	at net.minecraft.world.item.crafting.RecipeManager.fromJson(RecipeManager.java:171) ~[server-1.20.1-20230612.114412-srg.jar%23473!/:?]
	at net.minecraft.world.item.crafting.RecipeManager.m_5787_(RecipeManager.java:67) ~[server-1.20.1-20230612.114412-srg.jar%23473!/:?]
	at net.minecraft.world.item.crafting.RecipeManager.m_5787_(RecipeManager.java:34) ~[server-1.20.1-20230612.114412-srg.jar%23473!/:?]
	at net.minecraft.server.packs.resources.SimplePreparableReloadListener.m_10789_(SimplePreparableReloadListener.java:13) ~[server-1.20.1-20230612.114412-srg.jar%23473!/:?]
	at java.util.concurrent.CompletableFuture$UniAccept.tryFire(CompletableFuture.java:718) ~[?:?]
	at java.util.concurrent.CompletableFuture$Completion.run(CompletableFuture.java:482) ~[?:?]
	at net.minecraft.server.packs.resources.SimpleReloadInstance.m_143940_(SimpleReloadInstance.java:69) ~[server-1.20.1-20230612.114412-srg.jar%23473!/:?]
	at net.minecraft.Util.m_214652_(Util.java:783) ~[server-1.20.1-20230612.114412-srg.jar%23473!/:?]
	at net.minecraft.Util.m_214679_(Util.java:772) ~[server-1.20.1-20230612.114412-srg.jar%23473!/:?]
	at net.minecraft.server.Main.main(Main.java:166) ~[server-1.20.1-20230612.114412-srg.jar%23473!/:?]
	at jdk.internal.reflect.NativeMethodAccessorImpl.invoke0(Native Method) ~[?:?]
	at jdk.internal.reflect.NativeMethodAccessorImpl.invoke(NativeMethodAccessorImpl.java:77) ~[?:?]
	at jdk.internal.reflect.DelegatingMethodAccessorImpl.invoke(DelegatingMethodAccessorImpl.java:43) ~[?:?]
	at java.lang.reflect.Method.invoke(Method.java:569) ~[?:?]
	at net.minecraftforge.fml.loading.targets.CommonLaunchHandler.runTarget(CommonLaunchHandler.java:111) ~[fmlloader-1.20.1-47.4.0.jar%2369!/:?]
	at net.minecraftforge.fml.loading.targets.CommonLaunchHandler.serverService(CommonLaunchHandler.java:103) ~[fmlloader-1.20.1-47.4.0.jar%2369!/:?]
	at net.minecraftforge.fml.loading.targets.CommonServerLaunchHandler.lambda$makeService$0(CommonServerLaunchHandler.java:27) ~[fmlloader-1.20.1-47.4.0.jar%2369!/:?]
	at cpw.mods.modlauncher.LaunchServiceHandlerDecorator.launch(LaunchServiceHandlerDecorator.java:30) ~[modlauncher-10.0.9.jar%2355!/:?]
	at cpw.mods.modlauncher.LaunchServiceHandler.launch(LaunchServiceHandler.java:53) ~[modlauncher-10.0.9.jar%2355!/:?]
	at cpw.mods.modlauncher.LaunchServiceHandler.launch(LaunchServiceHandler.java:71) ~[modlauncher-10.0.9.jar%2355!/:?]
	at cpw.mods.modlauncher.Launcher.run(Launcher.java:108) ~[modlauncher-10.0.9.jar%2355!/:?]
	at cpw.mods.modlauncher.Launcher.main(Launcher.java:78) ~[modlauncher-10.0.9.jar%2355!/:?]
	at cpw.mods.modlauncher.BootstrapLaunchConsumer.accept(BootstrapLaunchConsumer.java:26) ~[modlauncher-10.0.9.jar%2355!/:?]
	at cpw.mods.modlauncher.BootstrapLaunchConsumer.accept(BootstrapLaunchConsumer.java:23) ~[modlauncher-10.0.9.jar%2355!/:?]
	at cpw.mods.bootstraplauncher.BootstrapLauncher.main(BootstrapLauncher.java:141) ~[bootstraplauncher-1.1.2.jar:?]
[10Oct2025 00:16:09.898] [main/ERROR] [net.minecraft.world.item.crafting.RecipeManager/]: Parsing error loading recipe dungeons_and_combat:dragonsteel_ice_recipe_long_sword
com.google.gson.JsonSyntaxException: Unknown item 'iceandfire:dragonsteel_ice_ingot'
	at net.minecraft.world.item.crafting.ShapedRecipe.m_151280_(ShapedRecipe.java:292) ~[server-1.20.1-20230612.114412-srg.jar%23473!/:?]
	at java.util.Optional.orElseThrow(Optional.java:403) ~[?:?]
	at net.minecraft.world.item.crafting.ShapedRecipe.m_151278_(ShapedRecipe.java:291) ~[server-1.20.1-20230612.114412-srg.jar%23473!/:?]
	at net.minecraft.world.item.crafting.Ingredient.m_43919_(Ingredient.java:219) ~[server-1.20.1-20230612.114412-srg.jar%23473!/:?]
	at net.minecraftforge.common.crafting.VanillaIngredientSerializer.parse(VanillaIngredientSerializer.java:27) ~[forge-1.20.1-47.4.0-universal.jar%23478!/:?]
	at net.minecraftforge.common.crafting.CraftingHelper.getIngredient(CraftingHelper.java:148) ~[forge-1.20.1-47.4.0-universal.jar%23478!/:?]
	at net.minecraft.world.item.crafting.Ingredient.m_288218_(Ingredient.java:194) ~[server-1.20.1-20230612.114412-srg.jar%23473!/:?]
	at net.minecraft.world.item.crafting.ShapedRecipe.m_44210_(ShapedRecipe.java:278) ~[server-1.20.1-20230612.114412-srg.jar%23473!/:?]
	at net.minecraft.world.item.crafting.ShapedRecipe$Serializer.m_6729_(ShapedRecipe.java:306) ~[server-1.20.1-20230612.114412-srg.jar%23473!/:?]
	at net.minecraft.world.item.crafting.ShapedRecipe$Serializer.m_6729_(ShapedRecipe.java:301) ~[server-1.20.1-20230612.114412-srg.jar%23473!/:?]
	at net.minecraftforge.common.extensions.IForgeRecipeSerializer.fromJson(IForgeRecipeSerializer.java:23) ~[forge-1.20.1-47.4.0-universal.jar%23478!/:?]
	at net.minecraft.world.item.crafting.RecipeManager.fromJson(RecipeManager.java:171) ~[server-1.20.1-20230612.114412-srg.jar%23473!/:?]
	at net.minecraft.world.item.crafting.RecipeManager.m_5787_(RecipeManager.java:67) ~[server-1.20.1-20230612.114412-srg.jar%23473!/:?]
	at net.minecraft.world.item.crafting.RecipeManager.m_5787_(RecipeManager.java:34) ~[server-1.20.1-20230612.114412-srg.jar%23473!/:?]
	at net.minecraft.server.packs.resources.SimplePreparableReloadListener.m_10789_(SimplePreparableReloadListener.java:13) ~[server-1.20.1-20230612.114412-srg.jar%23473!/:?]
	at java.util.concurrent.CompletableFuture$UniAccept.tryFire(CompletableFuture.java:718) ~[?:?]
	at java.util.concurrent.CompletableFuture$Completion.run(CompletableFuture.java:482) ~[?:?]
	at net.minecraft.server.packs.resources.SimpleReloadInstance.m_143940_(SimpleReloadInstance.java:69) ~[server-1.20.1-20230612.114412-srg.jar%23473!/:?]
	at net.minecraft.Util.m_214652_(Util.java:783) ~[server-1.20.1-20230612.114412-srg.jar%23473!/:?]
	at net.minecraft.Util.m_214679_(Util.java:772) ~[server-1.20.1-20230612.114412-srg.jar%23473!/:?]
	at net.minecraft.server.Main.main(Main.java:166) ~[server-1.20.1-20230612.114412-srg.jar%23473!/:?]
	at jdk.internal.reflect.NativeMethodAccessorImpl.invoke0(Native Method) ~[?:?]
	at jdk.internal.reflect.NativeMethodAccessorImpl.invoke(NativeMethodAccessorImpl.java:77) ~[?:?]
	at jdk.internal.reflect.DelegatingMethodAccessorImpl.invoke(DelegatingMethodAccessorImpl.java:43) ~[?:?]
	at java.lang.reflect.Method.invoke(Method.java:569) ~[?:?]
	at net.minecraftforge.fml.loading.targets.CommonLaunchHandler.runTarget(CommonLaunchHandler.java:111) ~[fmlloader-1.20.1-47.4.0.jar%2369!/:?]
	at net.minecraftforge.fml.loading.targets.CommonLaunchHandler.serverService(CommonLaunchHandler.java:103) ~[fmlloader-1.20.1-47.4.0.jar%2369!/:?]
	at net.minecraftforge.fml.loading.targets.CommonServerLaunchHandler.lambda$makeService$0(CommonServerLaunchHandler.java:27) ~[fmlloader-1.20.1-47.4.0.jar%2369!/:?]
	at cpw.mods.modlauncher.LaunchServiceHandlerDecorator.launch(LaunchServiceHandlerDecorator.java:30) ~[modlauncher-10.0.9.jar%2355!/:?]
	at cpw.mods.modlauncher.LaunchServiceHandler.launch(LaunchServiceHandler.java:53) ~[modlauncher-10.0.9.jar%2355!/:?]
	at cpw.mods.modlauncher.LaunchServiceHandler.launch(LaunchServiceHandler.java:71) ~[modlauncher-10.0.9.jar%2355!/:?]
	at cpw.mods.modlauncher.Launcher.run(Launcher.java:108) ~[modlauncher-10.0.9.jar%2355!/:?]
	at cpw.mods.modlauncher.Launcher.main(Launcher.java:78) ~[modlauncher-10.0.9.jar%2355!/:?]
	at cpw.mods.modlauncher.BootstrapLaunchConsumer.accept(BootstrapLaunchConsumer.java:26) ~[modlauncher-10.0.9.jar%2355!/:?]
	at cpw.mods.modlauncher.BootstrapLaunchConsumer.accept(BootstrapLaunchConsumer.java:23) ~[modlauncher-10.0.9.jar%2355!/:?]
	at cpw.mods.bootstraplauncher.BootstrapLauncher.main(BootstrapLauncher.java:141) ~[bootstraplauncher-1.1.2.jar:?]
[10Oct2025 00:16:09.901] [main/INFO] [net.minecraft.world.item.crafting.RecipeManager/]: Skipping loading recipe collectorsreap:food/land_and_sea_burger as it's serializer returned null
[10Oct2025 00:16:09.901] [main/INFO] [net.minecraft.world.item.crafting.RecipeManager/]: Skipping loading recipe collectorsreap:integration/create/emptying/lime_green_tea as it's serializer returned null
[10Oct2025 00:16:09.904] [main/INFO] [net.minecraft.world.item.crafting.RecipeManager/]: Skipping loading recipe botanypots:rusticdelight/crop/wild_coffee as it's serializer returned null
[10Oct2025 00:16:09.905] [main/ERROR] [net.minecraft.world.item.crafting.RecipeManager/]: Parsing error loading recipe dungeons_and_combat:dragon_lightning_dagger_recipe
com.google.gson.JsonSyntaxException: Unknown item 'iceandfire:lightning_dragon_blood'
	at net.minecraft.world.item.crafting.ShapedRecipe.m_151280_(ShapedRecipe.java:292) ~[server-1.20.1-20230612.114412-srg.jar%23473!/:?]
	at java.util.Optional.orElseThrow(Optional.java:403) ~[?:?]
	at net.minecraft.world.item.crafting.ShapedRecipe.m_151278_(ShapedRecipe.java:291) ~[server-1.20.1-20230612.114412-srg.jar%23473!/:?]
	at net.minecraft.world.item.crafting.Ingredient.m_43919_(Ingredient.java:219) ~[server-1.20.1-20230612.114412-srg.jar%23473!/:?]
	at net.minecraftforge.common.crafting.VanillaIngredientSerializer.parse(VanillaIngredientSerializer.java:27) ~[forge-1.20.1-47.4.0-universal.jar%23478!/:?]
	at net.minecraftforge.common.crafting.CraftingHelper.getIngredient(CraftingHelper.java:148) ~[forge-1.20.1-47.4.0-universal.jar%23478!/:?]
	at net.minecraft.world.item.crafting.Ingredient.m_288218_(Ingredient.java:194) ~[server-1.20.1-20230612.114412-srg.jar%23473!/:?]
	at net.minecraft.world.item.crafting.ShapedRecipe.m_44210_(ShapedRecipe.java:278) ~[server-1.20.1-20230612.114412-srg.jar%23473!/:?]
	at net.minecraft.world.item.crafting.ShapedRecipe$Serializer.m_6729_(ShapedRecipe.java:306) ~[server-1.20.1-20230612.114412-srg.jar%23473!/:?]
	at net.minecraft.world.item.crafting.ShapedRecipe$Serializer.m_6729_(ShapedRecipe.java:301) ~[server-1.20.1-20230612.114412-srg.jar%23473!/:?]
	at net.minecraftforge.common.extensions.IForgeRecipeSerializer.fromJson(IForgeRecipeSerializer.java:23) ~[forge-1.20.1-47.4.0-universal.jar%23478!/:?]
	at net.minecraft.world.item.crafting.RecipeManager.fromJson(RecipeManager.java:171) ~[server-1.20.1-20230612.114412-srg.jar%23473!/:?]
	at net.minecraft.world.item.crafting.RecipeManager.m_5787_(RecipeManager.java:67) ~[server-1.20.1-20230612.114412-srg.jar%23473!/:?]
	at net.minecraft.world.item.crafting.RecipeManager.m_5787_(RecipeManager.java:34) ~[server-1.20.1-20230612.114412-srg.jar%23473!/:?]
	at net.minecraft.server.packs.resources.SimplePreparableReloadListener.m_10789_(SimplePreparableReloadListener.java:13) ~[server-1.20.1-20230612.114412-srg.jar%23473!/:?]
	at java.util.concurrent.CompletableFuture$UniAccept.tryFire(CompletableFuture.java:718) ~[?:?]
	at java.util.concurrent.CompletableFuture$Completion.run(CompletableFuture.java:482) ~[?:?]
	at net.minecraft.server.packs.resources.SimpleReloadInstance.m_143940_(SimpleReloadInstance.java:69) ~[server-1.20.1-20230612.114412-srg.jar%23473!/:?]
	at net.minecraft.Util.m_214652_(Util.java:783) ~[server-1.20.1-20230612.114412-srg.jar%23473!/:?]
	at net.minecraft.Util.m_214679_(Util.java:772) ~[server-1.20.1-20230612.114412-srg.jar%23473!/:?]
	at net.minecraft.server.Main.main(Main.java:166) ~[server-1.20.1-20230612.114412-srg.jar%23473!/:?]
	at jdk.internal.reflect.NativeMethodAccessorImpl.invoke0(Native Method) ~[?:?]
	at jdk.internal.reflect.NativeMethodAccessorImpl.invoke(NativeMethodAccessorImpl.java:77) ~[?:?]
	at jdk.internal.reflect.DelegatingMethodAccessorImpl.invoke(DelegatingMethodAccessorImpl.java:43) ~[?:?]
	at java.lang.reflect.Method.invoke(Method.java:569) ~[?:?]
	at net.minecraftforge.fml.loading.targets.CommonLaunchHandler.runTarget(CommonLaunchHandler.java:111) ~[fmlloader-1.20.1-47.4.0.jar%2369!/:?]
	at net.minecraftforge.fml.loading.targets.CommonLaunchHandler.serverService(CommonLaunchHandler.java:103) ~[fmlloader-1.20.1-47.4.0.jar%2369!/:?]
	at net.minecraftforge.fml.loading.targets.CommonServerLaunchHandler.lambda$makeService$0(CommonServerLaunchHandler.java:27) ~[fmlloader-1.20.1-47.4.0.jar%2369!/:?]
	at cpw.mods.modlauncher.LaunchServiceHandlerDecorator.launch(LaunchServiceHandlerDecorator.java:30) ~[modlauncher-10.0.9.jar%2355!/:?]
	at cpw.mods.modlauncher.LaunchServiceHandler.launch(LaunchServiceHandler.java:53) ~[modlauncher-10.0.9.jar%2355!/:?]
	at cpw.mods.modlauncher.LaunchServiceHandler.launch(LaunchServiceHandler.java:71) ~[modlauncher-10.0.9.jar%2355!/:?]
	at cpw.mods.modlauncher.Launcher.run(Launcher.java:108) ~[modlauncher-10.0.9.jar%2355!/:?]
	at cpw.mods.modlauncher.Launcher.main(Launcher.java:78) ~[modlauncher-10.0.9.jar%2355!/:?]
	at cpw.mods.modlauncher.BootstrapLaunchConsumer.accept(BootstrapLaunchConsumer.java:26) ~[modlauncher-10.0.9.jar%2355!/:?]
	at cpw.mods.modlauncher.BootstrapLaunchConsumer.accept(BootstrapLaunchConsumer.java:23) ~[modlauncher-10.0.9.jar%2355!/:?]
	at cpw.mods.bootstraplauncher.BootstrapLauncher.main(BootstrapLauncher.java:141) ~[bootstraplauncher-1.1.2.jar:?]
[10Oct2025 00:16:09.906] [main/INFO] [net.minecraft.world.item.crafting.RecipeManager/]: Skipping loading recipe collectorsreap:integration/create/mixing/gummy/coffee as it's serializer returned null
[10Oct2025 00:16:09.906] [main/ERROR] [net.minecraft.world.item.crafting.RecipeManager/]: Parsing error loading recipe dungeons_and_combat:dragonsteel_lightning_recipe_katana
com.google.gson.JsonSyntaxException: Unknown item 'iceandfire:dragonsteel_lightning_ingot'
	at net.minecraft.world.item.crafting.ShapedRecipe.m_151280_(ShapedRecipe.java:292) ~[server-1.20.1-20230612.114412-srg.jar%23473!/:?]
	at java.util.Optional.orElseThrow(Optional.java:403) ~[?:?]
	at net.minecraft.world.item.crafting.ShapedRecipe.m_151278_(ShapedRecipe.java:291) ~[server-1.20.1-20230612.114412-srg.jar%23473!/:?]
	at net.minecraft.world.item.crafting.Ingredient.m_43919_(Ingredient.java:219) ~[server-1.20.1-20230612.114412-srg.jar%23473!/:?]
	at net.minecraftforge.common.crafting.VanillaIngredientSerializer.parse(VanillaIngredientSerializer.java:27) ~[forge-1.20.1-47.4.0-universal.jar%23478!/:?]
	at net.minecraftforge.common.crafting.CraftingHelper.getIngredient(CraftingHelper.java:148) ~[forge-1.20.1-47.4.0-universal.jar%23478!/:?]
	at net.minecraft.world.item.crafting.Ingredient.m_288218_(Ingredient.java:194) ~[server-1.20.1-20230612.114412-srg.jar%23473!/:?]
	at net.minecraft.world.item.crafting.ShapedRecipe.m_44210_(ShapedRecipe.java:278) ~[server-1.20.1-20230612.114412-srg.jar%23473!/:?]
	at net.minecraft.world.item.crafting.ShapedRecipe$Serializer.m_6729_(ShapedRecipe.java:306) ~[server-1.20.1-20230612.114412-srg.jar%23473!/:?]
	at net.minecraft.world.item.crafting.ShapedRecipe$Serializer.m_6729_(ShapedRecipe.java:301) ~[server-1.20.1-20230612.114412-srg.jar%23473!/:?]
	at net.minecraftforge.common.extensions.IForgeRecipeSerializer.fromJson(IForgeRecipeSerializer.java:23) ~[forge-1.20.1-47.4.0-universal.jar%23478!/:?]
	at net.minecraft.world.item.crafting.RecipeManager.fromJson(RecipeManager.java:171) ~[server-1.20.1-20230612.114412-srg.jar%23473!/:?]
	at net.minecraft.world.item.crafting.RecipeManager.m_5787_(RecipeManager.java:67) ~[server-1.20.1-20230612.114412-srg.jar%23473!/:?]
	at net.minecraft.world.item.crafting.RecipeManager.m_5787_(RecipeManager.java:34) ~[server-1.20.1-20230612.114412-srg.jar%23473!/:?]
	at net.minecraft.server.packs.resources.SimplePreparableReloadListener.m_10789_(SimplePreparableReloadListener.java:13) ~[server-1.20.1-20230612.114412-srg.jar%23473!/:?]
	at java.util.concurrent.CompletableFuture$UniAccept.tryFire(CompletableFuture.java:718) ~[?:?]
	at java.util.concurrent.CompletableFuture$Completion.run(CompletableFuture.java:482) ~[?:?]
	at net.minecraft.server.packs.resources.SimpleReloadInstance.m_143940_(SimpleReloadInstance.java:69) ~[server-1.20.1-20230612.114412-srg.jar%23473!/:?]
	at net.minecraft.Util.m_214652_(Util.java:783) ~[server-1.20.1-20230612.114412-srg.jar%23473!/:?]
	at net.minecraft.Util.m_214679_(Util.java:772) ~[server-1.20.1-20230612.114412-srg.jar%23473!/:?]
	at net.minecraft.server.Main.main(Main.java:166) ~[server-1.20.1-20230612.114412-srg.jar%23473!/:?]
	at jdk.internal.reflect.NativeMethodAccessorImpl.invoke0(Native Method) ~[?:?]
	at jdk.internal.reflect.NativeMethodAccessorImpl.invoke(NativeMethodAccessorImpl.java:77) ~[?:?]
	at jdk.internal.reflect.DelegatingMethodAccessorImpl.invoke(DelegatingMethodAccessorImpl.java:43) ~[?:?]
	at java.lang.reflect.Method.invoke(Method.java:569) ~[?:?]
	at net.minecraftforge.fml.loading.targets.CommonLaunchHandler.runTarget(CommonLaunchHandler.java:111) ~[fmlloader-1.20.1-47.4.0.jar%2369!/:?]
	at net.minecraftforge.fml.loading.targets.CommonLaunchHandler.serverService(CommonLaunchHandler.java:103) ~[fmlloader-1.20.1-47.4.0.jar%2369!/:?]
	at net.minecraftforge.fml.loading.targets.CommonServerLaunchHandler.lambda$makeService$0(CommonServerLaunchHandler.java:27) ~[fmlloader-1.20.1-47.4.0.jar%2369!/:?]
	at cpw.mods.modlauncher.LaunchServiceHandlerDecorator.launch(LaunchServiceHandlerDecorator.java:30) ~[modlauncher-10.0.9.jar%2355!/:?]
	at cpw.mods.modlauncher.LaunchServiceHandler.launch(LaunchServiceHandler.java:53) ~[modlauncher-10.0.9.jar%2355!/:?]
	at cpw.mods.modlauncher.LaunchServiceHandler.launch(LaunchServiceHandler.java:71) ~[modlauncher-10.0.9.jar%2355!/:?]
	at cpw.mods.modlauncher.Launcher.run(Launcher.java:108) ~[modlauncher-10.0.9.jar%2355!/:?]
	at cpw.mods.modlauncher.Launcher.main(Launcher.java:78) ~[modlauncher-10.0.9.jar%2355!/:?]
	at cpw.mods.modlauncher.BootstrapLaunchConsumer.accept(BootstrapLaunchConsumer.java:26) ~[modlauncher-10.0.9.jar%2355!/:?]
	at cpw.mods.modlauncher.BootstrapLaunchConsumer.accept(BootstrapLaunchConsumer.java:23) ~[modlauncher-10.0.9.jar%2355!/:?]
	at cpw.mods.bootstraplauncher.BootstrapLauncher.main(BootstrapLauncher.java:141) ~[bootstraplauncher-1.1.2.jar:?]
[10Oct2025 00:16:09.907] [main/ERROR] [net.minecraft.world.item.crafting.RecipeManager/]: Parsing error loading recipe dungeons_and_combat:dragonsteel_fire_helmet
com.google.gson.JsonSyntaxException: Unknown item 'iceandfire:dragonsteel_fire_helmet'
	at net.minecraft.world.item.crafting.ShapedRecipe.m_151280_(ShapedRecipe.java:292) ~[server-1.20.1-20230612.114412-srg.jar%23473!/:?]
	at java.util.Optional.orElseThrow(Optional.java:403) ~[?:?]
	at net.minecraft.world.item.crafting.ShapedRecipe.m_151278_(ShapedRecipe.java:291) ~[server-1.20.1-20230612.114412-srg.jar%23473!/:?]
	at net.minecraft.world.item.crafting.Ingredient.m_43919_(Ingredient.java:219) ~[server-1.20.1-20230612.114412-srg.jar%23473!/:?]
	at net.minecraftforge.common.crafting.VanillaIngredientSerializer.parse(VanillaIngredientSerializer.java:27) ~[forge-1.20.1-47.4.0-universal.jar%23478!/:?]
	at net.minecraftforge.common.crafting.CraftingHelper.getIngredient(CraftingHelper.java:148) ~[forge-1.20.1-47.4.0-universal.jar%23478!/:?]
	at net.minecraft.world.item.crafting.Ingredient.m_288218_(Ingredient.java:194) ~[server-1.20.1-20230612.114412-srg.jar%23473!/:?]
	at net.minecraft.world.item.crafting.Ingredient.m_43917_(Ingredient.java:189) ~[server-1.20.1-20230612.114412-srg.jar%23473!/:?]
	at net.minecraft.world.item.crafting.SmithingTransformRecipe$Serializer.m_6729_(SmithingTransformRecipe.java:74) ~[server-1.20.1-20230612.114412-srg.jar%23473!/:?]
	at net.minecraft.world.item.crafting.SmithingTransformRecipe$Serializer.m_6729_(SmithingTransformRecipe.java:71) ~[server-1.20.1-20230612.114412-srg.jar%23473!/:?]
	at net.minecraftforge.common.extensions.IForgeRecipeSerializer.fromJson(IForgeRecipeSerializer.java:23) ~[forge-1.20.1-47.4.0-universal.jar%23478!/:?]
	at net.minecraft.world.item.crafting.RecipeManager.fromJson(RecipeManager.java:171) ~[server-1.20.1-20230612.114412-srg.jar%23473!/:?]
	at net.minecraft.world.item.crafting.RecipeManager.m_5787_(RecipeManager.java:67) ~[server-1.20.1-20230612.114412-srg.jar%23473!/:?]
	at net.minecraft.world.item.crafting.RecipeManager.m_5787_(RecipeManager.java:34) ~[server-1.20.1-20230612.114412-srg.jar%23473!/:?]
	at net.minecraft.server.packs.resources.SimplePreparableReloadListener.m_10789_(SimplePreparableReloadListener.java:13) ~[server-1.20.1-20230612.114412-srg.jar%23473!/:?]
	at java.util.concurrent.CompletableFuture$UniAccept.tryFire(CompletableFuture.java:718) ~[?:?]
	at java.util.concurrent.CompletableFuture$Completion.run(CompletableFuture.java:482) ~[?:?]
	at net.minecraft.server.packs.resources.SimpleReloadInstance.m_143940_(SimpleReloadInstance.java:69) ~[server-1.20.1-20230612.114412-srg.jar%23473!/:?]
	at net.minecraft.Util.m_214652_(Util.java:783) ~[server-1.20.1-20230612.114412-srg.jar%23473!/:?]
	at net.minecraft.Util.m_214679_(Util.java:772) ~[server-1.20.1-20230612.114412-srg.jar%23473!/:?]
	at net.minecraft.server.Main.main(Main.java:166) ~[server-1.20.1-20230612.114412-srg.jar%23473!/:?]
	at jdk.internal.reflect.NativeMethodAccessorImpl.invoke0(Native Method) ~[?:?]
	at jdk.internal.reflect.NativeMethodAccessorImpl.invoke(NativeMethodAccessorImpl.java:77) ~[?:?]
	at jdk.internal.reflect.DelegatingMethodAccessorImpl.invoke(DelegatingMethodAccessorImpl.java:43) ~[?:?]
	at java.lang.reflect.Method.invoke(Method.java:569) ~[?:?]
	at net.minecraftforge.fml.loading.targets.CommonLaunchHandler.runTarget(CommonLaunchHandler.java:111) ~[fmlloader-1.20.1-47.4.0.jar%2369!/:?]
	at net.minecraftforge.fml.loading.targets.CommonLaunchHandler.serverService(CommonLaunchHandler.java:103) ~[fmlloader-1.20.1-47.4.0.jar%2369!/:?]
	at net.minecraftforge.fml.loading.targets.CommonServerLaunchHandler.lambda$makeService$0(CommonServerLaunchHandler.java:27) ~[fmlloader-1.20.1-47.4.0.jar%2369!/:?]
	at cpw.mods.modlauncher.LaunchServiceHandlerDecorator.launch(LaunchServiceHandlerDecorator.java:30) ~[modlauncher-10.0.9.jar%2355!/:?]
	at cpw.mods.modlauncher.LaunchServiceHandler.launch(LaunchServiceHandler.java:53) ~[modlauncher-10.0.9.jar%2355!/:?]
	at cpw.mods.modlauncher.LaunchServiceHandler.launch(LaunchServiceHandler.java:71) ~[modlauncher-10.0.9.jar%2355!/:?]
	at cpw.mods.modlauncher.Launcher.run(Launcher.java:108) ~[modlauncher-10.0.9.jar%2355!/:?]
	at cpw.mods.modlauncher.Launcher.main(Launcher.java:78) ~[modlauncher-10.0.9.jar%2355!/:?]
	at cpw.mods.modlauncher.BootstrapLaunchConsumer.accept(BootstrapLaunchConsumer.java:26) ~[modlauncher-10.0.9.jar%2355!/:?]
	at cpw.mods.modlauncher.BootstrapLaunchConsumer.accept(BootstrapLaunchConsumer.java:23) ~[modlauncher-10.0.9.jar%2355!/:?]
	at cpw.mods.bootstraplauncher.BootstrapLauncher.main(BootstrapLauncher.java:141) ~[bootstraplauncher-1.1.2.jar:?]
[10Oct2025 00:16:09.908] [main/INFO] [net.minecraft.world.item.crafting.RecipeManager/]: Skipping loading recipe expanded_combat:netherite_quiver_shaped as it's serializer returned null
[10Oct2025 00:16:09.909] [main/INFO] [net.minecraft.world.item.crafting.RecipeManager/]: Skipping loading recipe collectorsreap:integration/create/mixing/gummy/yellow_tea as it's serializer returned null
[10Oct2025 00:16:09.910] [main/ERROR] [net.minecraft.world.item.crafting.RecipeManager/]: Parsing error loading recipe dacxirons:divine_manuscript_spell_book
com.google.gson.JsonSyntaxException: Unknown item 'dungeons_and_combat:divine_blood_vial'
	at net.minecraft.world.item.crafting.ShapedRecipe.m_151280_(ShapedRecipe.java:292) ~[server-1.20.1-20230612.114412-srg.jar%23473!/:?]
	at java.util.Optional.orElseThrow(Optional.java:403) ~[?:?]
	at net.minecraft.world.item.crafting.ShapedRecipe.m_151278_(ShapedRecipe.java:291) ~[server-1.20.1-20230612.114412-srg.jar%23473!/:?]
	at net.minecraft.world.item.crafting.Ingredient.m_43919_(Ingredient.java:219) ~[server-1.20.1-20230612.114412-srg.jar%23473!/:?]
	at net.minecraftforge.common.crafting.VanillaIngredientSerializer.parse(VanillaIngredientSerializer.java:27) ~[forge-1.20.1-47.4.0-universal.jar%23478!/:?]
	at net.minecraftforge.common.crafting.CraftingHelper.getIngredient(CraftingHelper.java:148) ~[forge-1.20.1-47.4.0-universal.jar%23478!/:?]
	at net.minecraft.world.item.crafting.Ingredient.m_288218_(Ingredient.java:194) ~[server-1.20.1-20230612.114412-srg.jar%23473!/:?]
	at net.minecraft.world.item.crafting.ShapedRecipe.m_44210_(ShapedRecipe.java:278) ~[server-1.20.1-20230612.114412-srg.jar%23473!/:?]
	at net.minecraft.world.item.crafting.ShapedRecipe$Serializer.m_6729_(ShapedRecipe.java:306) ~[server-1.20.1-20230612.114412-srg.jar%23473!/:?]
	at net.minecraft.world.item.crafting.ShapedRecipe$Serializer.m_6729_(ShapedRecipe.java:301) ~[server-1.20.1-20230612.114412-srg.jar%23473!/:?]
	at net.minecraftforge.common.extensions.IForgeRecipeSerializer.fromJson(IForgeRecipeSerializer.java:23) ~[forge-1.20.1-47.4.0-universal.jar%23478!/:?]
	at net.minecraft.world.item.crafting.RecipeManager.fromJson(RecipeManager.java:171) ~[server-1.20.1-20230612.114412-srg.jar%23473!/:?]
	at net.minecraft.world.item.crafting.RecipeManager.m_5787_(RecipeManager.java:67) ~[server-1.20.1-20230612.114412-srg.jar%23473!/:?]
	at net.minecraft.world.item.crafting.RecipeManager.m_5787_(RecipeManager.java:34) ~[server-1.20.1-20230612.114412-srg.jar%23473!/:?]
	at net.minecraft.server.packs.resources.SimplePreparableReloadListener.m_10789_(SimplePreparableReloadListener.java:13) ~[server-1.20.1-20230612.114412-srg.jar%23473!/:?]
	at java.util.concurrent.CompletableFuture$UniAccept.tryFire(CompletableFuture.java:718) ~[?:?]
	at java.util.concurrent.CompletableFuture$Completion.run(CompletableFuture.java:482) ~[?:?]
	at net.minecraft.server.packs.resources.SimpleReloadInstance.m_143940_(SimpleReloadInstance.java:69) ~[server-1.20.1-20230612.114412-srg.jar%23473!/:?]
	at net.minecraft.Util.m_214652_(Util.java:783) ~[server-1.20.1-20230612.114412-srg.jar%23473!/:?]
	at net.minecraft.Util.m_214679_(Util.java:772) ~[server-1.20.1-20230612.114412-srg.jar%23473!/:?]
	at net.minecraft.server.Main.main(Main.java:166) ~[server-1.20.1-20230612.114412-srg.jar%23473!/:?]
	at jdk.internal.reflect.NativeMethodAccessorImpl.invoke0(Native Method) ~[?:?]
	at jdk.internal.reflect.NativeMethodAccessorImpl.invoke(NativeMethodAccessorImpl.java:77) ~[?:?]
	at jdk.internal.reflect.DelegatingMethodAccessorImpl.invoke(DelegatingMethodAccessorImpl.java:43) ~[?:?]
	at java.lang.reflect.Method.invoke(Method.java:569) ~[?:?]
	at net.minecraftforge.fml.loading.targets.CommonLaunchHandler.runTarget(CommonLaunchHandler.java:111) ~[fmlloader-1.20.1-47.4.0.jar%2369!/:?]
	at net.minecraftforge.fml.loading.targets.CommonLaunchHandler.serverService(CommonLaunchHandler.java:103) ~[fmlloader-1.20.1-47.4.0.jar%2369!/:?]
	at net.minecraftforge.fml.loading.targets.CommonServerLaunchHandler.lambda$makeService$0(CommonServerLaunchHandler.java:27) ~[fmlloader-1.20.1-47.4.0.jar%2369!/:?]
	at cpw.mods.modlauncher.LaunchServiceHandlerDecorator.launch(LaunchServiceHandlerDecorator.java:30) ~[modlauncher-10.0.9.jar%2355!/:?]
	at cpw.mods.modlauncher.LaunchServiceHandler.launch(LaunchServiceHandler.java:53) ~[modlauncher-10.0.9.jar%2355!/:?]
	at cpw.mods.modlauncher.LaunchServiceHandler.launch(LaunchServiceHandler.java:71) ~[modlauncher-10.0.9.jar%2355!/:?]
	at cpw.mods.modlauncher.Launcher.run(Launcher.java:108) ~[modlauncher-10.0.9.jar%2355!/:?]
	at cpw.mods.modlauncher.Launcher.main(Launcher.java:78) ~[modlauncher-10.0.9.jar%2355!/:?]
	at cpw.mods.modlauncher.BootstrapLaunchConsumer.accept(BootstrapLaunchConsumer.java:26) ~[modlauncher-10.0.9.jar%2355!/:?]
	at cpw.mods.modlauncher.BootstrapLaunchConsumer.accept(BootstrapLaunchConsumer.java:23) ~[modlauncher-10.0.9.jar%2355!/:?]
	at cpw.mods.bootstraplauncher.BootstrapLauncher.main(BootstrapLauncher.java:141) ~[bootstraplauncher-1.1.2.jar:?]
[10Oct2025 00:16:09.911] [main/INFO] [net.minecraft.world.item.crafting.RecipeManager/]: Skipping loading recipe expanded_combat:netherite_crossbow_shaped as it's serializer returned null
[10Oct2025 00:16:09.913] [main/ERROR] [net.minecraft.world.item.crafting.RecipeManager/]: Parsing error loading recipe dungeons_and_combat:electrict_boots
com.google.gson.JsonSyntaxException: Unknown item 'iceandfire:armor_electric_boots'
	at net.minecraft.world.item.crafting.ShapedRecipe.m_151280_(ShapedRecipe.java:292) ~[server-1.20.1-20230612.114412-srg.jar%23473!/:?]
	at java.util.Optional.orElseThrow(Optional.java:403) ~[?:?]
	at net.minecraft.world.item.crafting.ShapedRecipe.m_151278_(ShapedRecipe.java:291) ~[server-1.20.1-20230612.114412-srg.jar%23473!/:?]
	at net.minecraft.world.item.crafting.Ingredient.m_43919_(Ingredient.java:219) ~[server-1.20.1-20230612.114412-srg.jar%23473!/:?]
	at net.minecraftforge.common.crafting.VanillaIngredientSerializer.parse(VanillaIngredientSerializer.java:27) ~[forge-1.20.1-47.4.0-universal.jar%23478!/:?]
	at net.minecraftforge.common.crafting.CraftingHelper.getIngredient(CraftingHelper.java:148) ~[forge-1.20.1-47.4.0-universal.jar%23478!/:?]
	at net.minecraft.world.item.crafting.Ingredient.m_288218_(Ingredient.java:194) ~[server-1.20.1-20230612.114412-srg.jar%23473!/:?]
	at net.minecraft.world.item.crafting.Ingredient.m_43917_(Ingredient.java:189) ~[server-1.20.1-20230612.114412-srg.jar%23473!/:?]
	at net.minecraft.world.item.crafting.SmithingTransformRecipe$Serializer.m_6729_(SmithingTransformRecipe.java:74) ~[server-1.20.1-20230612.114412-srg.jar%23473!/:?]
	at net.minecraft.world.item.crafting.SmithingTransformRecipe$Serializer.m_6729_(SmithingTransformRecipe.java:71) ~[server-1.20.1-20230612.114412-srg.jar%23473!/:?]
	at net.minecraftforge.common.extensions.IForgeRecipeSerializer.fromJson(IForgeRecipeSerializer.java:23) ~[forge-1.20.1-47.4.0-universal.jar%23478!/:?]
	at net.minecraft.world.item.crafting.RecipeManager.fromJson(RecipeManager.java:171) ~[server-1.20.1-20230612.114412-srg.jar%23473!/:?]
	at net.minecraft.world.item.crafting.RecipeManager.m_5787_(RecipeManager.java:67) ~[server-1.20.1-20230612.114412-srg.jar%23473!/:?]
	at net.minecraft.world.item.crafting.RecipeManager.m_5787_(RecipeManager.java:34) ~[server-1.20.1-20230612.114412-srg.jar%23473!/:?]
	at net.minecraft.server.packs.resources.SimplePreparableReloadListener.m_10789_(SimplePreparableReloadListener.java:13) ~[server-1.20.1-20230612.114412-srg.jar%23473!/:?]
	at java.util.concurrent.CompletableFuture$UniAccept.tryFire(CompletableFuture.java:718) ~[?:?]
	at java.util.concurrent.CompletableFuture$Completion.run(CompletableFuture.java:482) ~[?:?]
	at net.minecraft.server.packs.resources.SimpleReloadInstance.m_143940_(SimpleReloadInstance.java:69) ~[server-1.20.1-20230612.114412-srg.jar%23473!/:?]
	at net.minecraft.Util.m_214652_(Util.java:783) ~[server-1.20.1-20230612.114412-srg.jar%23473!/:?]
	at net.minecraft.Util.m_214679_(Util.java:772) ~[server-1.20.1-20230612.114412-srg.jar%23473!/:?]
	at net.minecraft.server.Main.main(Main.java:166) ~[server-1.20.1-20230612.114412-srg.jar%23473!/:?]
	at jdk.internal.reflect.NativeMethodAccessorImpl.invoke0(Native Method) ~[?:?]
	at jdk.internal.reflect.NativeMethodAccessorImpl.invoke(NativeMethodAccessorImpl.java:77) ~[?:?]
	at jdk.internal.reflect.DelegatingMethodAccessorImpl.invoke(DelegatingMethodAccessorImpl.java:43) ~[?:?]
	at java.lang.reflect.Method.invoke(Method.java:569) ~[?:?]
	at net.minecraftforge.fml.loading.targets.CommonLaunchHandler.runTarget(CommonLaunchHandler.java:111) ~[fmlloader-1.20.1-47.4.0.jar%2369!/:?]
	at net.minecraftforge.fml.loading.targets.CommonLaunchHandler.serverService(CommonLaunchHandler.java:103) ~[fmlloader-1.20.1-47.4.0.jar%2369!/:?]
	at net.minecraftforge.fml.loading.targets.CommonServerLaunchHandler.lambda$makeService$0(CommonServerLaunchHandler.java:27) ~[fmlloader-1.20.1-47.4.0.jar%2369!/:?]
	at cpw.mods.modlauncher.LaunchServiceHandlerDecorator.launch(LaunchServiceHandlerDecorator.java:30) ~[modlauncher-10.0.9.jar%2355!/:?]
	at cpw.mods.modlauncher.LaunchServiceHandler.launch(LaunchServiceHandler.java:53) ~[modlauncher-10.0.9.jar%2355!/:?]
	at cpw.mods.modlauncher.LaunchServiceHandler.launch(LaunchServiceHandler.java:71) ~[modlauncher-10.0.9.jar%2355!/:?]
	at cpw.mods.modlauncher.Launcher.run(Launcher.java:108) ~[modlauncher-10.0.9.jar%2355!/:?]
	at cpw.mods.modlauncher.Launcher.main(Launcher.java:78) ~[modlauncher-10.0.9.jar%2355!/:?]
	at cpw.mods.modlauncher.BootstrapLaunchConsumer.accept(BootstrapLaunchConsumer.java:26) ~[modlauncher-10.0.9.jar%2355!/:?]
	at cpw.mods.modlauncher.BootstrapLaunchConsumer.accept(BootstrapLaunchConsumer.java:23) ~[modlauncher-10.0.9.jar%2355!/:?]
	at cpw.mods.bootstraplauncher.BootstrapLauncher.main(BootstrapLauncher.java:141) ~[bootstraplauncher-1.1.2.jar:?]
[10Oct2025 00:16:09.914] [main/ERROR] [net.minecraft.world.item.crafting.RecipeManager/]: Parsing error loading recipe dungeons_and_combat:blue_helmet
com.google.gson.JsonSyntaxException: Unknown item 'iceandfire:armor_blue_helmet'
	at net.minecraft.world.item.crafting.ShapedRecipe.m_151280_(ShapedRecipe.java:292) ~[server-1.20.1-20230612.114412-srg.jar%23473!/:?]
	at java.util.Optional.orElseThrow(Optional.java:403) ~[?:?]
	at net.minecraft.world.item.crafting.ShapedRecipe.m_151278_(ShapedRecipe.java:291) ~[server-1.20.1-20230612.114412-srg.jar%23473!/:?]
	at net.minecraft.world.item.crafting.Ingredient.m_43919_(Ingredient.java:219) ~[server-1.20.1-20230612.114412-srg.jar%23473!/:?]
	at net.minecraftforge.common.crafting.VanillaIngredientSerializer.parse(VanillaIngredientSerializer.java:27) ~[forge-1.20.1-47.4.0-universal.jar%23478!/:?]
	at net.minecraftforge.common.crafting.CraftingHelper.getIngredient(CraftingHelper.java:148) ~[forge-1.20.1-47.4.0-universal.jar%23478!/:?]
	at net.minecraft.world.item.crafting.Ingredient.m_288218_(Ingredient.java:194) ~[server-1.20.1-20230612.114412-srg.jar%23473!/:?]
	at net.minecraft.world.item.crafting.Ingredient.m_43917_(Ingredient.java:189) ~[server-1.20.1-20230612.114412-srg.jar%23473!/:?]
	at net.minecraft.world.item.crafting.SmithingTransformRecipe$Serializer.m_6729_(SmithingTransformRecipe.java:74) ~[server-1.20.1-20230612.114412-srg.jar%23473!/:?]
	at net.minecraft.world.item.crafting.SmithingTransformRecipe$Serializer.m_6729_(SmithingTransformRecipe.java:71) ~[server-1.20.1-20230612.114412-srg.jar%23473!/:?]
	at net.minecraftforge.common.extensions.IForgeRecipeSerializer.fromJson(IForgeRecipeSerializer.java:23) ~[forge-1.20.1-47.4.0-universal.jar%23478!/:?]
	at net.minecraft.world.item.crafting.RecipeManager.fromJson(RecipeManager.java:171) ~[server-1.20.1-20230612.114412-srg.jar%23473!/:?]
	at net.minecraft.world.item.crafting.RecipeManager.m_5787_(RecipeManager.java:67) ~[server-1.20.1-20230612.114412-srg.jar%23473!/:?]
	at net.minecraft.world.item.crafting.RecipeManager.m_5787_(RecipeManager.java:34) ~[server-1.20.1-20230612.114412-srg.jar%23473!/:?]
	at net.minecraft.server.packs.resources.SimplePreparableReloadListener.m_10789_(SimplePreparableReloadListener.java:13) ~[server-1.20.1-20230612.114412-srg.jar%23473!/:?]
	at java.util.concurrent.CompletableFuture$UniAccept.tryFire(CompletableFuture.java:718) ~[?:?]
	at java.util.concurrent.CompletableFuture$Completion.run(CompletableFuture.java:482) ~[?:?]
	at net.minecraft.server.packs.resources.SimpleReloadInstance.m_143940_(SimpleReloadInstance.java:69) ~[server-1.20.1-20230612.114412-srg.jar%23473!/:?]
	at net.minecraft.Util.m_214652_(Util.java:783) ~[server-1.20.1-20230612.114412-srg.jar%23473!/:?]
	at net.minecraft.Util.m_214679_(Util.java:772) ~[server-1.20.1-20230612.114412-srg.jar%23473!/:?]
	at net.minecraft.server.Main.main(Main.java:166) ~[server-1.20.1-20230612.114412-srg.jar%23473!/:?]
	at jdk.internal.reflect.NativeMethodAccessorImpl.invoke0(Native Method) ~[?:?]
	at jdk.internal.reflect.NativeMethodAccessorImpl.invoke(NativeMethodAccessorImpl.java:77) ~[?:?]
	at jdk.internal.reflect.DelegatingMethodAccessorImpl.invoke(DelegatingMethodAccessorImpl.java:43) ~[?:?]
	at java.lang.reflect.Method.invoke(Method.java:569) ~[?:?]
	at net.minecraftforge.fml.loading.targets.CommonLaunchHandler.runTarget(CommonLaunchHandler.java:111) ~[fmlloader-1.20.1-47.4.0.jar%2369!/:?]
	at net.minecraftforge.fml.loading.targets.CommonLaunchHandler.serverService(CommonLaunchHandler.java:103) ~[fmlloader-1.20.1-47.4.0.jar%2369!/:?]
	at net.minecraftforge.fml.loading.targets.CommonServerLaunchHandler.lambda$makeService$0(CommonServerLaunchHandler.java:27) ~[fmlloader-1.20.1-47.4.0.jar%2369!/:?]
	at cpw.mods.modlauncher.LaunchServiceHandlerDecorator.launch(LaunchServiceHandlerDecorator.java:30) ~[modlauncher-10.0.9.jar%2355!/:?]
	at cpw.mods.modlauncher.LaunchServiceHandler.launch(LaunchServiceHandler.java:53) ~[modlauncher-10.0.9.jar%2355!/:?]
	at cpw.mods.modlauncher.LaunchServiceHandler.launch(LaunchServiceHandler.java:71) ~[modlauncher-10.0.9.jar%2355!/:?]
	at cpw.mods.modlauncher.Launcher.run(Launcher.java:108) ~[modlauncher-10.0.9.jar%2355!/:?]
	at cpw.mods.modlauncher.Launcher.main(Launcher.java:78) ~[modlauncher-10.0.9.jar%2355!/:?]
	at cpw.mods.modlauncher.BootstrapLaunchConsumer.accept(BootstrapLaunchConsumer.java:26) ~[modlauncher-10.0.9.jar%2355!/:?]
	at cpw.mods.modlauncher.BootstrapLaunchConsumer.accept(BootstrapLaunchConsumer.java:23) ~[modlauncher-10.0.9.jar%2355!/:?]
	at cpw.mods.bootstraplauncher.BootstrapLauncher.main(BootstrapLauncher.java:141) ~[bootstraplauncher-1.1.2.jar:?]
[10Oct2025 00:16:09.916] [main/INFO] [net.minecraft.world.item.crafting.RecipeManager/]: Skipping loading recipe twilightforest:jeed/poison as it's serializer returned null
[10Oct2025 00:16:09.916] [main/ERROR] [net.minecraft.world.item.crafting.RecipeManager/]: Parsing error loading recipe dungeons_and_combat:silver_dragon_leggings
com.google.gson.JsonSyntaxException: Unknown item 'iceandfire:armor_silver_leggings'
	at net.minecraft.world.item.crafting.ShapedRecipe.m_151280_(ShapedRecipe.java:292) ~[server-1.20.1-20230612.114412-srg.jar%23473!/:?]
	at java.util.Optional.orElseThrow(Optional.java:403) ~[?:?]
	at net.minecraft.world.item.crafting.ShapedRecipe.m_151278_(ShapedRecipe.java:291) ~[server-1.20.1-20230612.114412-srg.jar%23473!/:?]
	at net.minecraft.world.item.crafting.Ingredient.m_43919_(Ingredient.java:219) ~[server-1.20.1-20230612.114412-srg.jar%23473!/:?]
	at net.minecraftforge.common.crafting.VanillaIngredientSerializer.parse(VanillaIngredientSerializer.java:27) ~[forge-1.20.1-47.4.0-universal.jar%23478!/:?]
	at net.minecraftforge.common.crafting.CraftingHelper.getIngredient(CraftingHelper.java:148) ~[forge-1.20.1-47.4.0-universal.jar%23478!/:?]
	at net.minecraft.world.item.crafting.Ingredient.m_288218_(Ingredient.java:194) ~[server-1.20.1-20230612.114412-srg.jar%23473!/:?]
	at net.minecraft.world.item.crafting.Ingredient.m_43917_(Ingredient.java:189) ~[server-1.20.1-20230612.114412-srg.jar%23473!/:?]
	at net.minecraft.world.item.crafting.SmithingTransformRecipe$Serializer.m_6729_(SmithingTransformRecipe.java:74) ~[server-1.20.1-20230612.114412-srg.jar%23473!/:?]
	at net.minecraft.world.item.crafting.SmithingTransformRecipe$Serializer.m_6729_(SmithingTransformRecipe.java:71) ~[server-1.20.1-20230612.114412-srg.jar%23473!/:?]
	at net.minecraftforge.common.extensions.IForgeRecipeSerializer.fromJson(IForgeRecipeSerializer.java:23) ~[forge-1.20.1-47.4.0-universal.jar%23478!/:?]
	at net.minecraft.world.item.crafting.RecipeManager.fromJson(RecipeManager.java:171) ~[server-1.20.1-20230612.114412-srg.jar%23473!/:?]
	at net.minecraft.world.item.crafting.RecipeManager.m_5787_(RecipeManager.java:67) ~[server-1.20.1-20230612.114412-srg.jar%23473!/:?]
	at net.minecraft.world.item.crafting.RecipeManager.m_5787_(RecipeManager.java:34) ~[server-1.20.1-20230612.114412-srg.jar%23473!/:?]
	at net.minecraft.server.packs.resources.SimplePreparableReloadListener.m_10789_(SimplePreparableReloadListener.java:13) ~[server-1.20.1-20230612.114412-srg.jar%23473!/:?]
	at java.util.concurrent.CompletableFuture$UniAccept.tryFire(CompletableFuture.java:718) ~[?:?]
	at java.util.concurrent.CompletableFuture$Completion.run(CompletableFuture.java:482) ~[?:?]
	at net.minecraft.server.packs.resources.SimpleReloadInstance.m_143940_(SimpleReloadInstance.java:69) ~[server-1.20.1-20230612.114412-srg.jar%23473!/:?]
	at net.minecraft.Util.m_214652_(Util.java:783) ~[server-1.20.1-20230612.114412-srg.jar%23473!/:?]
	at net.minecraft.Util.m_214679_(Util.java:772) ~[server-1.20.1-20230612.114412-srg.jar%23473!/:?]
	at net.minecraft.server.Main.main(Main.java:166) ~[server-1.20.1-20230612.114412-srg.jar%23473!/:?]
	at jdk.internal.reflect.NativeMethodAccessorImpl.invoke0(Native Method) ~[?:?]
	at jdk.internal.reflect.NativeMethodAccessorImpl.invoke(NativeMethodAccessorImpl.java:77) ~[?:?]
	at jdk.internal.reflect.DelegatingMethodAccessorImpl.invoke(DelegatingMethodAccessorImpl.java:43) ~[?:?]
	at java.lang.reflect.Method.invoke(Method.java:569) ~[?:?]
	at net.minecraftforge.fml.loading.targets.CommonLaunchHandler.runTarget(CommonLaunchHandler.java:111) ~[fmlloader-1.20.1-47.4.0.jar%2369!/:?]
	at net.minecraftforge.fml.loading.targets.CommonLaunchHandler.serverService(CommonLaunchHandler.java:103) ~[fmlloader-1.20.1-47.4.0.jar%2369!/:?]
	at net.minecraftforge.fml.loading.targets.CommonServerLaunchHandler.lambda$makeService$0(CommonServerLaunchHandler.java:27) ~[fmlloader-1.20.1-47.4.0.jar%2369!/:?]
	at cpw.mods.modlauncher.LaunchServiceHandlerDecorator.launch(LaunchServiceHandlerDecorator.java:30) ~[modlauncher-10.0.9.jar%2355!/:?]
	at cpw.mods.modlauncher.LaunchServiceHandler.launch(LaunchServiceHandler.java:53) ~[modlauncher-10.0.9.jar%2355!/:?]
	at cpw.mods.modlauncher.LaunchServiceHandler.launch(LaunchServiceHandler.java:71) ~[modlauncher-10.0.9.jar%2355!/:?]
	at cpw.mods.modlauncher.Launcher.run(Launcher.java:108) ~[modlauncher-10.0.9.jar%2355!/:?]
	at cpw.mods.modlauncher.Launcher.main(Launcher.java:78) ~[modlauncher-10.0.9.jar%2355!/:?]
	at cpw.mods.modlauncher.BootstrapLaunchConsumer.accept(BootstrapLaunchConsumer.java:26) ~[modlauncher-10.0.9.jar%2355!/:?]
	at cpw.mods.modlauncher.BootstrapLaunchConsumer.accept(BootstrapLaunchConsumer.java:23) ~[modlauncher-10.0.9.jar%2355!/:?]
	at cpw.mods.bootstraplauncher.BootstrapLauncher.main(BootstrapLauncher.java:141) ~[bootstraplauncher-1.1.2.jar:?]
[10Oct2025 00:16:09.918] [main/ERROR] [net.minecraft.world.item.crafting.RecipeManager/]: Parsing error loading recipe dungeons_and_combat:dragon_ice_dagger_recipe
com.google.gson.JsonSyntaxException: Unknown item 'iceandfire:ice_dragon_blood'
	at net.minecraft.world.item.crafting.ShapedRecipe.m_151280_(ShapedRecipe.java:292) ~[server-1.20.1-20230612.114412-srg.jar%23473!/:?]
	at java.util.Optional.orElseThrow(Optional.java:403) ~[?:?]
	at net.minecraft.world.item.crafting.ShapedRecipe.m_151278_(ShapedRecipe.java:291) ~[server-1.20.1-20230612.114412-srg.jar%23473!/:?]
	at net.minecraft.world.item.crafting.Ingredient.m_43919_(Ingredient.java:219) ~[server-1.20.1-20230612.114412-srg.jar%23473!/:?]
	at net.minecraftforge.common.crafting.VanillaIngredientSerializer.parse(VanillaIngredientSerializer.java:27) ~[forge-1.20.1-47.4.0-universal.jar%23478!/:?]
	at net.minecraftforge.common.crafting.CraftingHelper.getIngredient(CraftingHelper.java:148) ~[forge-1.20.1-47.4.0-universal.jar%23478!/:?]
	at net.minecraft.world.item.crafting.Ingredient.m_288218_(Ingredient.java:194) ~[server-1.20.1-20230612.114412-srg.jar%23473!/:?]
	at net.minecraft.world.item.crafting.ShapedRecipe.m_44210_(ShapedRecipe.java:278) ~[server-1.20.1-20230612.114412-srg.jar%23473!/:?]
	at net.minecraft.world.item.crafting.ShapedRecipe$Serializer.m_6729_(ShapedRecipe.java:306) ~[server-1.20.1-20230612.114412-srg.jar%23473!/:?]
	at net.minecraft.world.item.crafting.ShapedRecipe$Serializer.m_6729_(ShapedRecipe.java:301) ~[server-1.20.1-20230612.114412-srg.jar%23473!/:?]
	at net.minecraftforge.common.extensions.IForgeRecipeSerializer.fromJson(IForgeRecipeSerializer.java:23) ~[forge-1.20.1-47.4.0-universal.jar%23478!/:?]
	at net.minecraft.world.item.crafting.RecipeManager.fromJson(RecipeManager.java:171) ~[server-1.20.1-20230612.114412-srg.jar%23473!/:?]
	at net.minecraft.world.item.crafting.RecipeManager.m_5787_(RecipeManager.java:67) ~[server-1.20.1-20230612.114412-srg.jar%23473!/:?]
	at net.minecraft.world.item.crafting.RecipeManager.m_5787_(RecipeManager.java:34) ~[server-1.20.1-20230612.114412-srg.jar%23473!/:?]
	at net.minecraft.server.packs.resources.SimplePreparableReloadListener.m_10789_(SimplePreparableReloadListener.java:13) ~[server-1.20.1-20230612.114412-srg.jar%23473!/:?]
	at java.util.concurrent.CompletableFuture$UniAccept.tryFire(CompletableFuture.java:718) ~[?:?]
	at java.util.concurrent.CompletableFuture$Completion.run(CompletableFuture.java:482) ~[?:?]
	at net.minecraft.server.packs.resources.SimpleReloadInstance.m_143940_(SimpleReloadInstance.java:69) ~[server-1.20.1-20230612.114412-srg.jar%23473!/:?]
	at net.minecraft.Util.m_214652_(Util.java:783) ~[server-1.20.1-20230612.114412-srg.jar%23473!/:?]
	at net.minecraft.Util.m_214679_(Util.java:772) ~[server-1.20.1-20230612.114412-srg.jar%23473!/:?]
	at net.minecraft.server.Main.main(Main.java:166) ~[server-1.20.1-20230612.114412-srg.jar%23473!/:?]
	at jdk.internal.reflect.NativeMethodAccessorImpl.invoke0(Native Method) ~[?:?]
	at jdk.internal.reflect.NativeMethodAccessorImpl.invoke(NativeMethodAccessorImpl.java:77) ~[?:?]
	at jdk.internal.reflect.DelegatingMethodAccessorImpl.invoke(DelegatingMethodAccessorImpl.java:43) ~[?:?]
	at java.lang.reflect.Method.invoke(Method.java:569) ~[?:?]
	at net.minecraftforge.fml.loading.targets.CommonLaunchHandler.runTarget(CommonLaunchHandler.java:111) ~[fmlloader-1.20.1-47.4.0.jar%2369!/:?]
	at net.minecraftforge.fml.loading.targets.CommonLaunchHandler.serverService(CommonLaunchHandler.java:103) ~[fmlloader-1.20.1-47.4.0.jar%2369!/:?]
	at net.minecraftforge.fml.loading.targets.CommonServerLaunchHandler.lambda$makeService$0(CommonServerLaunchHandler.java:27) ~[fmlloader-1.20.1-47.4.0.jar%2369!/:?]
	at cpw.mods.modlauncher.LaunchServiceHandlerDecorator.launch(LaunchServiceHandlerDecorator.java:30) ~[modlauncher-10.0.9.jar%2355!/:?]
	at cpw.mods.modlauncher.LaunchServiceHandler.launch(LaunchServiceHandler.java:53) ~[modlauncher-10.0.9.jar%2355!/:?]
	at cpw.mods.modlauncher.LaunchServiceHandler.launch(LaunchServiceHandler.java:71) ~[modlauncher-10.0.9.jar%2355!/:?]
	at cpw.mods.modlauncher.Launcher.run(Launcher.java:108) ~[modlauncher-10.0.9.jar%2355!/:?]
	at cpw.mods.modlauncher.Launcher.main(Launcher.java:78) ~[modlauncher-10.0.9.jar%2355!/:?]
	at cpw.mods.modlauncher.BootstrapLaunchConsumer.accept(BootstrapLaunchConsumer.java:26) ~[modlauncher-10.0.9.jar%2355!/:?]
	at cpw.mods.modlauncher.BootstrapLaunchConsumer.accept(BootstrapLaunchConsumer.java:23) ~[modlauncher-10.0.9.jar%2355!/:?]
	at cpw.mods.bootstraplauncher.BootstrapLauncher.main(BootstrapLauncher.java:141) ~[bootstraplauncher-1.1.2.jar:?]
[10Oct2025 00:16:09.919] [main/ERROR] [net.minecraft.world.item.crafting.RecipeManager/]: Parsing error loading recipe dungeons_and_combat:white_boots
com.google.gson.JsonSyntaxException: Unknown item 'iceandfire:armor_white_boots'
	at net.minecraft.world.item.crafting.ShapedRecipe.m_151280_(ShapedRecipe.java:292) ~[server-1.20.1-20230612.114412-srg.jar%23473!/:?]
	at java.util.Optional.orElseThrow(Optional.java:403) ~[?:?]
	at net.minecraft.world.item.crafting.ShapedRecipe.m_151278_(ShapedRecipe.java:291) ~[server-1.20.1-20230612.114412-srg.jar%23473!/:?]
	at net.minecraft.world.item.crafting.Ingredient.m_43919_(Ingredient.java:219) ~[server-1.20.1-20230612.114412-srg.jar%23473!/:?]
	at net.minecraftforge.common.crafting.VanillaIngredientSerializer.parse(VanillaIngredientSerializer.java:27) ~[forge-1.20.1-47.4.0-universal.jar%23478!/:?]
	at net.minecraftforge.common.crafting.CraftingHelper.getIngredient(CraftingHelper.java:148) ~[forge-1.20.1-47.4.0-universal.jar%23478!/:?]
	at net.minecraft.world.item.crafting.Ingredient.m_288218_(Ingredient.java:194) ~[server-1.20.1-20230612.114412-srg.jar%23473!/:?]
	at net.minecraft.world.item.crafting.Ingredient.m_43917_(Ingredient.java:189) ~[server-1.20.1-20230612.114412-srg.jar%23473!/:?]
	at net.minecraft.world.item.crafting.SmithingTransformRecipe$Serializer.m_6729_(SmithingTransformRecipe.java:74) ~[server-1.20.1-20230612.114412-srg.jar%23473!/:?]
	at net.minecraft.world.item.crafting.SmithingTransformRecipe$Serializer.m_6729_(SmithingTransformRecipe.java:71) ~[server-1.20.1-20230612.114412-srg.jar%23473!/:?]
	at net.minecraftforge.common.extensions.IForgeRecipeSerializer.fromJson(IForgeRecipeSerializer.java:23) ~[forge-1.20.1-47.4.0-universal.jar%23478!/:?]
	at net.minecraft.world.item.crafting.RecipeManager.fromJson(RecipeManager.java:171) ~[server-1.20.1-20230612.114412-srg.jar%23473!/:?]
	at net.minecraft.world.item.crafting.RecipeManager.m_5787_(RecipeManager.java:67) ~[server-1.20.1-20230612.114412-srg.jar%23473!/:?]
	at net.minecraft.world.item.crafting.RecipeManager.m_5787_(RecipeManager.java:34) ~[server-1.20.1-20230612.114412-srg.jar%23473!/:?]
	at net.minecraft.server.packs.resources.SimplePreparableReloadListener.m_10789_(SimplePreparableReloadListener.java:13) ~[server-1.20.1-20230612.114412-srg.jar%23473!/:?]
	at java.util.concurrent.CompletableFuture$UniAccept.tryFire(CompletableFuture.java:718) ~[?:?]
	at java.util.concurrent.CompletableFuture$Completion.run(CompletableFuture.java:482) ~[?:?]
	at net.minecraft.server.packs.resources.SimpleReloadInstance.m_143940_(SimpleReloadInstance.java:69) ~[server-1.20.1-20230612.114412-srg.jar%23473!/:?]
	at net.minecraft.Util.m_214652_(Util.java:783) ~[server-1.20.1-20230612.114412-srg.jar%23473!/:?]
	at net.minecraft.Util.m_214679_(Util.java:772) ~[server-1.20.1-20230612.114412-srg.jar%23473!/:?]
	at net.minecraft.server.Main.main(Main.java:166) ~[server-1.20.1-20230612.114412-srg.jar%23473!/:?]
	at jdk.internal.reflect.NativeMethodAccessorImpl.invoke0(Native Method) ~[?:?]
	at jdk.internal.reflect.NativeMethodAccessorImpl.invoke(NativeMethodAccessorImpl.java:77) ~[?:?]
	at jdk.internal.reflect.DelegatingMethodAccessorImpl.invoke(DelegatingMethodAccessorImpl.java:43) ~[?:?]
	at java.lang.reflect.Method.invoke(Method.java:569) ~[?:?]
	at net.minecraftforge.fml.loading.targets.CommonLaunchHandler.runTarget(CommonLaunchHandler.java:111) ~[fmlloader-1.20.1-47.4.0.jar%2369!/:?]
	at net.minecraftforge.fml.loading.targets.CommonLaunchHandler.serverService(CommonLaunchHandler.java:103) ~[fmlloader-1.20.1-47.4.0.jar%2369!/:?]
	at net.minecraftforge.fml.loading.targets.CommonServerLaunchHandler.lambda$makeService$0(CommonServerLaunchHandler.java:27) ~[fmlloader-1.20.1-47.4.0.jar%2369!/:?]
	at cpw.mods.modlauncher.LaunchServiceHandlerDecorator.launch(LaunchServiceHandlerDecorator.java:30) ~[modlauncher-10.0.9.jar%2355!/:?]
	at cpw.mods.modlauncher.LaunchServiceHandler.launch(LaunchServiceHandler.java:53) ~[modlauncher-10.0.9.jar%2355!/:?]
	at cpw.mods.modlauncher.LaunchServiceHandler.launch(LaunchServiceHandler.java:71) ~[modlauncher-10.0.9.jar%2355!/:?]
	at cpw.mods.modlauncher.Launcher.run(Launcher.java:108) ~[modlauncher-10.0.9.jar%2355!/:?]
	at cpw.mods.modlauncher.Launcher.main(Launcher.java:78) ~[modlauncher-10.0.9.jar%2355!/:?]
	at cpw.mods.modlauncher.BootstrapLaunchConsumer.accept(BootstrapLaunchConsumer.java:26) ~[modlauncher-10.0.9.jar%2355!/:?]
	at cpw.mods.modlauncher.BootstrapLaunchConsumer.accept(BootstrapLaunchConsumer.java:23) ~[modlauncher-10.0.9.jar%2355!/:?]
	at cpw.mods.bootstraplauncher.BootstrapLauncher.main(BootstrapLauncher.java:141) ~[bootstraplauncher-1.1.2.jar:?]
[10Oct2025 00:16:09.921] [main/ERROR] [net.minecraft.world.item.crafting.RecipeManager/]: Parsing error loading recipe dungeons_and_combat:dragonsteel_fire_recipe_katana
com.google.gson.JsonSyntaxException: Unknown item 'iceandfire:dragonsteel_fire_ingot'
	at net.minecraft.world.item.crafting.ShapedRecipe.m_151280_(ShapedRecipe.java:292) ~[server-1.20.1-20230612.114412-srg.jar%23473!/:?]
	at java.util.Optional.orElseThrow(Optional.java:403) ~[?:?]
	at net.minecraft.world.item.crafting.ShapedRecipe.m_151278_(ShapedRecipe.java:291) ~[server-1.20.1-20230612.114412-srg.jar%23473!/:?]
	at net.minecraft.world.item.crafting.Ingredient.m_43919_(Ingredient.java:219) ~[server-1.20.1-20230612.114412-srg.jar%23473!/:?]
	at net.minecraftforge.common.crafting.VanillaIngredientSerializer.parse(VanillaIngredientSerializer.java:27) ~[forge-1.20.1-47.4.0-universal.jar%23478!/:?]
	at net.minecraftforge.common.crafting.CraftingHelper.getIngredient(CraftingHelper.java:148) ~[forge-1.20.1-47.4.0-universal.jar%23478!/:?]
	at net.minecraft.world.item.crafting.Ingredient.m_288218_(Ingredient.java:194) ~[server-1.20.1-20230612.114412-srg.jar%23473!/:?]
	at net.minecraft.world.item.crafting.ShapedRecipe.m_44210_(ShapedRecipe.java:278) ~[server-1.20.1-20230612.114412-srg.jar%23473!/:?]
	at net.minecraft.world.item.crafting.ShapedRecipe$Serializer.m_6729_(ShapedRecipe.java:306) ~[server-1.20.1-20230612.114412-srg.jar%23473!/:?]
	at net.minecraft.world.item.crafting.ShapedRecipe$Serializer.m_6729_(ShapedRecipe.java:301) ~[server-1.20.1-20230612.114412-srg.jar%23473!/:?]
	at net.minecraftforge.common.extensions.IForgeRecipeSerializer.fromJson(IForgeRecipeSerializer.java:23) ~[forge-1.20.1-47.4.0-universal.jar%23478!/:?]
	at net.minecraft.world.item.crafting.RecipeManager.fromJson(RecipeManager.java:171) ~[server-1.20.1-20230612.114412-srg.jar%23473!/:?]
	at net.minecraft.world.item.crafting.RecipeManager.m_5787_(RecipeManager.java:67) ~[server-1.20.1-20230612.114412-srg.jar%23473!/:?]
	at net.minecraft.world.item.crafting.RecipeManager.m_5787_(RecipeManager.java:34) ~[server-1.20.1-20230612.114412-srg.jar%23473!/:?]
	at net.minecraft.server.packs.resources.SimplePreparableReloadListener.m_10789_(SimplePreparableReloadListener.java:13) ~[server-1.20.1-20230612.114412-srg.jar%23473!/:?]
	at java.util.concurrent.CompletableFuture$UniAccept.tryFire(CompletableFuture.java:718) ~[?:?]
	at java.util.concurrent.CompletableFuture$Completion.run(CompletableFuture.java:482) ~[?:?]
	at net.minecraft.server.packs.resources.SimpleReloadInstance.m_143940_(SimpleReloadInstance.java:69) ~[server-1.20.1-20230612.114412-srg.jar%23473!/:?]
	at net.minecraft.Util.m_214652_(Util.java:783) ~[server-1.20.1-20230612.114412-srg.jar%23473!/:?]
	at net.minecraft.Util.m_214679_(Util.java:772) ~[server-1.20.1-20230612.114412-srg.jar%23473!/:?]
	at net.minecraft.server.Main.main(Main.java:166) ~[server-1.20.1-20230612.114412-srg.jar%23473!/:?]
	at jdk.internal.reflect.NativeMethodAccessorImpl.invoke0(Native Method) ~[?:?]
	at jdk.internal.reflect.NativeMethodAccessorImpl.invoke(NativeMethodAccessorImpl.java:77) ~[?:?]
	at jdk.internal.reflect.DelegatingMethodAccessorImpl.invoke(DelegatingMethodAccessorImpl.java:43) ~[?:?]
	at java.lang.reflect.Method.invoke(Method.java:569) ~[?:?]
	at net.minecraftforge.fml.loading.targets.CommonLaunchHandler.runTarget(CommonLaunchHandler.java:111) ~[fmlloader-1.20.1-47.4.0.jar%2369!/:?]
	at net.minecraftforge.fml.loading.targets.CommonLaunchHandler.serverService(CommonLaunchHandler.java:103) ~[fmlloader-1.20.1-47.4.0.jar%2369!/:?]
	at net.minecraftforge.fml.loading.targets.CommonServerLaunchHandler.lambda$makeService$0(CommonServerLaunchHandler.java:27) ~[fmlloader-1.20.1-47.4.0.jar%2369!/:?]
	at cpw.mods.modlauncher.LaunchServiceHandlerDecorator.launch(LaunchServiceHandlerDecorator.java:30) ~[modlauncher-10.0.9.jar%2355!/:?]
	at cpw.mods.modlauncher.LaunchServiceHandler.launch(LaunchServiceHandler.java:53) ~[modlauncher-10.0.9.jar%2355!/:?]
	at cpw.mods.modlauncher.LaunchServiceHandler.launch(LaunchServiceHandler.java:71) ~[modlauncher-10.0.9.jar%2355!/:?]
	at cpw.mods.modlauncher.Launcher.run(Launcher.java:108) ~[modlauncher-10.0.9.jar%2355!/:?]
	at cpw.mods.modlauncher.Launcher.main(Launcher.java:78) ~[modlauncher-10.0.9.jar%2355!/:?]
	at cpw.mods.modlauncher.BootstrapLaunchConsumer.accept(BootstrapLaunchConsumer.java:26) ~[modlauncher-10.0.9.jar%2355!/:?]
	at cpw.mods.modlauncher.BootstrapLaunchConsumer.accept(BootstrapLaunchConsumer.java:23) ~[modlauncher-10.0.9.jar%2355!/:?]
	at cpw.mods.bootstraplauncher.BootstrapLauncher.main(BootstrapLauncher.java:141) ~[bootstraplauncher-1.1.2.jar:?]
[10Oct2025 00:16:10.018] [main/INFO] [net.minecraft.world.item.crafting.RecipeManager/]: Skipping loading recipe botanypots:rusticdelight/crop/wild_cotton as it's serializer returned null
[10Oct2025 00:16:10.023] [main/ERROR] [net.minecraft.world.item.crafting.RecipeManager/]: Parsing error loading recipe dungeons_and_combat:light_upgrade_molten_bone_greatsword
com.google.gson.JsonSyntaxException: Unknown item 'dungeons_and_combat:deleted_mod_element'
	at net.minecraftforge.common.crafting.CraftingHelper.getItem(CraftingHelper.java:160) ~[forge-1.20.1-47.4.0-universal.jar%23478!/:?]
	at net.minecraftforge.common.crafting.CraftingHelper.getItemStack(CraftingHelper.java:186) ~[forge-1.20.1-47.4.0-universal.jar%23478!/:?]
	at net.minecraft.world.item.crafting.ShapedRecipe.m_151274_(ShapedRecipe.java:286) ~[server-1.20.1-20230612.114412-srg.jar%23473!/:?]
	at net.minecraft.world.item.crafting.SmithingTransformRecipe$Serializer.m_6729_(SmithingTransformRecipe.java:76) ~[server-1.20.1-20230612.114412-srg.jar%23473!/:?]
	at net.minecraft.world.item.crafting.SmithingTransformRecipe$Serializer.m_6729_(SmithingTransformRecipe.java:71) ~[server-1.20.1-20230612.114412-srg.jar%23473!/:?]
	at net.minecraftforge.common.extensions.IForgeRecipeSerializer.fromJson(IForgeRecipeSerializer.java:23) ~[forge-1.20.1-47.4.0-universal.jar%23478!/:?]
	at net.minecraft.world.item.crafting.RecipeManager.fromJson(RecipeManager.java:171) ~[server-1.20.1-20230612.114412-srg.jar%23473!/:?]
	at net.minecraft.world.item.crafting.RecipeManager.m_5787_(RecipeManager.java:67) ~[server-1.20.1-20230612.114412-srg.jar%23473!/:?]
	at net.minecraft.world.item.crafting.RecipeManager.m_5787_(RecipeManager.java:34) ~[server-1.20.1-20230612.114412-srg.jar%23473!/:?]
	at net.minecraft.server.packs.resources.SimplePreparableReloadListener.m_10789_(SimplePreparableReloadListener.java:13) ~[server-1.20.1-20230612.114412-srg.jar%23473!/:?]
	at java.util.concurrent.CompletableFuture$UniAccept.tryFire(CompletableFuture.java:718) ~[?:?]
	at java.util.concurrent.CompletableFuture$Completion.run(CompletableFuture.java:482) ~[?:?]
	at net.minecraft.server.packs.resources.SimpleReloadInstance.m_143940_(SimpleReloadInstance.java:69) ~[server-1.20.1-20230612.114412-srg.jar%23473!/:?]
	at net.minecraft.Util.m_214652_(Util.java:783) ~[server-1.20.1-20230612.114412-srg.jar%23473!/:?]
	at net.minecraft.Util.m_214679_(Util.java:772) ~[server-1.20.1-20230612.114412-srg.jar%23473!/:?]
	at net.minecraft.server.Main.main(Main.java:166) ~[server-1.20.1-20230612.114412-srg.jar%23473!/:?]
	at jdk.internal.reflect.NativeMethodAccessorImpl.invoke0(Native Method) ~[?:?]
	at jdk.internal.reflect.NativeMethodAccessorImpl.invoke(NativeMethodAccessorImpl.java:77) ~[?:?]
	at jdk.internal.reflect.DelegatingMethodAccessorImpl.invoke(DelegatingMethodAccessorImpl.java:43) ~[?:?]
	at java.lang.reflect.Method.invoke(Method.java:569) ~[?:?]
	at net.minecraftforge.fml.loading.targets.CommonLaunchHandler.runTarget(CommonLaunchHandler.java:111) ~[fmlloader-1.20.1-47.4.0.jar%2369!/:?]
	at net.minecraftforge.fml.loading.targets.CommonLaunchHandler.serverService(CommonLaunchHandler.java:103) ~[fmlloader-1.20.1-47.4.0.jar%2369!/:?]
	at net.minecraftforge.fml.loading.targets.CommonServerLaunchHandler.lambda$makeService$0(CommonServerLaunchHandler.java:27) ~[fmlloader-1.20.1-47.4.0.jar%2369!/:?]
	at cpw.mods.modlauncher.LaunchServiceHandlerDecorator.launch(LaunchServiceHandlerDecorator.java:30) ~[modlauncher-10.0.9.jar%2355!/:?]
	at cpw.mods.modlauncher.LaunchServiceHandler.launch(LaunchServiceHandler.java:53) ~[modlauncher-10.0.9.jar%2355!/:?]
	at cpw.mods.modlauncher.LaunchServiceHandler.launch(LaunchServiceHandler.java:71) ~[modlauncher-10.0.9.jar%2355!/:?]
	at cpw.mods.modlauncher.Launcher.run(Launcher.java:108) ~[modlauncher-10.0.9.jar%2355!/:?]
	at cpw.mods.modlauncher.Launcher.main(Launcher.java:78) ~[modlauncher-10.0.9.jar%2355!/:?]
	at cpw.mods.modlauncher.BootstrapLaunchConsumer.accept(BootstrapLaunchConsumer.java:26) ~[modlauncher-10.0.9.jar%2355!/:?]
	at cpw.mods.modlauncher.BootstrapLaunchConsumer.accept(BootstrapLaunchConsumer.java:23) ~[modlauncher-10.0.9.jar%2355!/:?]
	at cpw.mods.bootstraplauncher.BootstrapLauncher.main(BootstrapLauncher.java:141) ~[bootstraplauncher-1.1.2.jar:?]
[10Oct2025 00:16:10.030] [main/INFO] [net.minecraft.world.item.crafting.RecipeManager/]: Skipping loading recipe expanded_combat:iron_arrow_120_smithing as it's serializer returned null
[10Oct2025 00:16:10.045] [main/INFO] [net.minecraft.world.item.crafting.RecipeManager/]: Skipping loading recipe collectorsreap:integration/create/mixing/gummy/pumpkin as it's serializer returned null
[10Oct2025 00:16:10.049] [main/INFO] [net.minecraft.world.item.crafting.RecipeManager/]: Skipping loading recipe collectorsreap:integration/create/emptying/pomegranate_black_tea as it's serializer returned null
[10Oct2025 00:16:10.050] [main/INFO] [net.minecraft.world.item.crafting.RecipeManager/]: Skipping loading recipe collectorsreap:integration/create/mixing/gummy/passion_fruit as it's serializer returned null
[10Oct2025 00:16:10.055] [main/INFO] [net.minecraft.world.item.crafting.RecipeManager/]: Skipping loading recipe collectorsreap:gummy/coffee as it's serializer returned null
[10Oct2025 00:16:10.057] [main/INFO] [net.minecraft.world.item.crafting.RecipeManager/]: Skipping loading recipe collectorsreap:integration/create/mixing/gummy/strawberry as it's serializer returned null
[10Oct2025 00:16:10.060] [main/ERROR] [net.minecraft.world.item.crafting.RecipeManager/]: Parsing error loading recipe dungeons_and_combat:blue_chestplate
com.google.gson.JsonSyntaxException: Unknown item 'iceandfire:armor_blue_chestplate'
	at net.minecraft.world.item.crafting.ShapedRecipe.m_151280_(ShapedRecipe.java:292) ~[server-1.20.1-20230612.114412-srg.jar%23473!/:?]
	at java.util.Optional.orElseThrow(Optional.java:403) ~[?:?]
	at net.minecraft.world.item.crafting.ShapedRecipe.m_151278_(ShapedRecipe.java:291) ~[server-1.20.1-20230612.114412-srg.jar%23473!/:?]
	at net.minecraft.world.item.crafting.Ingredient.m_43919_(Ingredient.java:219) ~[server-1.20.1-20230612.114412-srg.jar%23473!/:?]
	at net.minecraftforge.common.crafting.VanillaIngredientSerializer.parse(VanillaIngredientSerializer.java:27) ~[forge-1.20.1-47.4.0-universal.jar%23478!/:?]
	at net.minecraftforge.common.crafting.CraftingHelper.getIngredient(CraftingHelper.java:148) ~[forge-1.20.1-47.4.0-universal.jar%23478!/:?]
	at net.minecraft.world.item.crafting.Ingredient.m_288218_(Ingredient.java:194) ~[server-1.20.1-20230612.114412-srg.jar%23473!/:?]
	at net.minecraft.world.item.crafting.Ingredient.m_43917_(Ingredient.java:189) ~[server-1.20.1-20230612.114412-srg.jar%23473!/:?]
	at net.minecraft.world.item.crafting.SmithingTransformRecipe$Serializer.m_6729_(SmithingTransformRecipe.java:74) ~[server-1.20.1-20230612.114412-srg.jar%23473!/:?]
	at net.minecraft.world.item.crafting.SmithingTransformRecipe$Serializer.m_6729_(SmithingTransformRecipe.java:71) ~[server-1.20.1-20230612.114412-srg.jar%23473!/:?]
	at net.minecraftforge.common.extensions.IForgeRecipeSerializer.fromJson(IForgeRecipeSerializer.java:23) ~[forge-1.20.1-47.4.0-universal.jar%23478!/:?]
	at net.minecraft.world.item.crafting.RecipeManager.fromJson(RecipeManager.java:171) ~[server-1.20.1-20230612.114412-srg.jar%23473!/:?]
	at net.minecraft.world.item.crafting.RecipeManager.m_5787_(RecipeManager.java:67) ~[server-1.20.1-20230612.114412-srg.jar%23473!/:?]
	at net.minecraft.world.item.crafting.RecipeManager.m_5787_(RecipeManager.java:34) ~[server-1.20.1-20230612.114412-srg.jar%23473!/:?]
	at net.minecraft.server.packs.resources.SimplePreparableReloadListener.m_10789_(SimplePreparableReloadListener.java:13) ~[server-1.20.1-20230612.114412-srg.jar%23473!/:?]
	at java.util.concurrent.CompletableFuture$UniAccept.tryFire(CompletableFuture.java:718) ~[?:?]
	at java.util.concurrent.CompletableFuture$Completion.run(CompletableFuture.java:482) ~[?:?]
	at net.minecraft.server.packs.resources.SimpleReloadInstance.m_143940_(SimpleReloadInstance.java:69) ~[server-1.20.1-20230612.114412-srg.jar%23473!/:?]
	at net.minecraft.Util.m_214652_(Util.java:783) ~[server-1.20.1-20230612.114412-srg.jar%23473!/:?]
	at net.minecraft.Util.m_214679_(Util.java:772) ~[server-1.20.1-20230612.114412-srg.jar%23473!/:?]
	at net.minecraft.server.Main.main(Main.java:166) ~[server-1.20.1-20230612.114412-srg.jar%23473!/:?]
	at jdk.internal.reflect.NativeMethodAccessorImpl.invoke0(Native Method) ~[?:?]
	at jdk.internal.reflect.NativeMethodAccessorImpl.invoke(NativeMethodAccessorImpl.java:77) ~[?:?]
	at jdk.internal.reflect.DelegatingMethodAccessorImpl.invoke(DelegatingMethodAccessorImpl.java:43) ~[?:?]
	at java.lang.reflect.Method.invoke(Method.java:569) ~[?:?]
	at net.minecraftforge.fml.loading.targets.CommonLaunchHandler.runTarget(CommonLaunchHandler.java:111) ~[fmlloader-1.20.1-47.4.0.jar%2369!/:?]
	at net.minecraftforge.fml.loading.targets.CommonLaunchHandler.serverService(CommonLaunchHandler.java:103) ~[fmlloader-1.20.1-47.4.0.jar%2369!/:?]
	at net.minecraftforge.fml.loading.targets.CommonServerLaunchHandler.lambda$makeService$0(CommonServerLaunchHandler.java:27) ~[fmlloader-1.20.1-47.4.0.jar%2369!/:?]
	at cpw.mods.modlauncher.LaunchServiceHandlerDecorator.launch(LaunchServiceHandlerDecorator.java:30) ~[modlauncher-10.0.9.jar%2355!/:?]
	at cpw.mods.modlauncher.LaunchServiceHandler.launch(LaunchServiceHandler.java:53) ~[modlauncher-10.0.9.jar%2355!/:?]
	at cpw.mods.modlauncher.LaunchServiceHandler.launch(LaunchServiceHandler.java:71) ~[modlauncher-10.0.9.jar%2355!/:?]
	at cpw.mods.modlauncher.Launcher.run(Launcher.java:108) ~[modlauncher-10.0.9.jar%2355!/:?]
	at cpw.mods.modlauncher.Launcher.main(Launcher.java:78) ~[modlauncher-10.0.9.jar%2355!/:?]
	at cpw.mods.modlauncher.BootstrapLaunchConsumer.accept(BootstrapLaunchConsumer.java:26) ~[modlauncher-10.0.9.jar%2355!/:?]
	at cpw.mods.modlauncher.BootstrapLaunchConsumer.accept(BootstrapLaunchConsumer.java:23) ~[modlauncher-10.0.9.jar%2355!/:?]
	at cpw.mods.bootstraplauncher.BootstrapLauncher.main(BootstrapLauncher.java:141) ~[bootstraplauncher-1.1.2.jar:?]
[10Oct2025 00:16:10.073] [main/ERROR] [net.minecraft.world.item.crafting.RecipeManager/]: Parsing error loading recipe dungeons_and_combat:green_boots
com.google.gson.JsonSyntaxException: Unknown item 'iceandfire:armor_green_boots'
	at net.minecraft.world.item.crafting.ShapedRecipe.m_151280_(ShapedRecipe.java:292) ~[server-1.20.1-20230612.114412-srg.jar%23473!/:?]
	at java.util.Optional.orElseThrow(Optional.java:403) ~[?:?]
	at net.minecraft.world.item.crafting.ShapedRecipe.m_151278_(ShapedRecipe.java:291) ~[server-1.20.1-20230612.114412-srg.jar%23473!/:?]
	at net.minecraft.world.item.crafting.Ingredient.m_43919_(Ingredient.java:219) ~[server-1.20.1-20230612.114412-srg.jar%23473!/:?]
	at net.minecraftforge.common.crafting.VanillaIngredientSerializer.parse(VanillaIngredientSerializer.java:27) ~[forge-1.20.1-47.4.0-universal.jar%23478!/:?]
	at net.minecraftforge.common.crafting.CraftingHelper.getIngredient(CraftingHelper.java:148) ~[forge-1.20.1-47.4.0-universal.jar%23478!/:?]
	at net.minecraft.world.item.crafting.Ingredient.m_288218_(Ingredient.java:194) ~[server-1.20.1-20230612.114412-srg.jar%23473!/:?]
	at net.minecraft.world.item.crafting.Ingredient.m_43917_(Ingredient.java:189) ~[server-1.20.1-20230612.114412-srg.jar%23473!/:?]
	at net.minecraft.world.item.crafting.SmithingTransformRecipe$Serializer.m_6729_(SmithingTransformRecipe.java:74) ~[server-1.20.1-20230612.114412-srg.jar%23473!/:?]
	at net.minecraft.world.item.crafting.SmithingTransformRecipe$Serializer.m_6729_(SmithingTransformRecipe.java:71) ~[server-1.20.1-20230612.114412-srg.jar%23473!/:?]
	at net.minecraftforge.common.extensions.IForgeRecipeSerializer.fromJson(IForgeRecipeSerializer.java:23) ~[forge-1.20.1-47.4.0-universal.jar%23478!/:?]
	at net.minecraft.world.item.crafting.RecipeManager.fromJson(RecipeManager.java:171) ~[server-1.20.1-20230612.114412-srg.jar%23473!/:?]
	at net.minecraft.world.item.crafting.RecipeManager.m_5787_(RecipeManager.java:67) ~[server-1.20.1-20230612.114412-srg.jar%23473!/:?]
	at net.minecraft.world.item.crafting.RecipeManager.m_5787_(RecipeManager.java:34) ~[server-1.20.1-20230612.114412-srg.jar%23473!/:?]
	at net.minecraft.server.packs.resources.SimplePreparableReloadListener.m_10789_(SimplePreparableReloadListener.java:13) ~[server-1.20.1-20230612.114412-srg.jar%23473!/:?]
	at java.util.concurrent.CompletableFuture$UniAccept.tryFire(CompletableFuture.java:718) ~[?:?]
	at java.util.concurrent.CompletableFuture$Completion.run(CompletableFuture.java:482) ~[?:?]
	at net.minecraft.server.packs.resources.SimpleReloadInstance.m_143940_(SimpleReloadInstance.java:69) ~[server-1.20.1-20230612.114412-srg.jar%23473!/:?]
	at net.minecraft.Util.m_214652_(Util.java:783) ~[server-1.20.1-20230612.114412-srg.jar%23473!/:?]
	at net.minecraft.Util.m_214679_(Util.java:772) ~[server-1.20.1-20230612.114412-srg.jar%23473!/:?]
	at net.minecraft.server.Main.main(Main.java:166) ~[server-1.20.1-20230612.114412-srg.jar%23473!/:?]
	at jdk.internal.reflect.NativeMethodAccessorImpl.invoke0(Native Method) ~[?:?]
	at jdk.internal.reflect.NativeMethodAccessorImpl.invoke(NativeMethodAccessorImpl.java:77) ~[?:?]
	at jdk.internal.reflect.DelegatingMethodAccessorImpl.invoke(DelegatingMethodAccessorImpl.java:43) ~[?:?]
	at java.lang.reflect.Method.invoke(Method.java:569) ~[?:?]
	at net.minecraftforge.fml.loading.targets.CommonLaunchHandler.runTarget(CommonLaunchHandler.java:111) ~[fmlloader-1.20.1-47.4.0.jar%2369!/:?]
	at net.minecraftforge.fml.loading.targets.CommonLaunchHandler.serverService(CommonLaunchHandler.java:103) ~[fmlloader-1.20.1-47.4.0.jar%2369!/:?]
	at net.minecraftforge.fml.loading.targets.CommonServerLaunchHandler.lambda$makeService$0(CommonServerLaunchHandler.java:27) ~[fmlloader-1.20.1-47.4.0.jar%2369!/:?]
	at cpw.mods.modlauncher.LaunchServiceHandlerDecorator.launch(LaunchServiceHandlerDecorator.java:30) ~[modlauncher-10.0.9.jar%2355!/:?]
	at cpw.mods.modlauncher.LaunchServiceHandler.launch(LaunchServiceHandler.java:53) ~[modlauncher-10.0.9.jar%2355!/:?]
	at cpw.mods.modlauncher.LaunchServiceHandler.launch(LaunchServiceHandler.java:71) ~[modlauncher-10.0.9.jar%2355!/:?]
	at cpw.mods.modlauncher.Launcher.run(Launcher.java:108) ~[modlauncher-10.0.9.jar%2355!/:?]
	at cpw.mods.modlauncher.Launcher.main(Launcher.java:78) ~[modlauncher-10.0.9.jar%2355!/:?]
	at cpw.mods.modlauncher.BootstrapLaunchConsumer.accept(BootstrapLaunchConsumer.java:26) ~[modlauncher-10.0.9.jar%2355!/:?]
	at cpw.mods.modlauncher.BootstrapLaunchConsumer.accept(BootstrapLaunchConsumer.java:23) ~[modlauncher-10.0.9.jar%2355!/:?]
	at cpw.mods.bootstraplauncher.BootstrapLauncher.main(BootstrapLauncher.java:141) ~[bootstraplauncher-1.1.2.jar:?]
[10Oct2025 00:16:10.075] [main/ERROR] [net.minecraft.world.item.crafting.RecipeManager/]: Parsing error loading recipe dungeons_and_combat:dragon_fire_greatsword_recipe
com.google.gson.JsonSyntaxException: Unknown item 'iceandfire:fire_dragon_blood'
	at net.minecraft.world.item.crafting.ShapedRecipe.m_151280_(ShapedRecipe.java:292) ~[server-1.20.1-20230612.114412-srg.jar%23473!/:?]
	at java.util.Optional.orElseThrow(Optional.java:403) ~[?:?]
	at net.minecraft.world.item.crafting.ShapedRecipe.m_151278_(ShapedRecipe.java:291) ~[server-1.20.1-20230612.114412-srg.jar%23473!/:?]
	at net.minecraft.world.item.crafting.Ingredient.m_43919_(Ingredient.java:219) ~[server-1.20.1-20230612.114412-srg.jar%23473!/:?]
	at net.minecraftforge.common.crafting.VanillaIngredientSerializer.parse(VanillaIngredientSerializer.java:27) ~[forge-1.20.1-47.4.0-universal.jar%23478!/:?]
	at net.minecraftforge.common.crafting.CraftingHelper.getIngredient(CraftingHelper.java:148) ~[forge-1.20.1-47.4.0-universal.jar%23478!/:?]
	at net.minecraft.world.item.crafting.Ingredient.m_288218_(Ingredient.java:194) ~[server-1.20.1-20230612.114412-srg.jar%23473!/:?]
	at net.minecraft.world.item.crafting.ShapedRecipe.m_44210_(ShapedRecipe.java:278) ~[server-1.20.1-20230612.114412-srg.jar%23473!/:?]
	at net.minecraft.world.item.crafting.ShapedRecipe$Serializer.m_6729_(ShapedRecipe.java:306) ~[server-1.20.1-20230612.114412-srg.jar%23473!/:?]
	at net.minecraft.world.item.crafting.ShapedRecipe$Serializer.m_6729_(ShapedRecipe.java:301) ~[server-1.20.1-20230612.114412-srg.jar%23473!/:?]
	at net.minecraftforge.common.extensions.IForgeRecipeSerializer.fromJson(IForgeRecipeSerializer.java:23) ~[forge-1.20.1-47.4.0-universal.jar%23478!/:?]
	at net.minecraft.world.item.crafting.RecipeManager.fromJson(RecipeManager.java:171) ~[server-1.20.1-20230612.114412-srg.jar%23473!/:?]
	at net.minecraft.world.item.crafting.RecipeManager.m_5787_(RecipeManager.java:67) ~[server-1.20.1-20230612.114412-srg.jar%23473!/:?]
	at net.minecraft.world.item.crafting.RecipeManager.m_5787_(RecipeManager.java:34) ~[server-1.20.1-20230612.114412-srg.jar%23473!/:?]
	at net.minecraft.server.packs.resources.SimplePreparableReloadListener.m_10789_(SimplePreparableReloadListener.java:13) ~[server-1.20.1-20230612.114412-srg.jar%23473!/:?]
	at java.util.concurrent.CompletableFuture$UniAccept.tryFire(CompletableFuture.java:718) ~[?:?]
	at java.util.concurrent.CompletableFuture$Completion.run(CompletableFuture.java:482) ~[?:?]
	at net.minecraft.server.packs.resources.SimpleReloadInstance.m_143940_(SimpleReloadInstance.java:69) ~[server-1.20.1-20230612.114412-srg.jar%23473!/:?]
	at net.minecraft.Util.m_214652_(Util.java:783) ~[server-1.20.1-20230612.114412-srg.jar%23473!/:?]
	at net.minecraft.Util.m_214679_(Util.java:772) ~[server-1.20.1-20230612.114412-srg.jar%23473!/:?]
	at net.minecraft.server.Main.main(Main.java:166) ~[server-1.20.1-20230612.114412-srg.jar%23473!/:?]
	at jdk.internal.reflect.NativeMethodAccessorImpl.invoke0(Native Method) ~[?:?]
	at jdk.internal.reflect.NativeMethodAccessorImpl.invoke(NativeMethodAccessorImpl.java:77) ~[?:?]
	at jdk.internal.reflect.DelegatingMethodAccessorImpl.invoke(DelegatingMethodAccessorImpl.java:43) ~[?:?]
	at java.lang.reflect.Method.invoke(Method.java:569) ~[?:?]
	at net.minecraftforge.fml.loading.targets.CommonLaunchHandler.runTarget(CommonLaunchHandler.java:111) ~[fmlloader-1.20.1-47.4.0.jar%2369!/:?]
	at net.minecraftforge.fml.loading.targets.CommonLaunchHandler.serverService(CommonLaunchHandler.java:103) ~[fmlloader-1.20.1-47.4.0.jar%2369!/:?]
	at net.minecraftforge.fml.loading.targets.CommonServerLaunchHandler.lambda$makeService$0(CommonServerLaunchHandler.java:27) ~[fmlloader-1.20.1-47.4.0.jar%2369!/:?]
	at cpw.mods.modlauncher.LaunchServiceHandlerDecorator.launch(LaunchServiceHandlerDecorator.java:30) ~[modlauncher-10.0.9.jar%2355!/:?]
	at cpw.mods.modlauncher.LaunchServiceHandler.launch(LaunchServiceHandler.java:53) ~[modlauncher-10.0.9.jar%2355!/:?]
	at cpw.mods.modlauncher.LaunchServiceHandler.launch(LaunchServiceHandler.java:71) ~[modlauncher-10.0.9.jar%2355!/:?]
	at cpw.mods.modlauncher.Launcher.run(Launcher.java:108) ~[modlauncher-10.0.9.jar%2355!/:?]
	at cpw.mods.modlauncher.Launcher.main(Launcher.java:78) ~[modlauncher-10.0.9.jar%2355!/:?]
	at cpw.mods.modlauncher.BootstrapLaunchConsumer.accept(BootstrapLaunchConsumer.java:26) ~[modlauncher-10.0.9.jar%2355!/:?]
	at cpw.mods.modlauncher.BootstrapLaunchConsumer.accept(BootstrapLaunchConsumer.java:23) ~[modlauncher-10.0.9.jar%2355!/:?]
	at cpw.mods.bootstraplauncher.BootstrapLauncher.main(BootstrapLauncher.java:141) ~[bootstraplauncher-1.1.2.jar:?]
[10Oct2025 00:16:10.076] [main/INFO] [net.minecraft.world.item.crafting.RecipeManager/]: Skipping loading recipe collectorsreap:gummy/aloe as it's serializer returned null
[10Oct2025 00:16:10.076] [main/ERROR] [net.minecraft.world.item.crafting.RecipeManager/]: Parsing error loading recipe dungeons_and_combat:green_chestplate
com.google.gson.JsonSyntaxException: Unknown item 'iceandfire:armor_green_chestplate'
	at net.minecraft.world.item.crafting.ShapedRecipe.m_151280_(ShapedRecipe.java:292) ~[server-1.20.1-20230612.114412-srg.jar%23473!/:?]
	at java.util.Optional.orElseThrow(Optional.java:403) ~[?:?]
	at net.minecraft.world.item.crafting.ShapedRecipe.m_151278_(ShapedRecipe.java:291) ~[server-1.20.1-20230612.114412-srg.jar%23473!/:?]
	at net.minecraft.world.item.crafting.Ingredient.m_43919_(Ingredient.java:219) ~[server-1.20.1-20230612.114412-srg.jar%23473!/:?]
	at net.minecraftforge.common.crafting.VanillaIngredientSerializer.parse(VanillaIngredientSerializer.java:27) ~[forge-1.20.1-47.4.0-universal.jar%23478!/:?]
	at net.minecraftforge.common.crafting.CraftingHelper.getIngredient(CraftingHelper.java:148) ~[forge-1.20.1-47.4.0-universal.jar%23478!/:?]
	at net.minecraft.world.item.crafting.Ingredient.m_288218_(Ingredient.java:194) ~[server-1.20.1-20230612.114412-srg.jar%23473!/:?]
	at net.minecraft.world.item.crafting.Ingredient.m_43917_(Ingredient.java:189) ~[server-1.20.1-20230612.114412-srg.jar%23473!/:?]
	at net.minecraft.world.item.crafting.SmithingTransformRecipe$Serializer.m_6729_(SmithingTransformRecipe.java:74) ~[server-1.20.1-20230612.114412-srg.jar%23473!/:?]
	at net.minecraft.world.item.crafting.SmithingTransformRecipe$Serializer.m_6729_(SmithingTransformRecipe.java:71) ~[server-1.20.1-20230612.114412-srg.jar%23473!/:?]
	at net.minecraftforge.common.extensions.IForgeRecipeSerializer.fromJson(IForgeRecipeSerializer.java:23) ~[forge-1.20.1-47.4.0-universal.jar%23478!/:?]
	at net.minecraft.world.item.crafting.RecipeManager.fromJson(RecipeManager.java:171) ~[server-1.20.1-20230612.114412-srg.jar%23473!/:?]
	at net.minecraft.world.item.crafting.RecipeManager.m_5787_(RecipeManager.java:67) ~[server-1.20.1-20230612.114412-srg.jar%23473!/:?]
	at net.minecraft.world.item.crafting.RecipeManager.m_5787_(RecipeManager.java:34) ~[server-1.20.1-20230612.114412-srg.jar%23473!/:?]
	at net.minecraft.server.packs.resources.SimplePreparableReloadListener.m_10789_(SimplePreparableReloadListener.java:13) ~[server-1.20.1-20230612.114412-srg.jar%23473!/:?]
	at java.util.concurrent.CompletableFuture$UniAccept.tryFire(CompletableFuture.java:718) ~[?:?]
	at java.util.concurrent.CompletableFuture$Completion.run(CompletableFuture.java:482) ~[?:?]
	at net.minecraft.server.packs.resources.SimpleReloadInstance.m_143940_(SimpleReloadInstance.java:69) ~[server-1.20.1-20230612.114412-srg.jar%23473!/:?]
	at net.minecraft.Util.m_214652_(Util.java:783) ~[server-1.20.1-20230612.114412-srg.jar%23473!/:?]
	at net.minecraft.Util.m_214679_(Util.java:772) ~[server-1.20.1-20230612.114412-srg.jar%23473!/:?]
	at net.minecraft.server.Main.main(Main.java:166) ~[server-1.20.1-20230612.114412-srg.jar%23473!/:?]
	at jdk.internal.reflect.NativeMethodAccessorImpl.invoke0(Native Method) ~[?:?]
	at jdk.internal.reflect.NativeMethodAccessorImpl.invoke(NativeMethodAccessorImpl.java:77) ~[?:?]
	at jdk.internal.reflect.DelegatingMethodAccessorImpl.invoke(DelegatingMethodAccessorImpl.java:43) ~[?:?]
	at java.lang.reflect.Method.invoke(Method.java:569) ~[?:?]
	at net.minecraftforge.fml.loading.targets.CommonLaunchHandler.runTarget(CommonLaunchHandler.java:111) ~[fmlloader-1.20.1-47.4.0.jar%2369!/:?]
	at net.minecraftforge.fml.loading.targets.CommonLaunchHandler.serverService(CommonLaunchHandler.java:103) ~[fmlloader-1.20.1-47.4.0.jar%2369!/:?]
	at net.minecraftforge.fml.loading.targets.CommonServerLaunchHandler.lambda$makeService$0(CommonServerLaunchHandler.java:27) ~[fmlloader-1.20.1-47.4.0.jar%2369!/:?]
	at cpw.mods.modlauncher.LaunchServiceHandlerDecorator.launch(LaunchServiceHandlerDecorator.java:30) ~[modlauncher-10.0.9.jar%2355!/:?]
	at cpw.mods.modlauncher.LaunchServiceHandler.launch(LaunchServiceHandler.java:53) ~[modlauncher-10.0.9.jar%2355!/:?]
	at cpw.mods.modlauncher.LaunchServiceHandler.launch(LaunchServiceHandler.java:71) ~[modlauncher-10.0.9.jar%2355!/:?]
	at cpw.mods.modlauncher.Launcher.run(Launcher.java:108) ~[modlauncher-10.0.9.jar%2355!/:?]
	at cpw.mods.modlauncher.Launcher.main(Launcher.java:78) ~[modlauncher-10.0.9.jar%2355!/:?]
	at cpw.mods.modlauncher.BootstrapLaunchConsumer.accept(BootstrapLaunchConsumer.java:26) ~[modlauncher-10.0.9.jar%2355!/:?]
	at cpw.mods.modlauncher.BootstrapLaunchConsumer.accept(BootstrapLaunchConsumer.java:23) ~[modlauncher-10.0.9.jar%2355!/:?]
	at cpw.mods.bootstraplauncher.BootstrapLauncher.main(BootstrapLauncher.java:141) ~[bootstraplauncher-1.1.2.jar:?]
[10Oct2025 00:16:10.077] [main/INFO] [net.minecraft.world.item.crafting.RecipeManager/]: Skipping loading recipe collectorsreap:integration/create/mixing/gummy/chocolate as it's serializer returned null
[10Oct2025 00:16:10.078] [main/ERROR] [net.minecraft.world.item.crafting.RecipeManager/]: Parsing error loading recipe dungeons_and_combat:copper_dragon_leggings
com.google.gson.JsonSyntaxException: Unknown item 'iceandfire:armor_copper_leggings'
	at net.minecraft.world.item.crafting.ShapedRecipe.m_151280_(ShapedRecipe.java:292) ~[server-1.20.1-20230612.114412-srg.jar%23473!/:?]
	at java.util.Optional.orElseThrow(Optional.java:403) ~[?:?]
	at net.minecraft.world.item.crafting.ShapedRecipe.m_151278_(ShapedRecipe.java:291) ~[server-1.20.1-20230612.114412-srg.jar%23473!/:?]
	at net.minecraft.world.item.crafting.Ingredient.m_43919_(Ingredient.java:219) ~[server-1.20.1-20230612.114412-srg.jar%23473!/:?]
	at net.minecraftforge.common.crafting.VanillaIngredientSerializer.parse(VanillaIngredientSerializer.java:27) ~[forge-1.20.1-47.4.0-universal.jar%23478!/:?]
	at net.minecraftforge.common.crafting.CraftingHelper.getIngredient(CraftingHelper.java:148) ~[forge-1.20.1-47.4.0-universal.jar%23478!/:?]
	at net.minecraft.world.item.crafting.Ingredient.m_288218_(Ingredient.java:194) ~[server-1.20.1-20230612.114412-srg.jar%23473!/:?]
	at net.minecraft.world.item.crafting.Ingredient.m_43917_(Ingredient.java:189) ~[server-1.20.1-20230612.114412-srg.jar%23473!/:?]
	at net.minecraft.world.item.crafting.SmithingTransformRecipe$Serializer.m_6729_(SmithingTransformRecipe.java:74) ~[server-1.20.1-20230612.114412-srg.jar%23473!/:?]
	at net.minecraft.world.item.crafting.SmithingTransformRecipe$Serializer.m_6729_(SmithingTransformRecipe.java:71) ~[server-1.20.1-20230612.114412-srg.jar%23473!/:?]
	at net.minecraftforge.common.extensions.IForgeRecipeSerializer.fromJson(IForgeRecipeSerializer.java:23) ~[forge-1.20.1-47.4.0-universal.jar%23478!/:?]
	at net.minecraft.world.item.crafting.RecipeManager.fromJson(RecipeManager.java:171) ~[server-1.20.1-20230612.114412-srg.jar%23473!/:?]
	at net.minecraft.world.item.crafting.RecipeManager.m_5787_(RecipeManager.java:67) ~[server-1.20.1-20230612.114412-srg.jar%23473!/:?]
	at net.minecraft.world.item.crafting.RecipeManager.m_5787_(RecipeManager.java:34) ~[server-1.20.1-20230612.114412-srg.jar%23473!/:?]
	at net.minecraft.server.packs.resources.SimplePreparableReloadListener.m_10789_(SimplePreparableReloadListener.java:13) ~[server-1.20.1-20230612.114412-srg.jar%23473!/:?]
	at java.util.concurrent.CompletableFuture$UniAccept.tryFire(CompletableFuture.java:718) ~[?:?]
	at java.util.concurrent.CompletableFuture$Completion.run(CompletableFuture.java:482) ~[?:?]
	at net.minecraft.server.packs.resources.SimpleReloadInstance.m_143940_(SimpleReloadInstance.java:69) ~[server-1.20.1-20230612.114412-srg.jar%23473!/:?]
	at net.minecraft.Util.m_214652_(Util.java:783) ~[server-1.20.1-20230612.114412-srg.jar%23473!/:?]
	at net.minecraft.Util.m_214679_(Util.java:772) ~[server-1.20.1-20230612.114412-srg.jar%23473!/:?]
	at net.minecraft.server.Main.main(Main.java:166) ~[server-1.20.1-20230612.114412-srg.jar%23473!/:?]
	at jdk.internal.reflect.NativeMethodAccessorImpl.invoke0(Native Method) ~[?:?]
	at jdk.internal.reflect.NativeMethodAccessorImpl.invoke(NativeMethodAccessorImpl.java:77) ~[?:?]
	at jdk.internal.reflect.DelegatingMethodAccessorImpl.invoke(DelegatingMethodAccessorImpl.java:43) ~[?:?]
	at java.lang.reflect.Method.invoke(Method.java:569) ~[?:?]
	at net.minecraftforge.fml.loading.targets.CommonLaunchHandler.runTarget(CommonLaunchHandler.java:111) ~[fmlloader-1.20.1-47.4.0.jar%2369!/:?]
	at net.minecraftforge.fml.loading.targets.CommonLaunchHandler.serverService(CommonLaunchHandler.java:103) ~[fmlloader-1.20.1-47.4.0.jar%2369!/:?]
	at net.minecraftforge.fml.loading.targets.CommonServerLaunchHandler.lambda$makeService$0(CommonServerLaunchHandler.java:27) ~[fmlloader-1.20.1-47.4.0.jar%2369!/:?]
	at cpw.mods.modlauncher.LaunchServiceHandlerDecorator.launch(LaunchServiceHandlerDecorator.java:30) ~[modlauncher-10.0.9.jar%2355!/:?]
	at cpw.mods.modlauncher.LaunchServiceHandler.launch(LaunchServiceHandler.java:53) ~[modlauncher-10.0.9.jar%2355!/:?]
	at cpw.mods.modlauncher.LaunchServiceHandler.launch(LaunchServiceHandler.java:71) ~[modlauncher-10.0.9.jar%2355!/:?]
	at cpw.mods.modlauncher.Launcher.run(Launcher.java:108) ~[modlauncher-10.0.9.jar%2355!/:?]
	at cpw.mods.modlauncher.Launcher.main(Launcher.java:78) ~[modlauncher-10.0.9.jar%2355!/:?]
	at cpw.mods.modlauncher.BootstrapLaunchConsumer.accept(BootstrapLaunchConsumer.java:26) ~[modlauncher-10.0.9.jar%2355!/:?]
	at cpw.mods.modlauncher.BootstrapLaunchConsumer.accept(BootstrapLaunchConsumer.java:23) ~[modlauncher-10.0.9.jar%2355!/:?]
	at cpw.mods.bootstraplauncher.BootstrapLauncher.main(BootstrapLauncher.java:141) ~[bootstraplauncher-1.1.2.jar:?]
[10Oct2025 00:16:10.082] [main/ERROR] [net.minecraft.world.item.crafting.RecipeManager/]: Parsing error loading recipe dungeons_and_combat:copper_dragon_helmet
com.google.gson.JsonSyntaxException: Unknown item 'iceandfire:armor_copper_helmet'
	at net.minecraft.world.item.crafting.ShapedRecipe.m_151280_(ShapedRecipe.java:292) ~[server-1.20.1-20230612.114412-srg.jar%23473!/:?]
	at java.util.Optional.orElseThrow(Optional.java:403) ~[?:?]
	at net.minecraft.world.item.crafting.ShapedRecipe.m_151278_(ShapedRecipe.java:291) ~[server-1.20.1-20230612.114412-srg.jar%23473!/:?]
	at net.minecraft.world.item.crafting.Ingredient.m_43919_(Ingredient.java:219) ~[server-1.20.1-20230612.114412-srg.jar%23473!/:?]
	at net.minecraftforge.common.crafting.VanillaIngredientSerializer.parse(VanillaIngredientSerializer.java:27) ~[forge-1.20.1-47.4.0-universal.jar%23478!/:?]
	at net.minecraftforge.common.crafting.CraftingHelper.getIngredient(CraftingHelper.java:148) ~[forge-1.20.1-47.4.0-universal.jar%23478!/:?]
	at net.minecraft.world.item.crafting.Ingredient.m_288218_(Ingredient.java:194) ~[server-1.20.1-20230612.114412-srg.jar%23473!/:?]
	at net.minecraft.world.item.crafting.Ingredient.m_43917_(Ingredient.java:189) ~[server-1.20.1-20230612.114412-srg.jar%23473!/:?]
	at net.minecraft.world.item.crafting.SmithingTransformRecipe$Serializer.m_6729_(SmithingTransformRecipe.java:74) ~[server-1.20.1-20230612.114412-srg.jar%23473!/:?]
	at net.minecraft.world.item.crafting.SmithingTransformRecipe$Serializer.m_6729_(SmithingTransformRecipe.java:71) ~[server-1.20.1-20230612.114412-srg.jar%23473!/:?]
	at net.minecraftforge.common.extensions.IForgeRecipeSerializer.fromJson(IForgeRecipeSerializer.java:23) ~[forge-1.20.1-47.4.0-universal.jar%23478!/:?]
	at net.minecraft.world.item.crafting.RecipeManager.fromJson(RecipeManager.java:171) ~[server-1.20.1-20230612.114412-srg.jar%23473!/:?]
	at net.minecraft.world.item.crafting.RecipeManager.m_5787_(RecipeManager.java:67) ~[server-1.20.1-20230612.114412-srg.jar%23473!/:?]
	at net.minecraft.world.item.crafting.RecipeManager.m_5787_(RecipeManager.java:34) ~[server-1.20.1-20230612.114412-srg.jar%23473!/:?]
	at net.minecraft.server.packs.resources.SimplePreparableReloadListener.m_10789_(SimplePreparableReloadListener.java:13) ~[server-1.20.1-20230612.114412-srg.jar%23473!/:?]
	at java.util.concurrent.CompletableFuture$UniAccept.tryFire(CompletableFuture.java:718) ~[?:?]
	at java.util.concurrent.CompletableFuture$Completion.run(CompletableFuture.java:482) ~[?:?]
	at net.minecraft.server.packs.resources.SimpleReloadInstance.m_143940_(SimpleReloadInstance.java:69) ~[server-1.20.1-20230612.114412-srg.jar%23473!/:?]
	at net.minecraft.Util.m_214652_(Util.java:783) ~[server-1.20.1-20230612.114412-srg.jar%23473!/:?]
	at net.minecraft.Util.m_214679_(Util.java:772) ~[server-1.20.1-20230612.114412-srg.jar%23473!/:?]
	at net.minecraft.server.Main.main(Main.java:166) ~[server-1.20.1-20230612.114412-srg.jar%23473!/:?]
	at jdk.internal.reflect.NativeMethodAccessorImpl.invoke0(Native Method) ~[?:?]
	at jdk.internal.reflect.NativeMethodAccessorImpl.invoke(NativeMethodAccessorImpl.java:77) ~[?:?]
	at jdk.internal.reflect.DelegatingMethodAccessorImpl.invoke(DelegatingMethodAccessorImpl.java:43) ~[?:?]
	at java.lang.reflect.Method.invoke(Method.java:569) ~[?:?]
	at net.minecraftforge.fml.loading.targets.CommonLaunchHandler.runTarget(CommonLaunchHandler.java:111) ~[fmlloader-1.20.1-47.4.0.jar%2369!/:?]
	at net.minecraftforge.fml.loading.targets.CommonLaunchHandler.serverService(CommonLaunchHandler.java:103) ~[fmlloader-1.20.1-47.4.0.jar%2369!/:?]
	at net.minecraftforge.fml.loading.targets.CommonServerLaunchHandler.lambda$makeService$0(CommonServerLaunchHandler.java:27) ~[fmlloader-1.20.1-47.4.0.jar%2369!/:?]
	at cpw.mods.modlauncher.LaunchServiceHandlerDecorator.launch(LaunchServiceHandlerDecorator.java:30) ~[modlauncher-10.0.9.jar%2355!/:?]
	at cpw.mods.modlauncher.LaunchServiceHandler.launch(LaunchServiceHandler.java:53) ~[modlauncher-10.0.9.jar%2355!/:?]
	at cpw.mods.modlauncher.LaunchServiceHandler.launch(LaunchServiceHandler.java:71) ~[modlauncher-10.0.9.jar%2355!/:?]
	at cpw.mods.modlauncher.Launcher.run(Launcher.java:108) ~[modlauncher-10.0.9.jar%2355!/:?]
	at cpw.mods.modlauncher.Launcher.main(Launcher.java:78) ~[modlauncher-10.0.9.jar%2355!/:?]
	at cpw.mods.modlauncher.BootstrapLaunchConsumer.accept(BootstrapLaunchConsumer.java:26) ~[modlauncher-10.0.9.jar%2355!/:?]
	at cpw.mods.modlauncher.BootstrapLaunchConsumer.accept(BootstrapLaunchConsumer.java:23) ~[modlauncher-10.0.9.jar%2355!/:?]
	at cpw.mods.bootstraplauncher.BootstrapLauncher.main(BootstrapLauncher.java:141) ~[bootstraplauncher-1.1.2.jar:?]
[10Oct2025 00:16:10.083] [main/ERROR] [net.minecraft.world.item.crafting.RecipeManager/]: Parsing error loading recipe dungeons_and_combat:gray_chestplate
com.google.gson.JsonSyntaxException: Unknown item 'iceandfire:armor_gray_chestplate'
	at net.minecraft.world.item.crafting.ShapedRecipe.m_151280_(ShapedRecipe.java:292) ~[server-1.20.1-20230612.114412-srg.jar%23473!/:?]
	at java.util.Optional.orElseThrow(Optional.java:403) ~[?:?]
	at net.minecraft.world.item.crafting.ShapedRecipe.m_151278_(ShapedRecipe.java:291) ~[server-1.20.1-20230612.114412-srg.jar%23473!/:?]
	at net.minecraft.world.item.crafting.Ingredient.m_43919_(Ingredient.java:219) ~[server-1.20.1-20230612.114412-srg.jar%23473!/:?]
	at net.minecraftforge.common.crafting.VanillaIngredientSerializer.parse(VanillaIngredientSerializer.java:27) ~[forge-1.20.1-47.4.0-universal.jar%23478!/:?]
	at net.minecraftforge.common.crafting.CraftingHelper.getIngredient(CraftingHelper.java:148) ~[forge-1.20.1-47.4.0-universal.jar%23478!/:?]
	at net.minecraft.world.item.crafting.Ingredient.m_288218_(Ingredient.java:194) ~[server-1.20.1-20230612.114412-srg.jar%23473!/:?]
	at net.minecraft.world.item.crafting.Ingredient.m_43917_(Ingredient.java:189) ~[server-1.20.1-20230612.114412-srg.jar%23473!/:?]
	at net.minecraft.world.item.crafting.SmithingTransformRecipe$Serializer.m_6729_(SmithingTransformRecipe.java:74) ~[server-1.20.1-20230612.114412-srg.jar%23473!/:?]
	at net.minecraft.world.item.crafting.SmithingTransformRecipe$Serializer.m_6729_(SmithingTransformRecipe.java:71) ~[server-1.20.1-20230612.114412-srg.jar%23473!/:?]
	at net.minecraftforge.common.extensions.IForgeRecipeSerializer.fromJson(IForgeRecipeSerializer.java:23) ~[forge-1.20.1-47.4.0-universal.jar%23478!/:?]
	at net.minecraft.world.item.crafting.RecipeManager.fromJson(RecipeManager.java:171) ~[server-1.20.1-20230612.114412-srg.jar%23473!/:?]
	at net.minecraft.world.item.crafting.RecipeManager.m_5787_(RecipeManager.java:67) ~[server-1.20.1-20230612.114412-srg.jar%23473!/:?]
	at net.minecraft.world.item.crafting.RecipeManager.m_5787_(RecipeManager.java:34) ~[server-1.20.1-20230612.114412-srg.jar%23473!/:?]
	at net.minecraft.server.packs.resources.SimplePreparableReloadListener.m_10789_(SimplePreparableReloadListener.java:13) ~[server-1.20.1-20230612.114412-srg.jar%23473!/:?]
	at java.util.concurrent.CompletableFuture$UniAccept.tryFire(CompletableFuture.java:718) ~[?:?]
	at java.util.concurrent.CompletableFuture$Completion.run(CompletableFuture.java:482) ~[?:?]
	at net.minecraft.server.packs.resources.SimpleReloadInstance.m_143940_(SimpleReloadInstance.java:69) ~[server-1.20.1-20230612.114412-srg.jar%23473!/:?]
	at net.minecraft.Util.m_214652_(Util.java:783) ~[server-1.20.1-20230612.114412-srg.jar%23473!/:?]
	at net.minecraft.Util.m_214679_(Util.java:772) ~[server-1.20.1-20230612.114412-srg.jar%23473!/:?]
	at net.minecraft.server.Main.main(Main.java:166) ~[server-1.20.1-20230612.114412-srg.jar%23473!/:?]
	at jdk.internal.reflect.NativeMethodAccessorImpl.invoke0(Native Method) ~[?:?]
	at jdk.internal.reflect.NativeMethodAccessorImpl.invoke(NativeMethodAccessorImpl.java:77) ~[?:?]
	at jdk.internal.reflect.DelegatingMethodAccessorImpl.invoke(DelegatingMethodAccessorImpl.java:43) ~[?:?]
	at java.lang.reflect.Method.invoke(Method.java:569) ~[?:?]
	at net.minecraftforge.fml.loading.targets.CommonLaunchHandler.runTarget(CommonLaunchHandler.java:111) ~[fmlloader-1.20.1-47.4.0.jar%2369!/:?]
	at net.minecraftforge.fml.loading.targets.CommonLaunchHandler.serverService(CommonLaunchHandler.java:103) ~[fmlloader-1.20.1-47.4.0.jar%2369!/:?]
	at net.minecraftforge.fml.loading.targets.CommonServerLaunchHandler.lambda$makeService$0(CommonServerLaunchHandler.java:27) ~[fmlloader-1.20.1-47.4.0.jar%2369!/:?]
	at cpw.mods.modlauncher.LaunchServiceHandlerDecorator.launch(LaunchServiceHandlerDecorator.java:30) ~[modlauncher-10.0.9.jar%2355!/:?]
	at cpw.mods.modlauncher.LaunchServiceHandler.launch(LaunchServiceHandler.java:53) ~[modlauncher-10.0.9.jar%2355!/:?]
	at cpw.mods.modlauncher.LaunchServiceHandler.launch(LaunchServiceHandler.java:71) ~[modlauncher-10.0.9.jar%2355!/:?]
	at cpw.mods.modlauncher.Launcher.run(Launcher.java:108) ~[modlauncher-10.0.9.jar%2355!/:?]
	at cpw.mods.modlauncher.Launcher.main(Launcher.java:78) ~[modlauncher-10.0.9.jar%2355!/:?]
	at cpw.mods.modlauncher.BootstrapLaunchConsumer.accept(BootstrapLaunchConsumer.java:26) ~[modlauncher-10.0.9.jar%2355!/:?]
	at cpw.mods.modlauncher.BootstrapLaunchConsumer.accept(BootstrapLaunchConsumer.java:23) ~[modlauncher-10.0.9.jar%2355!/:?]
	at cpw.mods.bootstraplauncher.BootstrapLauncher.main(BootstrapLauncher.java:141) ~[bootstraplauncher-1.1.2.jar:?]
[10Oct2025 00:16:10.085] [main/ERROR] [net.minecraft.world.item.crafting.RecipeManager/]: Parsing error loading recipe oceanic_delight:jeed_comfort
com.google.gson.JsonSyntaxException: Invalid or unsupported recipe type 'jeed:effect_provider'
	at net.minecraft.world.item.crafting.RecipeManager.m_220253_(RecipeManager.java:170) ~[server-1.20.1-20230612.114412-srg.jar%23473!/:?]
	at java.util.Optional.orElseThrow(Optional.java:403) ~[?:?]
	at net.minecraft.world.item.crafting.RecipeManager.fromJson(RecipeManager.java:169) ~[server-1.20.1-20230612.114412-srg.jar%23473!/:?]
	at net.minecraft.world.item.crafting.RecipeManager.m_5787_(RecipeManager.java:67) ~[server-1.20.1-20230612.114412-srg.jar%23473!/:?]
	at net.minecraft.world.item.crafting.RecipeManager.m_5787_(RecipeManager.java:34) ~[server-1.20.1-20230612.114412-srg.jar%23473!/:?]
	at net.minecraft.server.packs.resources.SimplePreparableReloadListener.m_10789_(SimplePreparableReloadListener.java:13) ~[server-1.20.1-20230612.114412-srg.jar%23473!/:?]
	at java.util.concurrent.CompletableFuture$UniAccept.tryFire(CompletableFuture.java:718) ~[?:?]
	at java.util.concurrent.CompletableFuture$Completion.run(CompletableFuture.java:482) ~[?:?]
	at net.minecraft.server.packs.resources.SimpleReloadInstance.m_143940_(SimpleReloadInstance.java:69) ~[server-1.20.1-20230612.114412-srg.jar%23473!/:?]
	at net.minecraft.Util.m_214652_(Util.java:783) ~[server-1.20.1-20230612.114412-srg.jar%23473!/:?]
	at net.minecraft.Util.m_214679_(Util.java:772) ~[server-1.20.1-20230612.114412-srg.jar%23473!/:?]
	at net.minecraft.server.Main.main(Main.java:166) ~[server-1.20.1-20230612.114412-srg.jar%23473!/:?]
	at jdk.internal.reflect.NativeMethodAccessorImpl.invoke0(Native Method) ~[?:?]
	at jdk.internal.reflect.NativeMethodAccessorImpl.invoke(NativeMethodAccessorImpl.java:77) ~[?:?]
	at jdk.internal.reflect.DelegatingMethodAccessorImpl.invoke(DelegatingMethodAccessorImpl.java:43) ~[?:?]
	at java.lang.reflect.Method.invoke(Method.java:569) ~[?:?]
	at net.minecraftforge.fml.loading.targets.CommonLaunchHandler.runTarget(CommonLaunchHandler.java:111) ~[fmlloader-1.20.1-47.4.0.jar%2369!/:?]
	at net.minecraftforge.fml.loading.targets.CommonLaunchHandler.serverService(CommonLaunchHandler.java:103) ~[fmlloader-1.20.1-47.4.0.jar%2369!/:?]
	at net.minecraftforge.fml.loading.targets.CommonServerLaunchHandler.lambda$makeService$0(CommonServerLaunchHandler.java:27) ~[fmlloader-1.20.1-47.4.0.jar%2369!/:?]
	at cpw.mods.modlauncher.LaunchServiceHandlerDecorator.launch(LaunchServiceHandlerDecorator.java:30) ~[modlauncher-10.0.9.jar%2355!/:?]
	at cpw.mods.modlauncher.LaunchServiceHandler.launch(LaunchServiceHandler.java:53) ~[modlauncher-10.0.9.jar%2355!/:?]
	at cpw.mods.modlauncher.LaunchServiceHandler.launch(LaunchServiceHandler.java:71) ~[modlauncher-10.0.9.jar%2355!/:?]
	at cpw.mods.modlauncher.Launcher.run(Launcher.java:108) ~[modlauncher-10.0.9.jar%2355!/:?]
	at cpw.mods.modlauncher.Launcher.main(Launcher.java:78) ~[modlauncher-10.0.9.jar%2355!/:?]
	at cpw.mods.modlauncher.BootstrapLaunchConsumer.accept(BootstrapLaunchConsumer.java:26) ~[modlauncher-10.0.9.jar%2355!/:?]
	at cpw.mods.modlauncher.BootstrapLaunchConsumer.accept(BootstrapLaunchConsumer.java:23) ~[modlauncher-10.0.9.jar%2355!/:?]
	at cpw.mods.bootstraplauncher.BootstrapLauncher.main(BootstrapLauncher.java:141) ~[bootstraplauncher-1.1.2.jar:?]
[10Oct2025 00:16:10.089] [main/ERROR] [net.minecraft.world.item.crafting.RecipeManager/]: Parsing error loading recipe dungeons_and_combat:silver_dragon_helmet
com.google.gson.JsonSyntaxException: Unknown item 'iceandfire:armor_silver_helmet'
	at net.minecraft.world.item.crafting.ShapedRecipe.m_151280_(ShapedRecipe.java:292) ~[server-1.20.1-20230612.114412-srg.jar%23473!/:?]
	at java.util.Optional.orElseThrow(Optional.java:403) ~[?:?]
	at net.minecraft.world.item.crafting.ShapedRecipe.m_151278_(ShapedRecipe.java:291) ~[server-1.20.1-20230612.114412-srg.jar%23473!/:?]
	at net.minecraft.world.item.crafting.Ingredient.m_43919_(Ingredient.java:219) ~[server-1.20.1-20230612.114412-srg.jar%23473!/:?]
	at net.minecraftforge.common.crafting.VanillaIngredientSerializer.parse(VanillaIngredientSerializer.java:27) ~[forge-1.20.1-47.4.0-universal.jar%23478!/:?]
	at net.minecraftforge.common.crafting.CraftingHelper.getIngredient(CraftingHelper.java:148) ~[forge-1.20.1-47.4.0-universal.jar%23478!/:?]
	at net.minecraft.world.item.crafting.Ingredient.m_288218_(Ingredient.java:194) ~[server-1.20.1-20230612.114412-srg.jar%23473!/:?]
	at net.minecraft.world.item.crafting.Ingredient.m_43917_(Ingredient.java:189) ~[server-1.20.1-20230612.114412-srg.jar%23473!/:?]
	at net.minecraft.world.item.crafting.SmithingTransformRecipe$Serializer.m_6729_(SmithingTransformRecipe.java:74) ~[server-1.20.1-20230612.114412-srg.jar%23473!/:?]
	at net.minecraft.world.item.crafting.SmithingTransformRecipe$Serializer.m_6729_(SmithingTransformRecipe.java:71) ~[server-1.20.1-20230612.114412-srg.jar%23473!/:?]
	at net.minecraftforge.common.extensions.IForgeRecipeSerializer.fromJson(IForgeRecipeSerializer.java:23) ~[forge-1.20.1-47.4.0-universal.jar%23478!/:?]
	at net.minecraft.world.item.crafting.RecipeManager.fromJson(RecipeManager.java:171) ~[server-1.20.1-20230612.114412-srg.jar%23473!/:?]
	at net.minecraft.world.item.crafting.RecipeManager.m_5787_(RecipeManager.java:67) ~[server-1.20.1-20230612.114412-srg.jar%23473!/:?]
	at net.minecraft.world.item.crafting.RecipeManager.m_5787_(RecipeManager.java:34) ~[server-1.20.1-20230612.114412-srg.jar%23473!/:?]
	at net.minecraft.server.packs.resources.SimplePreparableReloadListener.m_10789_(SimplePreparableReloadListener.java:13) ~[server-1.20.1-20230612.114412-srg.jar%23473!/:?]
	at java.util.concurrent.CompletableFuture$UniAccept.tryFire(CompletableFuture.java:718) ~[?:?]
	at java.util.concurrent.CompletableFuture$Completion.run(CompletableFuture.java:482) ~[?:?]
	at net.minecraft.server.packs.resources.SimpleReloadInstance.m_143940_(SimpleReloadInstance.java:69) ~[server-1.20.1-20230612.114412-srg.jar%23473!/:?]
	at net.minecraft.Util.m_214652_(Util.java:783) ~[server-1.20.1-20230612.114412-srg.jar%23473!/:?]
	at net.minecraft.Util.m_214679_(Util.java:772) ~[server-1.20.1-20230612.114412-srg.jar%23473!/:?]
	at net.minecraft.server.Main.main(Main.java:166) ~[server-1.20.1-20230612.114412-srg.jar%23473!/:?]
	at jdk.internal.reflect.NativeMethodAccessorImpl.invoke0(Native Method) ~[?:?]
	at jdk.internal.reflect.NativeMethodAccessorImpl.invoke(NativeMethodAccessorImpl.java:77) ~[?:?]
	at jdk.internal.reflect.DelegatingMethodAccessorImpl.invoke(DelegatingMethodAccessorImpl.java:43) ~[?:?]
	at java.lang.reflect.Method.invoke(Method.java:569) ~[?:?]
	at net.minecraftforge.fml.loading.targets.CommonLaunchHandler.runTarget(CommonLaunchHandler.java:111) ~[fmlloader-1.20.1-47.4.0.jar%2369!/:?]
	at net.minecraftforge.fml.loading.targets.CommonLaunchHandler.serverService(CommonLaunchHandler.java:103) ~[fmlloader-1.20.1-47.4.0.jar%2369!/:?]
	at net.minecraftforge.fml.loading.targets.CommonServerLaunchHandler.lambda$makeService$0(CommonServerLaunchHandler.java:27) ~[fmlloader-1.20.1-47.4.0.jar%2369!/:?]
	at cpw.mods.modlauncher.LaunchServiceHandlerDecorator.launch(LaunchServiceHandlerDecorator.java:30) ~[modlauncher-10.0.9.jar%2355!/:?]
	at cpw.mods.modlauncher.LaunchServiceHandler.launch(LaunchServiceHandler.java:53) ~[modlauncher-10.0.9.jar%2355!/:?]
	at cpw.mods.modlauncher.LaunchServiceHandler.launch(LaunchServiceHandler.java:71) ~[modlauncher-10.0.9.jar%2355!/:?]
	at cpw.mods.modlauncher.Launcher.run(Launcher.java:108) ~[modlauncher-10.0.9.jar%2355!/:?]
	at cpw.mods.modlauncher.Launcher.main(Launcher.java:78) ~[modlauncher-10.0.9.jar%2355!/:?]
	at cpw.mods.modlauncher.BootstrapLaunchConsumer.accept(BootstrapLaunchConsumer.java:26) ~[modlauncher-10.0.9.jar%2355!/:?]
	at cpw.mods.modlauncher.BootstrapLaunchConsumer.accept(BootstrapLaunchConsumer.java:23) ~[modlauncher-10.0.9.jar%2355!/:?]
	at cpw.mods.bootstraplauncher.BootstrapLauncher.main(BootstrapLauncher.java:141) ~[bootstraplauncher-1.1.2.jar:?]
[10Oct2025 00:16:10.090] [main/INFO] [net.minecraft.world.item.crafting.RecipeManager/]: Skipping loading recipe collectorsreap:gummy/sweet_berries as it's serializer returned null
[10Oct2025 00:16:10.091] [main/ERROR] [net.minecraft.world.item.crafting.RecipeManager/]: Parsing error loading recipe dungeons_and_combat:dragonsteel_lightning_boots
com.google.gson.JsonSyntaxException: Unknown item 'iceandfire:dragonsteel_lightning_boots'
	at net.minecraft.world.item.crafting.ShapedRecipe.m_151280_(ShapedRecipe.java:292) ~[server-1.20.1-20230612.114412-srg.jar%23473!/:?]
	at java.util.Optional.orElseThrow(Optional.java:403) ~[?:?]
	at net.minecraft.world.item.crafting.ShapedRecipe.m_151278_(ShapedRecipe.java:291) ~[server-1.20.1-20230612.114412-srg.jar%23473!/:?]
	at net.minecraft.world.item.crafting.Ingredient.m_43919_(Ingredient.java:219) ~[server-1.20.1-20230612.114412-srg.jar%23473!/:?]
	at net.minecraftforge.common.crafting.VanillaIngredientSerializer.parse(VanillaIngredientSerializer.java:27) ~[forge-1.20.1-47.4.0-universal.jar%23478!/:?]
	at net.minecraftforge.common.crafting.CraftingHelper.getIngredient(CraftingHelper.java:148) ~[forge-1.20.1-47.4.0-universal.jar%23478!/:?]
	at net.minecraft.world.item.crafting.Ingredient.m_288218_(Ingredient.java:194) ~[server-1.20.1-20230612.114412-srg.jar%23473!/:?]
	at net.minecraft.world.item.crafting.Ingredient.m_43917_(Ingredient.java:189) ~[server-1.20.1-20230612.114412-srg.jar%23473!/:?]
	at net.minecraft.world.item.crafting.SmithingTransformRecipe$Serializer.m_6729_(SmithingTransformRecipe.java:74) ~[server-1.20.1-20230612.114412-srg.jar%23473!/:?]
	at net.minecraft.world.item.crafting.SmithingTransformRecipe$Serializer.m_6729_(SmithingTransformRecipe.java:71) ~[server-1.20.1-20230612.114412-srg.jar%23473!/:?]
	at net.minecraftforge.common.extensions.IForgeRecipeSerializer.fromJson(IForgeRecipeSerializer.java:23) ~[forge-1.20.1-47.4.0-universal.jar%23478!/:?]
	at net.minecraft.world.item.crafting.RecipeManager.fromJson(RecipeManager.java:171) ~[server-1.20.1-20230612.114412-srg.jar%23473!/:?]
	at net.minecraft.world.item.crafting.RecipeManager.m_5787_(RecipeManager.java:67) ~[server-1.20.1-20230612.114412-srg.jar%23473!/:?]
	at net.minecraft.world.item.crafting.RecipeManager.m_5787_(RecipeManager.java:34) ~[server-1.20.1-20230612.114412-srg.jar%23473!/:?]
	at net.minecraft.server.packs.resources.SimplePreparableReloadListener.m_10789_(SimplePreparableReloadListener.java:13) ~[server-1.20.1-20230612.114412-srg.jar%23473!/:?]
	at java.util.concurrent.CompletableFuture$UniAccept.tryFire(CompletableFuture.java:718) ~[?:?]
	at java.util.concurrent.CompletableFuture$Completion.run(CompletableFuture.java:482) ~[?:?]
	at net.minecraft.server.packs.resources.SimpleReloadInstance.m_143940_(SimpleReloadInstance.java:69) ~[server-1.20.1-20230612.114412-srg.jar%23473!/:?]
	at net.minecraft.Util.m_214652_(Util.java:783) ~[server-1.20.1-20230612.114412-srg.jar%23473!/:?]
	at net.minecraft.Util.m_214679_(Util.java:772) ~[server-1.20.1-20230612.114412-srg.jar%23473!/:?]
	at net.minecraft.server.Main.main(Main.java:166) ~[server-1.20.1-20230612.114412-srg.jar%23473!/:?]
	at jdk.internal.reflect.NativeMethodAccessorImpl.invoke0(Native Method) ~[?:?]
	at jdk.internal.reflect.NativeMethodAccessorImpl.invoke(NativeMethodAccessorImpl.java:77) ~[?:?]
	at jdk.internal.reflect.DelegatingMethodAccessorImpl.invoke(DelegatingMethodAccessorImpl.java:43) ~[?:?]
	at java.lang.reflect.Method.invoke(Method.java:569) ~[?:?]
	at net.minecraftforge.fml.loading.targets.CommonLaunchHandler.runTarget(CommonLaunchHandler.java:111) ~[fmlloader-1.20.1-47.4.0.jar%2369!/:?]
	at net.minecraftforge.fml.loading.targets.CommonLaunchHandler.serverService(CommonLaunchHandler.java:103) ~[fmlloader-1.20.1-47.4.0.jar%2369!/:?]
	at net.minecraftforge.fml.loading.targets.CommonServerLaunchHandler.lambda$makeService$0(CommonServerLaunchHandler.java:27) ~[fmlloader-1.20.1-47.4.0.jar%2369!/:?]
	at cpw.mods.modlauncher.LaunchServiceHandlerDecorator.launch(LaunchServiceHandlerDecorator.java:30) ~[modlauncher-10.0.9.jar%2355!/:?]
	at cpw.mods.modlauncher.LaunchServiceHandler.launch(LaunchServiceHandler.java:53) ~[modlauncher-10.0.9.jar%2355!/:?]
	at cpw.mods.modlauncher.LaunchServiceHandler.launch(LaunchServiceHandler.java:71) ~[modlauncher-10.0.9.jar%2355!/:?]
	at cpw.mods.modlauncher.Launcher.run(Launcher.java:108) ~[modlauncher-10.0.9.jar%2355!/:?]
	at cpw.mods.modlauncher.Launcher.main(Launcher.java:78) ~[modlauncher-10.0.9.jar%2355!/:?]
	at cpw.mods.modlauncher.BootstrapLaunchConsumer.accept(BootstrapLaunchConsumer.java:26) ~[modlauncher-10.0.9.jar%2355!/:?]
	at cpw.mods.modlauncher.BootstrapLaunchConsumer.accept(BootstrapLaunchConsumer.java:23) ~[modlauncher-10.0.9.jar%2355!/:?]
	at cpw.mods.bootstraplauncher.BootstrapLauncher.main(BootstrapLauncher.java:141) ~[bootstraplauncher-1.1.2.jar:?]
[10Oct2025 00:16:10.093] [main/INFO] [net.minecraft.world.item.crafting.RecipeManager/]: Skipping loading recipe expanded_combat:gold_crossbow_120_smithing as it's serializer returned null
[10Oct2025 00:16:10.093] [main/ERROR] [net.minecraft.world.item.crafting.RecipeManager/]: Parsing error loading recipe dungeons_and_combat:gray_boots
com.google.gson.JsonSyntaxException: Unknown item 'iceandfire:armor_gray_boots'
	at net.minecraft.world.item.crafting.ShapedRecipe.m_151280_(ShapedRecipe.java:292) ~[server-1.20.1-20230612.114412-srg.jar%23473!/:?]
	at java.util.Optional.orElseThrow(Optional.java:403) ~[?:?]
	at net.minecraft.world.item.crafting.ShapedRecipe.m_151278_(ShapedRecipe.java:291) ~[server-1.20.1-20230612.114412-srg.jar%23473!/:?]
	at net.minecraft.world.item.crafting.Ingredient.m_43919_(Ingredient.java:219) ~[server-1.20.1-20230612.114412-srg.jar%23473!/:?]
	at net.minecraftforge.common.crafting.VanillaIngredientSerializer.parse(VanillaIngredientSerializer.java:27) ~[forge-1.20.1-47.4.0-universal.jar%23478!/:?]
	at net.minecraftforge.common.crafting.CraftingHelper.getIngredient(CraftingHelper.java:148) ~[forge-1.20.1-47.4.0-universal.jar%23478!/:?]
	at net.minecraft.world.item.crafting.Ingredient.m_288218_(Ingredient.java:194) ~[server-1.20.1-20230612.114412-srg.jar%23473!/:?]
	at net.minecraft.world.item.crafting.Ingredient.m_43917_(Ingredient.java:189) ~[server-1.20.1-20230612.114412-srg.jar%23473!/:?]
	at net.minecraft.world.item.crafting.SmithingTransformRecipe$Serializer.m_6729_(SmithingTransformRecipe.java:74) ~[server-1.20.1-20230612.114412-srg.jar%23473!/:?]
	at net.minecraft.world.item.crafting.SmithingTransformRecipe$Serializer.m_6729_(SmithingTransformRecipe.java:71) ~[server-1.20.1-20230612.114412-srg.jar%23473!/:?]
	at net.minecraftforge.common.extensions.IForgeRecipeSerializer.fromJson(IForgeRecipeSerializer.java:23) ~[forge-1.20.1-47.4.0-universal.jar%23478!/:?]
	at net.minecraft.world.item.crafting.RecipeManager.fromJson(RecipeManager.java:171) ~[server-1.20.1-20230612.114412-srg.jar%23473!/:?]
	at net.minecraft.world.item.crafting.RecipeManager.m_5787_(RecipeManager.java:67) ~[server-1.20.1-20230612.114412-srg.jar%23473!/:?]
	at net.minecraft.world.item.crafting.RecipeManager.m_5787_(RecipeManager.java:34) ~[server-1.20.1-20230612.114412-srg.jar%23473!/:?]
	at net.minecraft.server.packs.resources.SimplePreparableReloadListener.m_10789_(SimplePreparableReloadListener.java:13) ~[server-1.20.1-20230612.114412-srg.jar%23473!/:?]
	at java.util.concurrent.CompletableFuture$UniAccept.tryFire(CompletableFuture.java:718) ~[?:?]
	at java.util.concurrent.CompletableFuture$Completion.run(CompletableFuture.java:482) ~[?:?]
	at net.minecraft.server.packs.resources.SimpleReloadInstance.m_143940_(SimpleReloadInstance.java:69) ~[server-1.20.1-20230612.114412-srg.jar%23473!/:?]
	at net.minecraft.Util.m_214652_(Util.java:783) ~[server-1.20.1-20230612.114412-srg.jar%23473!/:?]
	at net.minecraft.Util.m_214679_(Util.java:772) ~[server-1.20.1-20230612.114412-srg.jar%23473!/:?]
	at net.minecraft.server.Main.main(Main.java:166) ~[server-1.20.1-20230612.114412-srg.jar%23473!/:?]
	at jdk.internal.reflect.NativeMethodAccessorImpl.invoke0(Native Method) ~[?:?]
	at jdk.internal.reflect.NativeMethodAccessorImpl.invoke(NativeMethodAccessorImpl.java:77) ~[?:?]
	at jdk.internal.reflect.DelegatingMethodAccessorImpl.invoke(DelegatingMethodAccessorImpl.java:43) ~[?:?]
	at java.lang.reflect.Method.invoke(Method.java:569) ~[?:?]
	at net.minecraftforge.fml.loading.targets.CommonLaunchHandler.runTarget(CommonLaunchHandler.java:111) ~[fmlloader-1.20.1-47.4.0.jar%2369!/:?]
	at net.minecraftforge.fml.loading.targets.CommonLaunchHandler.serverService(CommonLaunchHandler.java:103) ~[fmlloader-1.20.1-47.4.0.jar%2369!/:?]
	at net.minecraftforge.fml.loading.targets.CommonServerLaunchHandler.lambda$makeService$0(CommonServerLaunchHandler.java:27) ~[fmlloader-1.20.1-47.4.0.jar%2369!/:?]
	at cpw.mods.modlauncher.LaunchServiceHandlerDecorator.launch(LaunchServiceHandlerDecorator.java:30) ~[modlauncher-10.0.9.jar%2355!/:?]
	at cpw.mods.modlauncher.LaunchServiceHandler.launch(LaunchServiceHandler.java:53) ~[modlauncher-10.0.9.jar%2355!/:?]
	at cpw.mods.modlauncher.LaunchServiceHandler.launch(LaunchServiceHandler.java:71) ~[modlauncher-10.0.9.jar%2355!/:?]
	at cpw.mods.modlauncher.Launcher.run(Launcher.java:108) ~[modlauncher-10.0.9.jar%2355!/:?]
	at cpw.mods.modlauncher.Launcher.main(Launcher.java:78) ~[modlauncher-10.0.9.jar%2355!/:?]
	at cpw.mods.modlauncher.BootstrapLaunchConsumer.accept(BootstrapLaunchConsumer.java:26) ~[modlauncher-10.0.9.jar%2355!/:?]
	at cpw.mods.modlauncher.BootstrapLaunchConsumer.accept(BootstrapLaunchConsumer.java:23) ~[modlauncher-10.0.9.jar%2355!/:?]
	at cpw.mods.bootstraplauncher.BootstrapLauncher.main(BootstrapLauncher.java:141) ~[bootstraplauncher-1.1.2.jar:?]
[10Oct2025 00:16:10.106] [main/ERROR] [net.minecraft.world.item.crafting.RecipeManager/]: Parsing error loading recipe dungeons_and_combat:dragonsteel_fire_recipe_greatsword
com.google.gson.JsonSyntaxException: Unknown item 'iceandfire:dragonsteel_fire_ingot'
	at net.minecraft.world.item.crafting.ShapedRecipe.m_151280_(ShapedRecipe.java:292) ~[server-1.20.1-20230612.114412-srg.jar%23473!/:?]
	at java.util.Optional.orElseThrow(Optional.java:403) ~[?:?]
	at net.minecraft.world.item.crafting.ShapedRecipe.m_151278_(ShapedRecipe.java:291) ~[server-1.20.1-20230612.114412-srg.jar%23473!/:?]
	at net.minecraft.world.item.crafting.Ingredient.m_43919_(Ingredient.java:219) ~[server-1.20.1-20230612.114412-srg.jar%23473!/:?]
	at net.minecraftforge.common.crafting.VanillaIngredientSerializer.parse(VanillaIngredientSerializer.java:27) ~[forge-1.20.1-47.4.0-universal.jar%23478!/:?]
	at net.minecraftforge.common.crafting.CraftingHelper.getIngredient(CraftingHelper.java:148) ~[forge-1.20.1-47.4.0-universal.jar%23478!/:?]
	at net.minecraft.world.item.crafting.Ingredient.m_288218_(Ingredient.java:194) ~[server-1.20.1-20230612.114412-srg.jar%23473!/:?]
	at net.minecraft.world.item.crafting.ShapedRecipe.m_44210_(ShapedRecipe.java:278) ~[server-1.20.1-20230612.114412-srg.jar%23473!/:?]
	at net.minecraft.world.item.crafting.ShapedRecipe$Serializer.m_6729_(ShapedRecipe.java:306) ~[server-1.20.1-20230612.114412-srg.jar%23473!/:?]
	at net.minecraft.world.item.crafting.ShapedRecipe$Serializer.m_6729_(ShapedRecipe.java:301) ~[server-1.20.1-20230612.114412-srg.jar%23473!/:?]
	at net.minecraftforge.common.extensions.IForgeRecipeSerializer.fromJson(IForgeRecipeSerializer.java:23) ~[forge-1.20.1-47.4.0-universal.jar%23478!/:?]
	at net.minecraft.world.item.crafting.RecipeManager.fromJson(RecipeManager.java:171) ~[server-1.20.1-20230612.114412-srg.jar%23473!/:?]
	at net.minecraft.world.item.crafting.RecipeManager.m_5787_(RecipeManager.java:67) ~[server-1.20.1-20230612.114412-srg.jar%23473!/:?]
	at net.minecraft.world.item.crafting.RecipeManager.m_5787_(RecipeManager.java:34) ~[server-1.20.1-20230612.114412-srg.jar%23473!/:?]
	at net.minecraft.server.packs.resources.SimplePreparableReloadListener.m_10789_(SimplePreparableReloadListener.java:13) ~[server-1.20.1-20230612.114412-srg.jar%23473!/:?]
	at java.util.concurrent.CompletableFuture$UniAccept.tryFire(CompletableFuture.java:718) ~[?:?]
	at java.util.concurrent.CompletableFuture$Completion.run(CompletableFuture.java:482) ~[?:?]
	at net.minecraft.server.packs.resources.SimpleReloadInstance.m_143940_(SimpleReloadInstance.java:69) ~[server-1.20.1-20230612.114412-srg.jar%23473!/:?]
	at net.minecraft.Util.m_214652_(Util.java:783) ~[server-1.20.1-20230612.114412-srg.jar%23473!/:?]
	at net.minecraft.Util.m_214679_(Util.java:772) ~[server-1.20.1-20230612.114412-srg.jar%23473!/:?]
	at net.minecraft.server.Main.main(Main.java:166) ~[server-1.20.1-20230612.114412-srg.jar%23473!/:?]
	at jdk.internal.reflect.NativeMethodAccessorImpl.invoke0(Native Method) ~[?:?]
	at jdk.internal.reflect.NativeMethodAccessorImpl.invoke(NativeMethodAccessorImpl.java:77) ~[?:?]
	at jdk.internal.reflect.DelegatingMethodAccessorImpl.invoke(DelegatingMethodAccessorImpl.java:43) ~[?:?]
	at java.lang.reflect.Method.invoke(Method.java:569) ~[?:?]
	at net.minecraftforge.fml.loading.targets.CommonLaunchHandler.runTarget(CommonLaunchHandler.java:111) ~[fmlloader-1.20.1-47.4.0.jar%2369!/:?]
	at net.minecraftforge.fml.loading.targets.CommonLaunchHandler.serverService(CommonLaunchHandler.java:103) ~[fmlloader-1.20.1-47.4.0.jar%2369!/:?]
	at net.minecraftforge.fml.loading.targets.CommonServerLaunchHandler.lambda$makeService$0(CommonServerLaunchHandler.java:27) ~[fmlloader-1.20.1-47.4.0.jar%2369!/:?]
	at cpw.mods.modlauncher.LaunchServiceHandlerDecorator.launch(LaunchServiceHandlerDecorator.java:30) ~[modlauncher-10.0.9.jar%2355!/:?]
	at cpw.mods.modlauncher.LaunchServiceHandler.launch(LaunchServiceHandler.java:53) ~[modlauncher-10.0.9.jar%2355!/:?]
	at cpw.mods.modlauncher.LaunchServiceHandler.launch(LaunchServiceHandler.java:71) ~[modlauncher-10.0.9.jar%2355!/:?]
	at cpw.mods.modlauncher.Launcher.run(Launcher.java:108) ~[modlauncher-10.0.9.jar%2355!/:?]
	at cpw.mods.modlauncher.Launcher.main(Launcher.java:78) ~[modlauncher-10.0.9.jar%2355!/:?]
	at cpw.mods.modlauncher.BootstrapLaunchConsumer.accept(BootstrapLaunchConsumer.java:26) ~[modlauncher-10.0.9.jar%2355!/:?]
	at cpw.mods.modlauncher.BootstrapLaunchConsumer.accept(BootstrapLaunchConsumer.java:23) ~[modlauncher-10.0.9.jar%2355!/:?]
	at cpw.mods.bootstraplauncher.BootstrapLauncher.main(BootstrapLauncher.java:141) ~[bootstraplauncher-1.1.2.jar:?]
[10Oct2025 00:16:10.110] [main/INFO] [net.minecraft.world.item.crafting.RecipeManager/]: Skipping loading recipe expanded_combat:netherite_gauntlet_shaped as it's serializer returned null
[10Oct2025 00:16:10.110] [main/ERROR] [net.minecraft.world.item.crafting.RecipeManager/]: Parsing error loading recipe dungeons_and_combat:amethyst_chestplate
com.google.gson.JsonSyntaxException: Unknown item 'iceandfire:armor_amythest_chestplate'
	at net.minecraft.world.item.crafting.ShapedRecipe.m_151280_(ShapedRecipe.java:292) ~[server-1.20.1-20230612.114412-srg.jar%23473!/:?]
	at java.util.Optional.orElseThrow(Optional.java:403) ~[?:?]
	at net.minecraft.world.item.crafting.ShapedRecipe.m_151278_(ShapedRecipe.java:291) ~[server-1.20.1-20230612.114412-srg.jar%23473!/:?]
	at net.minecraft.world.item.crafting.Ingredient.m_43919_(Ingredient.java:219) ~[server-1.20.1-20230612.114412-srg.jar%23473!/:?]
	at net.minecraftforge.common.crafting.VanillaIngredientSerializer.parse(VanillaIngredientSerializer.java:27) ~[forge-1.20.1-47.4.0-universal.jar%23478!/:?]
	at net.minecraftforge.common.crafting.CraftingHelper.getIngredient(CraftingHelper.java:148) ~[forge-1.20.1-47.4.0-universal.jar%23478!/:?]
	at net.minecraft.world.item.crafting.Ingredient.m_288218_(Ingredient.java:194) ~[server-1.20.1-20230612.114412-srg.jar%23473!/:?]
	at net.minecraft.world.item.crafting.Ingredient.m_43917_(Ingredient.java:189) ~[server-1.20.1-20230612.114412-srg.jar%23473!/:?]
	at net.minecraft.world.item.crafting.SmithingTransformRecipe$Serializer.m_6729_(SmithingTransformRecipe.java:74) ~[server-1.20.1-20230612.114412-srg.jar%23473!/:?]
	at net.minecraft.world.item.crafting.SmithingTransformRecipe$Serializer.m_6729_(SmithingTransformRecipe.java:71) ~[server-1.20.1-20230612.114412-srg.jar%23473!/:?]
	at net.minecraftforge.common.extensions.IForgeRecipeSerializer.fromJson(IForgeRecipeSerializer.java:23) ~[forge-1.20.1-47.4.0-universal.jar%23478!/:?]
	at net.minecraft.world.item.crafting.RecipeManager.fromJson(RecipeManager.java:171) ~[server-1.20.1-20230612.114412-srg.jar%23473!/:?]
	at net.minecraft.world.item.crafting.RecipeManager.m_5787_(RecipeManager.java:67) ~[server-1.20.1-20230612.114412-srg.jar%23473!/:?]
	at net.minecraft.world.item.crafting.RecipeManager.m_5787_(RecipeManager.java:34) ~[server-1.20.1-20230612.114412-srg.jar%23473!/:?]
	at net.minecraft.server.packs.resources.SimplePreparableReloadListener.m_10789_(SimplePreparableReloadListener.java:13) ~[server-1.20.1-20230612.114412-srg.jar%23473!/:?]
	at java.util.concurrent.CompletableFuture$UniAccept.tryFire(CompletableFuture.java:718) ~[?:?]
	at java.util.concurrent.CompletableFuture$Completion.run(CompletableFuture.java:482) ~[?:?]
	at net.minecraft.server.packs.resources.SimpleReloadInstance.m_143940_(SimpleReloadInstance.java:69) ~[server-1.20.1-20230612.114412-srg.jar%23473!/:?]
	at net.minecraft.Util.m_214652_(Util.java:783) ~[server-1.20.1-20230612.114412-srg.jar%23473!/:?]
	at net.minecraft.Util.m_214679_(Util.java:772) ~[server-1.20.1-20230612.114412-srg.jar%23473!/:?]
	at net.minecraft.server.Main.main(Main.java:166) ~[server-1.20.1-20230612.114412-srg.jar%23473!/:?]
	at jdk.internal.reflect.NativeMethodAccessorImpl.invoke0(Native Method) ~[?:?]
	at jdk.internal.reflect.NativeMethodAccessorImpl.invoke(NativeMethodAccessorImpl.java:77) ~[?:?]
	at jdk.internal.reflect.DelegatingMethodAccessorImpl.invoke(DelegatingMethodAccessorImpl.java:43) ~[?:?]
	at java.lang.reflect.Method.invoke(Method.java:569) ~[?:?]
	at net.minecraftforge.fml.loading.targets.CommonLaunchHandler.runTarget(CommonLaunchHandler.java:111) ~[fmlloader-1.20.1-47.4.0.jar%2369!/:?]
	at net.minecraftforge.fml.loading.targets.CommonLaunchHandler.serverService(CommonLaunchHandler.java:103) ~[fmlloader-1.20.1-47.4.0.jar%2369!/:?]
	at net.minecraftforge.fml.loading.targets.CommonServerLaunchHandler.lambda$makeService$0(CommonServerLaunchHandler.java:27) ~[fmlloader-1.20.1-47.4.0.jar%2369!/:?]
	at cpw.mods.modlauncher.LaunchServiceHandlerDecorator.launch(LaunchServiceHandlerDecorator.java:30) ~[modlauncher-10.0.9.jar%2355!/:?]
	at cpw.mods.modlauncher.LaunchServiceHandler.launch(LaunchServiceHandler.java:53) ~[modlauncher-10.0.9.jar%2355!/:?]
	at cpw.mods.modlauncher.LaunchServiceHandler.launch(LaunchServiceHandler.java:71) ~[modlauncher-10.0.9.jar%2355!/:?]
	at cpw.mods.modlauncher.Launcher.run(Launcher.java:108) ~[modlauncher-10.0.9.jar%2355!/:?]
	at cpw.mods.modlauncher.Launcher.main(Launcher.java:78) ~[modlauncher-10.0.9.jar%2355!/:?]
	at cpw.mods.modlauncher.BootstrapLaunchConsumer.accept(BootstrapLaunchConsumer.java:26) ~[modlauncher-10.0.9.jar%2355!/:?]
	at cpw.mods.modlauncher.BootstrapLaunchConsumer.accept(BootstrapLaunchConsumer.java:23) ~[modlauncher-10.0.9.jar%2355!/:?]
	at cpw.mods.bootstraplauncher.BootstrapLauncher.main(BootstrapLauncher.java:141) ~[bootstraplauncher-1.1.2.jar:?]
[10Oct2025 00:16:10.112] [main/INFO] [net.minecraft.world.item.crafting.RecipeManager/]: Skipping loading recipe botanypots:rusticdelight/crop/coffee as it's serializer returned null
[10Oct2025 00:16:10.117] [main/ERROR] [net.minecraft.world.item.crafting.RecipeManager/]: Parsing error loading recipe dungeons_and_combat:dragon_bone_lance_recipe
com.google.gson.JsonSyntaxException: Unknown item 'iceandfire:dragonbone'
	at net.minecraft.world.item.crafting.ShapedRecipe.m_151280_(ShapedRecipe.java:292) ~[server-1.20.1-20230612.114412-srg.jar%23473!/:?]
	at java.util.Optional.orElseThrow(Optional.java:403) ~[?:?]
	at net.minecraft.world.item.crafting.ShapedRecipe.m_151278_(ShapedRecipe.java:291) ~[server-1.20.1-20230612.114412-srg.jar%23473!/:?]
	at net.minecraft.world.item.crafting.Ingredient.m_43919_(Ingredient.java:219) ~[server-1.20.1-20230612.114412-srg.jar%23473!/:?]
	at net.minecraftforge.common.crafting.VanillaIngredientSerializer.parse(VanillaIngredientSerializer.java:27) ~[forge-1.20.1-47.4.0-universal.jar%23478!/:?]
	at net.minecraftforge.common.crafting.CraftingHelper.getIngredient(CraftingHelper.java:148) ~[forge-1.20.1-47.4.0-universal.jar%23478!/:?]
	at net.minecraft.world.item.crafting.Ingredient.m_288218_(Ingredient.java:194) ~[server-1.20.1-20230612.114412-srg.jar%23473!/:?]
	at net.minecraft.world.item.crafting.ShapedRecipe.m_44210_(ShapedRecipe.java:278) ~[server-1.20.1-20230612.114412-srg.jar%23473!/:?]
	at net.minecraft.world.item.crafting.ShapedRecipe$Serializer.m_6729_(ShapedRecipe.java:306) ~[server-1.20.1-20230612.114412-srg.jar%23473!/:?]
	at net.minecraft.world.item.crafting.ShapedRecipe$Serializer.m_6729_(ShapedRecipe.java:301) ~[server-1.20.1-20230612.114412-srg.jar%23473!/:?]
	at net.minecraftforge.common.extensions.IForgeRecipeSerializer.fromJson(IForgeRecipeSerializer.java:23) ~[forge-1.20.1-47.4.0-universal.jar%23478!/:?]
	at net.minecraft.world.item.crafting.RecipeManager.fromJson(RecipeManager.java:171) ~[server-1.20.1-20230612.114412-srg.jar%23473!/:?]
	at net.minecraft.world.item.crafting.RecipeManager.m_5787_(RecipeManager.java:67) ~[server-1.20.1-20230612.114412-srg.jar%23473!/:?]
	at net.minecraft.world.item.crafting.RecipeManager.m_5787_(RecipeManager.java:34) ~[server-1.20.1-20230612.114412-srg.jar%23473!/:?]
	at net.minecraft.server.packs.resources.SimplePreparableReloadListener.m_10789_(SimplePreparableReloadListener.java:13) ~[server-1.20.1-20230612.114412-srg.jar%23473!/:?]
	at java.util.concurrent.CompletableFuture$UniAccept.tryFire(CompletableFuture.java:718) ~[?:?]
	at java.util.concurrent.CompletableFuture$Completion.run(CompletableFuture.java:482) ~[?:?]
	at net.minecraft.server.packs.resources.SimpleReloadInstance.m_143940_(SimpleReloadInstance.java:69) ~[server-1.20.1-20230612.114412-srg.jar%23473!/:?]
	at net.minecraft.Util.m_214652_(Util.java:783) ~[server-1.20.1-20230612.114412-srg.jar%23473!/:?]
	at net.minecraft.Util.m_214679_(Util.java:772) ~[server-1.20.1-20230612.114412-srg.jar%23473!/:?]
	at net.minecraft.server.Main.main(Main.java:166) ~[server-1.20.1-20230612.114412-srg.jar%23473!/:?]
	at jdk.internal.reflect.NativeMethodAccessorImpl.invoke0(Native Method) ~[?:?]
	at jdk.internal.reflect.NativeMethodAccessorImpl.invoke(NativeMethodAccessorImpl.java:77) ~[?:?]
	at jdk.internal.reflect.DelegatingMethodAccessorImpl.invoke(DelegatingMethodAccessorImpl.java:43) ~[?:?]
	at java.lang.reflect.Method.invoke(Method.java:569) ~[?:?]
	at net.minecraftforge.fml.loading.targets.CommonLaunchHandler.runTarget(CommonLaunchHandler.java:111) ~[fmlloader-1.20.1-47.4.0.jar%2369!/:?]
	at net.minecraftforge.fml.loading.targets.CommonLaunchHandler.serverService(CommonLaunchHandler.java:103) ~[fmlloader-1.20.1-47.4.0.jar%2369!/:?]
	at net.minecraftforge.fml.loading.targets.CommonServerLaunchHandler.lambda$makeService$0(CommonServerLaunchHandler.java:27) ~[fmlloader-1.20.1-47.4.0.jar%2369!/:?]
	at cpw.mods.modlauncher.LaunchServiceHandlerDecorator.launch(LaunchServiceHandlerDecorator.java:30) ~[modlauncher-10.0.9.jar%2355!/:?]
	at cpw.mods.modlauncher.LaunchServiceHandler.launch(LaunchServiceHandler.java:53) ~[modlauncher-10.0.9.jar%2355!/:?]
	at cpw.mods.modlauncher.LaunchServiceHandler.launch(LaunchServiceHandler.java:71) ~[modlauncher-10.0.9.jar%2355!/:?]
	at cpw.mods.modlauncher.Launcher.run(Launcher.java:108) ~[modlauncher-10.0.9.jar%2355!/:?]
	at cpw.mods.modlauncher.Launcher.main(Launcher.java:78) ~[modlauncher-10.0.9.jar%2355!/:?]
	at cpw.mods.modlauncher.BootstrapLaunchConsumer.accept(BootstrapLaunchConsumer.java:26) ~[modlauncher-10.0.9.jar%2355!/:?]
	at cpw.mods.modlauncher.BootstrapLaunchConsumer.accept(BootstrapLaunchConsumer.java:23) ~[modlauncher-10.0.9.jar%2355!/:?]
	at cpw.mods.bootstraplauncher.BootstrapLauncher.main(BootstrapLauncher.java:141) ~[bootstraplauncher-1.1.2.jar:?]
[10Oct2025 00:16:10.119] [main/INFO] [net.minecraft.world.item.crafting.RecipeManager/]: Skipping loading recipe collectorsreap:pouring/lime_green_tea as it's serializer returned null
[10Oct2025 00:16:10.122] [main/ERROR] [net.minecraft.world.item.crafting.RecipeManager/]: Parsing error loading recipe dungeons_and_combat:dragonsteel_fire_recipe_long_sword
com.google.gson.JsonSyntaxException: Unknown item 'iceandfire:dragonsteel_fire_ingot'
	at net.minecraft.world.item.crafting.ShapedRecipe.m_151280_(ShapedRecipe.java:292) ~[server-1.20.1-20230612.114412-srg.jar%23473!/:?]
	at java.util.Optional.orElseThrow(Optional.java:403) ~[?:?]
	at net.minecraft.world.item.crafting.ShapedRecipe.m_151278_(ShapedRecipe.java:291) ~[server-1.20.1-20230612.114412-srg.jar%23473!/:?]
	at net.minecraft.world.item.crafting.Ingredient.m_43919_(Ingredient.java:219) ~[server-1.20.1-20230612.114412-srg.jar%23473!/:?]
	at net.minecraftforge.common.crafting.VanillaIngredientSerializer.parse(VanillaIngredientSerializer.java:27) ~[forge-1.20.1-47.4.0-universal.jar%23478!/:?]
	at net.minecraftforge.common.crafting.CraftingHelper.getIngredient(CraftingHelper.java:148) ~[forge-1.20.1-47.4.0-universal.jar%23478!/:?]
	at net.minecraft.world.item.crafting.Ingredient.m_288218_(Ingredient.java:194) ~[server-1.20.1-20230612.114412-srg.jar%23473!/:?]
	at net.minecraft.world.item.crafting.ShapedRecipe.m_44210_(ShapedRecipe.java:278) ~[server-1.20.1-20230612.114412-srg.jar%23473!/:?]
	at net.minecraft.world.item.crafting.ShapedRecipe$Serializer.m_6729_(ShapedRecipe.java:306) ~[server-1.20.1-20230612.114412-srg.jar%23473!/:?]
	at net.minecraft.world.item.crafting.ShapedRecipe$Serializer.m_6729_(ShapedRecipe.java:301) ~[server-1.20.1-20230612.114412-srg.jar%23473!/:?]
	at net.minecraftforge.common.extensions.IForgeRecipeSerializer.fromJson(IForgeRecipeSerializer.java:23) ~[forge-1.20.1-47.4.0-universal.jar%23478!/:?]
	at net.minecraft.world.item.crafting.RecipeManager.fromJson(RecipeManager.java:171) ~[server-1.20.1-20230612.114412-srg.jar%23473!/:?]
	at net.minecraft.world.item.crafting.RecipeManager.m_5787_(RecipeManager.java:67) ~[server-1.20.1-20230612.114412-srg.jar%23473!/:?]
	at net.minecraft.world.item.crafting.RecipeManager.m_5787_(RecipeManager.java:34) ~[server-1.20.1-20230612.114412-srg.jar%23473!/:?]
	at net.minecraft.server.packs.resources.SimplePreparableReloadListener.m_10789_(SimplePreparableReloadListener.java:13) ~[server-1.20.1-20230612.114412-srg.jar%23473!/:?]
	at java.util.concurrent.CompletableFuture$UniAccept.tryFire(CompletableFuture.java:718) ~[?:?]
	at java.util.concurrent.CompletableFuture$Completion.run(CompletableFuture.java:482) ~[?:?]
	at net.minecraft.server.packs.resources.SimpleReloadInstance.m_143940_(SimpleReloadInstance.java:69) ~[server-1.20.1-20230612.114412-srg.jar%23473!/:?]
	at net.minecraft.Util.m_214652_(Util.java:783) ~[server-1.20.1-20230612.114412-srg.jar%23473!/:?]
	at net.minecraft.Util.m_214679_(Util.java:772) ~[server-1.20.1-20230612.114412-srg.jar%23473!/:?]
	at net.minecraft.server.Main.main(Main.java:166) ~[server-1.20.1-20230612.114412-srg.jar%23473!/:?]
	at jdk.internal.reflect.NativeMethodAccessorImpl.invoke0(Native Method) ~[?:?]
	at jdk.internal.reflect.NativeMethodAccessorImpl.invoke(NativeMethodAccessorImpl.java:77) ~[?:?]
	at jdk.internal.reflect.DelegatingMethodAccessorImpl.invoke(DelegatingMethodAccessorImpl.java:43) ~[?:?]
	at java.lang.reflect.Method.invoke(Method.java:569) ~[?:?]
	at net.minecraftforge.fml.loading.targets.CommonLaunchHandler.runTarget(CommonLaunchHandler.java:111) ~[fmlloader-1.20.1-47.4.0.jar%2369!/:?]
	at net.minecraftforge.fml.loading.targets.CommonLaunchHandler.serverService(CommonLaunchHandler.java:103) ~[fmlloader-1.20.1-47.4.0.jar%2369!/:?]
	at net.minecraftforge.fml.loading.targets.CommonServerLaunchHandler.lambda$makeService$0(CommonServerLaunchHandler.java:27) ~[fmlloader-1.20.1-47.4.0.jar%2369!/:?]
	at cpw.mods.modlauncher.LaunchServiceHandlerDecorator.launch(LaunchServiceHandlerDecorator.java:30) ~[modlauncher-10.0.9.jar%2355!/:?]
	at cpw.mods.modlauncher.LaunchServiceHandler.launch(LaunchServiceHandler.java:53) ~[modlauncher-10.0.9.jar%2355!/:?]
	at cpw.mods.modlauncher.LaunchServiceHandler.launch(LaunchServiceHandler.java:71) ~[modlauncher-10.0.9.jar%2355!/:?]
	at cpw.mods.modlauncher.Launcher.run(Launcher.java:108) ~[modlauncher-10.0.9.jar%2355!/:?]
	at cpw.mods.modlauncher.Launcher.main(Launcher.java:78) ~[modlauncher-10.0.9.jar%2355!/:?]
	at cpw.mods.modlauncher.BootstrapLaunchConsumer.accept(BootstrapLaunchConsumer.java:26) ~[modlauncher-10.0.9.jar%2355!/:?]
	at cpw.mods.modlauncher.BootstrapLaunchConsumer.accept(BootstrapLaunchConsumer.java:23) ~[modlauncher-10.0.9.jar%2355!/:?]
	at cpw.mods.bootstraplauncher.BootstrapLauncher.main(BootstrapLauncher.java:141) ~[bootstraplauncher-1.1.2.jar:?]
[10Oct2025 00:16:10.206] [main/INFO] [net.minecraft.world.item.crafting.RecipeManager/]: Skipping loading recipe collectorsreap:food/portobello_quiche as it's serializer returned null
[10Oct2025 00:16:10.207] [main/ERROR] [net.minecraft.world.item.crafting.RecipeManager/]: Parsing error loading recipe dungeons_and_combat:dragonsteel_ice_chestplate
com.google.gson.JsonSyntaxException: Unknown item 'iceandfire:dragonsteel_ice_chestplate'
	at net.minecraft.world.item.crafting.ShapedRecipe.m_151280_(ShapedRecipe.java:292) ~[server-1.20.1-20230612.114412-srg.jar%23473!/:?]
	at java.util.Optional.orElseThrow(Optional.java:403) ~[?:?]
	at net.minecraft.world.item.crafting.ShapedRecipe.m_151278_(ShapedRecipe.java:291) ~[server-1.20.1-20230612.114412-srg.jar%23473!/:?]
	at net.minecraft.world.item.crafting.Ingredient.m_43919_(Ingredient.java:219) ~[server-1.20.1-20230612.114412-srg.jar%23473!/:?]
	at net.minecraftforge.common.crafting.VanillaIngredientSerializer.parse(VanillaIngredientSerializer.java:27) ~[forge-1.20.1-47.4.0-universal.jar%23478!/:?]
	at net.minecraftforge.common.crafting.CraftingHelper.getIngredient(CraftingHelper.java:148) ~[forge-1.20.1-47.4.0-universal.jar%23478!/:?]
	at net.minecraft.world.item.crafting.Ingredient.m_288218_(Ingredient.java:194) ~[server-1.20.1-20230612.114412-srg.jar%23473!/:?]
	at net.minecraft.world.item.crafting.Ingredient.m_43917_(Ingredient.java:189) ~[server-1.20.1-20230612.114412-srg.jar%23473!/:?]
	at net.minecraft.world.item.crafting.SmithingTransformRecipe$Serializer.m_6729_(SmithingTransformRecipe.java:74) ~[server-1.20.1-20230612.114412-srg.jar%23473!/:?]
	at net.minecraft.world.item.crafting.SmithingTransformRecipe$Serializer.m_6729_(SmithingTransformRecipe.java:71) ~[server-1.20.1-20230612.114412-srg.jar%23473!/:?]
	at net.minecraftforge.common.extensions.IForgeRecipeSerializer.fromJson(IForgeRecipeSerializer.java:23) ~[forge-1.20.1-47.4.0-universal.jar%23478!/:?]
	at net.minecraft.world.item.crafting.RecipeManager.fromJson(RecipeManager.java:171) ~[server-1.20.1-20230612.114412-srg.jar%23473!/:?]
	at net.minecraft.world.item.crafting.RecipeManager.m_5787_(RecipeManager.java:67) ~[server-1.20.1-20230612.114412-srg.jar%23473!/:?]
	at net.minecraft.world.item.crafting.RecipeManager.m_5787_(RecipeManager.java:34) ~[server-1.20.1-20230612.114412-srg.jar%23473!/:?]
	at net.minecraft.server.packs.resources.SimplePreparableReloadListener.m_10789_(SimplePreparableReloadListener.java:13) ~[server-1.20.1-20230612.114412-srg.jar%23473!/:?]
	at java.util.concurrent.CompletableFuture$UniAccept.tryFire(CompletableFuture.java:718) ~[?:?]
	at java.util.concurrent.CompletableFuture$Completion.run(CompletableFuture.java:482) ~[?:?]
	at net.minecraft.server.packs.resources.SimpleReloadInstance.m_143940_(SimpleReloadInstance.java:69) ~[server-1.20.1-20230612.114412-srg.jar%23473!/:?]
	at net.minecraft.Util.m_214652_(Util.java:783) ~[server-1.20.1-20230612.114412-srg.jar%23473!/:?]
	at net.minecraft.Util.m_214679_(Util.java:772) ~[server-1.20.1-20230612.114412-srg.jar%23473!/:?]
	at net.minecraft.server.Main.main(Main.java:166) ~[server-1.20.1-20230612.114412-srg.jar%23473!/:?]
	at jdk.internal.reflect.NativeMethodAccessorImpl.invoke0(Native Method) ~[?:?]
	at jdk.internal.reflect.NativeMethodAccessorImpl.invoke(NativeMethodAccessorImpl.java:77) ~[?:?]
	at jdk.internal.reflect.DelegatingMethodAccessorImpl.invoke(DelegatingMethodAccessorImpl.java:43) ~[?:?]
	at java.lang.reflect.Method.invoke(Method.java:569) ~[?:?]
	at net.minecraftforge.fml.loading.targets.CommonLaunchHandler.runTarget(CommonLaunchHandler.java:111) ~[fmlloader-1.20.1-47.4.0.jar%2369!/:?]
	at net.minecraftforge.fml.loading.targets.CommonLaunchHandler.serverService(CommonLaunchHandler.java:103) ~[fmlloader-1.20.1-47.4.0.jar%2369!/:?]
	at net.minecraftforge.fml.loading.targets.CommonServerLaunchHandler.lambda$makeService$0(CommonServerLaunchHandler.java:27) ~[fmlloader-1.20.1-47.4.0.jar%2369!/:?]
	at cpw.mods.modlauncher.LaunchServiceHandlerDecorator.launch(LaunchServiceHandlerDecorator.java:30) ~[modlauncher-10.0.9.jar%2355!/:?]
	at cpw.mods.modlauncher.LaunchServiceHandler.launch(LaunchServiceHandler.java:53) ~[modlauncher-10.0.9.jar%2355!/:?]
	at cpw.mods.modlauncher.LaunchServiceHandler.launch(LaunchServiceHandler.java:71) ~[modlauncher-10.0.9.jar%2355!/:?]
	at cpw.mods.modlauncher.Launcher.run(Launcher.java:108) ~[modlauncher-10.0.9.jar%2355!/:?]
	at cpw.mods.modlauncher.Launcher.main(Launcher.java:78) ~[modlauncher-10.0.9.jar%2355!/:?]
	at cpw.mods.modlauncher.BootstrapLaunchConsumer.accept(BootstrapLaunchConsumer.java:26) ~[modlauncher-10.0.9.jar%2355!/:?]
	at cpw.mods.modlauncher.BootstrapLaunchConsumer.accept(BootstrapLaunchConsumer.java:23) ~[modlauncher-10.0.9.jar%2355!/:?]
	at cpw.mods.bootstraplauncher.BootstrapLauncher.main(BootstrapLauncher.java:141) ~[bootstraplauncher-1.1.2.jar:?]
[10Oct2025 00:16:10.215] [main/ERROR] [net.minecraft.world.item.crafting.RecipeManager/]: Parsing error loading recipe dacxirons:crimson_cloth
com.google.gson.JsonSyntaxException: Unknown item 'dungeons_and_combat:divine_blood_vial'
	at net.minecraft.world.item.crafting.ShapedRecipe.m_151280_(ShapedRecipe.java:292) ~[server-1.20.1-20230612.114412-srg.jar%23473!/:?]
	at java.util.Optional.orElseThrow(Optional.java:403) ~[?:?]
	at net.minecraft.world.item.crafting.ShapedRecipe.m_151278_(ShapedRecipe.java:291) ~[server-1.20.1-20230612.114412-srg.jar%23473!/:?]
	at net.minecraft.world.item.crafting.Ingredient.m_43919_(Ingredient.java:219) ~[server-1.20.1-20230612.114412-srg.jar%23473!/:?]
	at net.minecraftforge.common.crafting.VanillaIngredientSerializer.parse(VanillaIngredientSerializer.java:27) ~[forge-1.20.1-47.4.0-universal.jar%23478!/:?]
	at net.minecraftforge.common.crafting.CraftingHelper.getIngredient(CraftingHelper.java:148) ~[forge-1.20.1-47.4.0-universal.jar%23478!/:?]
	at net.minecraft.world.item.crafting.Ingredient.m_288218_(Ingredient.java:194) ~[server-1.20.1-20230612.114412-srg.jar%23473!/:?]
	at net.minecraft.world.item.crafting.ShapedRecipe.m_44210_(ShapedRecipe.java:278) ~[server-1.20.1-20230612.114412-srg.jar%23473!/:?]
	at net.minecraft.world.item.crafting.ShapedRecipe$Serializer.m_6729_(ShapedRecipe.java:306) ~[server-1.20.1-20230612.114412-srg.jar%23473!/:?]
	at net.minecraft.world.item.crafting.ShapedRecipe$Serializer.m_6729_(ShapedRecipe.java:301) ~[server-1.20.1-20230612.114412-srg.jar%23473!/:?]
	at net.minecraftforge.common.extensions.IForgeRecipeSerializer.fromJson(IForgeRecipeSerializer.java:23) ~[forge-1.20.1-47.4.0-universal.jar%23478!/:?]
	at net.minecraft.world.item.crafting.RecipeManager.fromJson(RecipeManager.java:171) ~[server-1.20.1-20230612.114412-srg.jar%23473!/:?]
	at net.minecraft.world.item.crafting.RecipeManager.m_5787_(RecipeManager.java:67) ~[server-1.20.1-20230612.114412-srg.jar%23473!/:?]
	at net.minecraft.world.item.crafting.RecipeManager.m_5787_(RecipeManager.java:34) ~[server-1.20.1-20230612.114412-srg.jar%23473!/:?]
	at net.minecraft.server.packs.resources.SimplePreparableReloadListener.m_10789_(SimplePreparableReloadListener.java:13) ~[server-1.20.1-20230612.114412-srg.jar%23473!/:?]
	at java.util.concurrent.CompletableFuture$UniAccept.tryFire(CompletableFuture.java:718) ~[?:?]
	at java.util.concurrent.CompletableFuture$Completion.run(CompletableFuture.java:482) ~[?:?]
	at net.minecraft.server.packs.resources.SimpleReloadInstance.m_143940_(SimpleReloadInstance.java:69) ~[server-1.20.1-20230612.114412-srg.jar%23473!/:?]
	at net.minecraft.Util.m_214652_(Util.java:783) ~[server-1.20.1-20230612.114412-srg.jar%23473!/:?]
	at net.minecraft.Util.m_214679_(Util.java:772) ~[server-1.20.1-20230612.114412-srg.jar%23473!/:?]
	at net.minecraft.server.Main.main(Main.java:166) ~[server-1.20.1-20230612.114412-srg.jar%23473!/:?]
	at jdk.internal.reflect.NativeMethodAccessorImpl.invoke0(Native Method) ~[?:?]
	at jdk.internal.reflect.NativeMethodAccessorImpl.invoke(NativeMethodAccessorImpl.java:77) ~[?:?]
	at jdk.internal.reflect.DelegatingMethodAccessorImpl.invoke(DelegatingMethodAccessorImpl.java:43) ~[?:?]
	at java.lang.reflect.Method.invoke(Method.java:569) ~[?:?]
	at net.minecraftforge.fml.loading.targets.CommonLaunchHandler.runTarget(CommonLaunchHandler.java:111) ~[fmlloader-1.20.1-47.4.0.jar%2369!/:?]
	at net.minecraftforge.fml.loading.targets.CommonLaunchHandler.serverService(CommonLaunchHandler.java:103) ~[fmlloader-1.20.1-47.4.0.jar%2369!/:?]
	at net.minecraftforge.fml.loading.targets.CommonServerLaunchHandler.lambda$makeService$0(CommonServerLaunchHandler.java:27) ~[fmlloader-1.20.1-47.4.0.jar%2369!/:?]
	at cpw.mods.modlauncher.LaunchServiceHandlerDecorator.launch(LaunchServiceHandlerDecorator.java:30) ~[modlauncher-10.0.9.jar%2355!/:?]
	at cpw.mods.modlauncher.LaunchServiceHandler.launch(LaunchServiceHandler.java:53) ~[modlauncher-10.0.9.jar%2355!/:?]
	at cpw.mods.modlauncher.LaunchServiceHandler.launch(LaunchServiceHandler.java:71) ~[modlauncher-10.0.9.jar%2355!/:?]
	at cpw.mods.modlauncher.Launcher.run(Launcher.java:108) ~[modlauncher-10.0.9.jar%2355!/:?]
	at cpw.mods.modlauncher.Launcher.main(Launcher.java:78) ~[modlauncher-10.0.9.jar%2355!/:?]
	at cpw.mods.modlauncher.BootstrapLaunchConsumer.accept(BootstrapLaunchConsumer.java:26) ~[modlauncher-10.0.9.jar%2355!/:?]
	at cpw.mods.modlauncher.BootstrapLaunchConsumer.accept(BootstrapLaunchConsumer.java:23) ~[modlauncher-10.0.9.jar%2355!/:?]
	at cpw.mods.bootstraplauncher.BootstrapLauncher.main(BootstrapLauncher.java:141) ~[bootstraplauncher-1.1.2.jar:?]
[10Oct2025 00:16:10.218] [main/INFO] [net.minecraft.world.item.crafting.RecipeManager/]: Skipping loading recipe collectorsreap:gummy/pumpkin as it's serializer returned null
[10Oct2025 00:16:10.228] [main/INFO] [net.minecraft.world.item.crafting.RecipeManager/]: Skipping loading recipe twilightforest:jeed/resistance as it's serializer returned null
[10Oct2025 00:16:10.229] [main/INFO] [net.minecraft.world.item.crafting.RecipeManager/]: Skipping loading recipe collectorsreap:integration/create/mixing/gummy/mint as it's serializer returned null
[10Oct2025 00:16:10.229] [main/INFO] [net.minecraft.world.item.crafting.RecipeManager/]: Skipping loading recipe collectorsreap:gummy/yucca as it's serializer returned null
[10Oct2025 00:16:10.233] [main/ERROR] [net.minecraft.world.item.crafting.RecipeManager/]: Parsing error loading recipe dungeons_and_combat:dragonsteel_lightning_helmet
com.google.gson.JsonSyntaxException: Unknown item 'iceandfire:dragonsteel_lightning_helmet'
	at net.minecraft.world.item.crafting.ShapedRecipe.m_151280_(ShapedRecipe.java:292) ~[server-1.20.1-20230612.114412-srg.jar%23473!/:?]
	at java.util.Optional.orElseThrow(Optional.java:403) ~[?:?]
	at net.minecraft.world.item.crafting.ShapedRecipe.m_151278_(ShapedRecipe.java:291) ~[server-1.20.1-20230612.114412-srg.jar%23473!/:?]
	at net.minecraft.world.item.crafting.Ingredient.m_43919_(Ingredient.java:219) ~[server-1.20.1-20230612.114412-srg.jar%23473!/:?]
	at net.minecraftforge.common.crafting.VanillaIngredientSerializer.parse(VanillaIngredientSerializer.java:27) ~[forge-1.20.1-47.4.0-universal.jar%23478!/:?]
	at net.minecraftforge.common.crafting.CraftingHelper.getIngredient(CraftingHelper.java:148) ~[forge-1.20.1-47.4.0-universal.jar%23478!/:?]
	at net.minecraft.world.item.crafting.Ingredient.m_288218_(Ingredient.java:194) ~[server-1.20.1-20230612.114412-srg.jar%23473!/:?]
	at net.minecraft.world.item.crafting.Ingredient.m_43917_(Ingredient.java:189) ~[server-1.20.1-20230612.114412-srg.jar%23473!/:?]
	at net.minecraft.world.item.crafting.SmithingTransformRecipe$Serializer.m_6729_(SmithingTransformRecipe.java:74) ~[server-1.20.1-20230612.114412-srg.jar%23473!/:?]
	at net.minecraft.world.item.crafting.SmithingTransformRecipe$Serializer.m_6729_(SmithingTransformRecipe.java:71) ~[server-1.20.1-20230612.114412-srg.jar%23473!/:?]
	at net.minecraftforge.common.extensions.IForgeRecipeSerializer.fromJson(IForgeRecipeSerializer.java:23) ~[forge-1.20.1-47.4.0-universal.jar%23478!/:?]
	at net.minecraft.world.item.crafting.RecipeManager.fromJson(RecipeManager.java:171) ~[server-1.20.1-20230612.114412-srg.jar%23473!/:?]
	at net.minecraft.world.item.crafting.RecipeManager.m_5787_(RecipeManager.java:67) ~[server-1.20.1-20230612.114412-srg.jar%23473!/:?]
	at net.minecraft.world.item.crafting.RecipeManager.m_5787_(RecipeManager.java:34) ~[server-1.20.1-20230612.114412-srg.jar%23473!/:?]
	at net.minecraft.server.packs.resources.SimplePreparableReloadListener.m_10789_(SimplePreparableReloadListener.java:13) ~[server-1.20.1-20230612.114412-srg.jar%23473!/:?]
	at java.util.concurrent.CompletableFuture$UniAccept.tryFire(CompletableFuture.java:718) ~[?:?]
	at java.util.concurrent.CompletableFuture$Completion.run(CompletableFuture.java:482) ~[?:?]
	at net.minecraft.server.packs.resources.SimpleReloadInstance.m_143940_(SimpleReloadInstance.java:69) ~[server-1.20.1-20230612.114412-srg.jar%23473!/:?]
	at net.minecraft.Util.m_214652_(Util.java:783) ~[server-1.20.1-20230612.114412-srg.jar%23473!/:?]
	at net.minecraft.Util.m_214679_(Util.java:772) ~[server-1.20.1-20230612.114412-srg.jar%23473!/:?]
	at net.minecraft.server.Main.main(Main.java:166) ~[server-1.20.1-20230612.114412-srg.jar%23473!/:?]
	at jdk.internal.reflect.NativeMethodAccessorImpl.invoke0(Native Method) ~[?:?]
	at jdk.internal.reflect.NativeMethodAccessorImpl.invoke(NativeMethodAccessorImpl.java:77) ~[?:?]
	at jdk.internal.reflect.DelegatingMethodAccessorImpl.invoke(DelegatingMethodAccessorImpl.java:43) ~[?:?]
	at java.lang.reflect.Method.invoke(Method.java:569) ~[?:?]
	at net.minecraftforge.fml.loading.targets.CommonLaunchHandler.runTarget(CommonLaunchHandler.java:111) ~[fmlloader-1.20.1-47.4.0.jar%2369!/:?]
	at net.minecraftforge.fml.loading.targets.CommonLaunchHandler.serverService(CommonLaunchHandler.java:103) ~[fmlloader-1.20.1-47.4.0.jar%2369!/:?]
	at net.minecraftforge.fml.loading.targets.CommonServerLaunchHandler.lambda$makeService$0(CommonServerLaunchHandler.java:27) ~[fmlloader-1.20.1-47.4.0.jar%2369!/:?]
	at cpw.mods.modlauncher.LaunchServiceHandlerDecorator.launch(LaunchServiceHandlerDecorator.java:30) ~[modlauncher-10.0.9.jar%2355!/:?]
	at cpw.mods.modlauncher.LaunchServiceHandler.launch(LaunchServiceHandler.java:53) ~[modlauncher-10.0.9.jar%2355!/:?]
	at cpw.mods.modlauncher.LaunchServiceHandler.launch(LaunchServiceHandler.java:71) ~[modlauncher-10.0.9.jar%2355!/:?]
	at cpw.mods.modlauncher.Launcher.run(Launcher.java:108) ~[modlauncher-10.0.9.jar%2355!/:?]
	at cpw.mods.modlauncher.Launcher.main(Launcher.java:78) ~[modlauncher-10.0.9.jar%2355!/:?]
	at cpw.mods.modlauncher.BootstrapLaunchConsumer.accept(BootstrapLaunchConsumer.java:26) ~[modlauncher-10.0.9.jar%2355!/:?]
	at cpw.mods.modlauncher.BootstrapLaunchConsumer.accept(BootstrapLaunchConsumer.java:23) ~[modlauncher-10.0.9.jar%2355!/:?]
	at cpw.mods.bootstraplauncher.BootstrapLauncher.main(BootstrapLauncher.java:141) ~[bootstraplauncher-1.1.2.jar:?]
[10Oct2025 00:16:10.234] [main/ERROR] [net.minecraft.world.item.crafting.RecipeManager/]: Parsing error loading recipe dungeons_and_combat:gray_helmet
com.google.gson.JsonSyntaxException: Unknown item 'iceandfire:armor_gray_helmet'
	at net.minecraft.world.item.crafting.ShapedRecipe.m_151280_(ShapedRecipe.java:292) ~[server-1.20.1-20230612.114412-srg.jar%23473!/:?]
	at java.util.Optional.orElseThrow(Optional.java:403) ~[?:?]
	at net.minecraft.world.item.crafting.ShapedRecipe.m_151278_(ShapedRecipe.java:291) ~[server-1.20.1-20230612.114412-srg.jar%23473!/:?]
	at net.minecraft.world.item.crafting.Ingredient.m_43919_(Ingredient.java:219) ~[server-1.20.1-20230612.114412-srg.jar%23473!/:?]
	at net.minecraftforge.common.crafting.VanillaIngredientSerializer.parse(VanillaIngredientSerializer.java:27) ~[forge-1.20.1-47.4.0-universal.jar%23478!/:?]
	at net.minecraftforge.common.crafting.CraftingHelper.getIngredient(CraftingHelper.java:148) ~[forge-1.20.1-47.4.0-universal.jar%23478!/:?]
	at net.minecraft.world.item.crafting.Ingredient.m_288218_(Ingredient.java:194) ~[server-1.20.1-20230612.114412-srg.jar%23473!/:?]
	at net.minecraft.world.item.crafting.Ingredient.m_43917_(Ingredient.java:189) ~[server-1.20.1-20230612.114412-srg.jar%23473!/:?]
	at net.minecraft.world.item.crafting.SmithingTransformRecipe$Serializer.m_6729_(SmithingTransformRecipe.java:74) ~[server-1.20.1-20230612.114412-srg.jar%23473!/:?]
	at net.minecraft.world.item.crafting.SmithingTransformRecipe$Serializer.m_6729_(SmithingTransformRecipe.java:71) ~[server-1.20.1-20230612.114412-srg.jar%23473!/:?]
	at net.minecraftforge.common.extensions.IForgeRecipeSerializer.fromJson(IForgeRecipeSerializer.java:23) ~[forge-1.20.1-47.4.0-universal.jar%23478!/:?]
	at net.minecraft.world.item.crafting.RecipeManager.fromJson(RecipeManager.java:171) ~[server-1.20.1-20230612.114412-srg.jar%23473!/:?]
	at net.minecraft.world.item.crafting.RecipeManager.m_5787_(RecipeManager.java:67) ~[server-1.20.1-20230612.114412-srg.jar%23473!/:?]
	at net.minecraft.world.item.crafting.RecipeManager.m_5787_(RecipeManager.java:34) ~[server-1.20.1-20230612.114412-srg.jar%23473!/:?]
	at net.minecraft.server.packs.resources.SimplePreparableReloadListener.m_10789_(SimplePreparableReloadListener.java:13) ~[server-1.20.1-20230612.114412-srg.jar%23473!/:?]
	at java.util.concurrent.CompletableFuture$UniAccept.tryFire(CompletableFuture.java:718) ~[?:?]
	at java.util.concurrent.CompletableFuture$Completion.run(CompletableFuture.java:482) ~[?:?]
	at net.minecraft.server.packs.resources.SimpleReloadInstance.m_143940_(SimpleReloadInstance.java:69) ~[server-1.20.1-20230612.114412-srg.jar%23473!/:?]
	at net.minecraft.Util.m_214652_(Util.java:783) ~[server-1.20.1-20230612.114412-srg.jar%23473!/:?]
	at net.minecraft.Util.m_214679_(Util.java:772) ~[server-1.20.1-20230612.114412-srg.jar%23473!/:?]
	at net.minecraft.server.Main.main(Main.java:166) ~[server-1.20.1-20230612.114412-srg.jar%23473!/:?]
	at jdk.internal.reflect.NativeMethodAccessorImpl.invoke0(Native Method) ~[?:?]
	at jdk.internal.reflect.NativeMethodAccessorImpl.invoke(NativeMethodAccessorImpl.java:77) ~[?:?]
	at jdk.internal.reflect.DelegatingMethodAccessorImpl.invoke(DelegatingMethodAccessorImpl.java:43) ~[?:?]
	at java.lang.reflect.Method.invoke(Method.java:569) ~[?:?]
	at net.minecraftforge.fml.loading.targets.CommonLaunchHandler.runTarget(CommonLaunchHandler.java:111) ~[fmlloader-1.20.1-47.4.0.jar%2369!/:?]
	at net.minecraftforge.fml.loading.targets.CommonLaunchHandler.serverService(CommonLaunchHandler.java:103) ~[fmlloader-1.20.1-47.4.0.jar%2369!/:?]
	at net.minecraftforge.fml.loading.targets.CommonServerLaunchHandler.lambda$makeService$0(CommonServerLaunchHandler.java:27) ~[fmlloader-1.20.1-47.4.0.jar%2369!/:?]
	at cpw.mods.modlauncher.LaunchServiceHandlerDecorator.launch(LaunchServiceHandlerDecorator.java:30) ~[modlauncher-10.0.9.jar%2355!/:?]
	at cpw.mods.modlauncher.LaunchServiceHandler.launch(LaunchServiceHandler.java:53) ~[modlauncher-10.0.9.jar%2355!/:?]
	at cpw.mods.modlauncher.LaunchServiceHandler.launch(LaunchServiceHandler.java:71) ~[modlauncher-10.0.9.jar%2355!/:?]
	at cpw.mods.modlauncher.Launcher.run(Launcher.java:108) ~[modlauncher-10.0.9.jar%2355!/:?]
	at cpw.mods.modlauncher.Launcher.main(Launcher.java:78) ~[modlauncher-10.0.9.jar%2355!/:?]
	at cpw.mods.modlauncher.BootstrapLaunchConsumer.accept(BootstrapLaunchConsumer.java:26) ~[modlauncher-10.0.9.jar%2355!/:?]
	at cpw.mods.modlauncher.BootstrapLaunchConsumer.accept(BootstrapLaunchConsumer.java:23) ~[modlauncher-10.0.9.jar%2355!/:?]
	at cpw.mods.bootstraplauncher.BootstrapLauncher.main(BootstrapLauncher.java:141) ~[bootstraplauncher-1.1.2.jar:?]
[10Oct2025 00:16:10.238] [main/INFO] [net.minecraft.world.item.crafting.RecipeManager/]: Skipping loading recipe collectorsreap:gummy/green_tea as it's serializer returned null
[10Oct2025 00:16:10.245] [main/INFO] [net.minecraft.world.item.crafting.RecipeManager/]: Skipping loading recipe collectorsreap:integration/create/mixing/gummy/banana as it's serializer returned null
[10Oct2025 00:16:10.246] [main/ERROR] [net.minecraft.world.item.crafting.RecipeManager/]: Parsing error loading recipe dungeons_and_combat:white_helmet
com.google.gson.JsonSyntaxException: Unknown item 'iceandfire:armor_white_helmet'
	at net.minecraft.world.item.crafting.ShapedRecipe.m_151280_(ShapedRecipe.java:292) ~[server-1.20.1-20230612.114412-srg.jar%23473!/:?]
	at java.util.Optional.orElseThrow(Optional.java:403) ~[?:?]
	at net.minecraft.world.item.crafting.ShapedRecipe.m_151278_(ShapedRecipe.java:291) ~[server-1.20.1-20230612.114412-srg.jar%23473!/:?]
	at net.minecraft.world.item.crafting.Ingredient.m_43919_(Ingredient.java:219) ~[server-1.20.1-20230612.114412-srg.jar%23473!/:?]
	at net.minecraftforge.common.crafting.VanillaIngredientSerializer.parse(VanillaIngredientSerializer.java:27) ~[forge-1.20.1-47.4.0-universal.jar%23478!/:?]
	at net.minecraftforge.common.crafting.CraftingHelper.getIngredient(CraftingHelper.java:148) ~[forge-1.20.1-47.4.0-universal.jar%23478!/:?]
	at net.minecraft.world.item.crafting.Ingredient.m_288218_(Ingredient.java:194) ~[server-1.20.1-20230612.114412-srg.jar%23473!/:?]
	at net.minecraft.world.item.crafting.Ingredient.m_43917_(Ingredient.java:189) ~[server-1.20.1-20230612.114412-srg.jar%23473!/:?]
	at net.minecraft.world.item.crafting.SmithingTransformRecipe$Serializer.m_6729_(SmithingTransformRecipe.java:74) ~[server-1.20.1-20230612.114412-srg.jar%23473!/:?]
	at net.minecraft.world.item.crafting.SmithingTransformRecipe$Serializer.m_6729_(SmithingTransformRecipe.java:71) ~[server-1.20.1-20230612.114412-srg.jar%23473!/:?]
	at net.minecraftforge.common.extensions.IForgeRecipeSerializer.fromJson(IForgeRecipeSerializer.java:23) ~[forge-1.20.1-47.4.0-universal.jar%23478!/:?]
	at net.minecraft.world.item.crafting.RecipeManager.fromJson(RecipeManager.java:171) ~[server-1.20.1-20230612.114412-srg.jar%23473!/:?]
	at net.minecraft.world.item.crafting.RecipeManager.m_5787_(RecipeManager.java:67) ~[server-1.20.1-20230612.114412-srg.jar%23473!/:?]
	at net.minecraft.world.item.crafting.RecipeManager.m_5787_(RecipeManager.java:34) ~[server-1.20.1-20230612.114412-srg.jar%23473!/:?]
	at net.minecraft.server.packs.resources.SimplePreparableReloadListener.m_10789_(SimplePreparableReloadListener.java:13) ~[server-1.20.1-20230612.114412-srg.jar%23473!/:?]
	at java.util.concurrent.CompletableFuture$UniAccept.tryFire(CompletableFuture.java:718) ~[?:?]
	at java.util.concurrent.CompletableFuture$Completion.run(CompletableFuture.java:482) ~[?:?]
	at net.minecraft.server.packs.resources.SimpleReloadInstance.m_143940_(SimpleReloadInstance.java:69) ~[server-1.20.1-20230612.114412-srg.jar%23473!/:?]
	at net.minecraft.Util.m_214652_(Util.java:783) ~[server-1.20.1-20230612.114412-srg.jar%23473!/:?]
	at net.minecraft.Util.m_214679_(Util.java:772) ~[server-1.20.1-20230612.114412-srg.jar%23473!/:?]
	at net.minecraft.server.Main.main(Main.java:166) ~[server-1.20.1-20230612.114412-srg.jar%23473!/:?]
	at jdk.internal.reflect.NativeMethodAccessorImpl.invoke0(Native Method) ~[?:?]
	at jdk.internal.reflect.NativeMethodAccessorImpl.invoke(NativeMethodAccessorImpl.java:77) ~[?:?]
	at jdk.internal.reflect.DelegatingMethodAccessorImpl.invoke(DelegatingMethodAccessorImpl.java:43) ~[?:?]
	at java.lang.reflect.Method.invoke(Method.java:569) ~[?:?]
	at net.minecraftforge.fml.loading.targets.CommonLaunchHandler.runTarget(CommonLaunchHandler.java:111) ~[fmlloader-1.20.1-47.4.0.jar%2369!/:?]
	at net.minecraftforge.fml.loading.targets.CommonLaunchHandler.serverService(CommonLaunchHandler.java:103) ~[fmlloader-1.20.1-47.4.0.jar%2369!/:?]
	at net.minecraftforge.fml.loading.targets.CommonServerLaunchHandler.lambda$makeService$0(CommonServerLaunchHandler.java:27) ~[fmlloader-1.20.1-47.4.0.jar%2369!/:?]
	at cpw.mods.modlauncher.LaunchServiceHandlerDecorator.launch(LaunchServiceHandlerDecorator.java:30) ~[modlauncher-10.0.9.jar%2355!/:?]
	at cpw.mods.modlauncher.LaunchServiceHandler.launch(LaunchServiceHandler.java:53) ~[modlauncher-10.0.9.jar%2355!/:?]
	at cpw.mods.modlauncher.LaunchServiceHandler.launch(LaunchServiceHandler.java:71) ~[modlauncher-10.0.9.jar%2355!/:?]
	at cpw.mods.modlauncher.Launcher.run(Launcher.java:108) ~[modlauncher-10.0.9.jar%2355!/:?]
	at cpw.mods.modlauncher.Launcher.main(Launcher.java:78) ~[modlauncher-10.0.9.jar%2355!/:?]
	at cpw.mods.modlauncher.BootstrapLaunchConsumer.accept(BootstrapLaunchConsumer.java:26) ~[modlauncher-10.0.9.jar%2355!/:?]
	at cpw.mods.modlauncher.BootstrapLaunchConsumer.accept(BootstrapLaunchConsumer.java:23) ~[modlauncher-10.0.9.jar%2355!/:?]
	at cpw.mods.bootstraplauncher.BootstrapLauncher.main(BootstrapLauncher.java:141) ~[bootstraplauncher-1.1.2.jar:?]
[10Oct2025 00:16:10.247] [main/ERROR] [net.minecraft.world.item.crafting.RecipeManager/]: Parsing error loading recipe dungeons_and_combat:white_leggings
com.google.gson.JsonSyntaxException: Unknown item 'iceandfire:armor_white_leggings'
	at net.minecraft.world.item.crafting.ShapedRecipe.m_151280_(ShapedRecipe.java:292) ~[server-1.20.1-20230612.114412-srg.jar%23473!/:?]
	at java.util.Optional.orElseThrow(Optional.java:403) ~[?:?]
	at net.minecraft.world.item.crafting.ShapedRecipe.m_151278_(ShapedRecipe.java:291) ~[server-1.20.1-20230612.114412-srg.jar%23473!/:?]
	at net.minecraft.world.item.crafting.Ingredient.m_43919_(Ingredient.java:219) ~[server-1.20.1-20230612.114412-srg.jar%23473!/:?]
	at net.minecraftforge.common.crafting.VanillaIngredientSerializer.parse(VanillaIngredientSerializer.java:27) ~[forge-1.20.1-47.4.0-universal.jar%23478!/:?]
	at net.minecraftforge.common.crafting.CraftingHelper.getIngredient(CraftingHelper.java:148) ~[forge-1.20.1-47.4.0-universal.jar%23478!/:?]
	at net.minecraft.world.item.crafting.Ingredient.m_288218_(Ingredient.java:194) ~[server-1.20.1-20230612.114412-srg.jar%23473!/:?]
	at net.minecraft.world.item.crafting.Ingredient.m_43917_(Ingredient.java:189) ~[server-1.20.1-20230612.114412-srg.jar%23473!/:?]
	at net.minecraft.world.item.crafting.SmithingTransformRecipe$Serializer.m_6729_(SmithingTransformRecipe.java:74) ~[server-1.20.1-20230612.114412-srg.jar%23473!/:?]
	at net.minecraft.world.item.crafting.SmithingTransformRecipe$Serializer.m_6729_(SmithingTransformRecipe.java:71) ~[server-1.20.1-20230612.114412-srg.jar%23473!/:?]
	at net.minecraftforge.common.extensions.IForgeRecipeSerializer.fromJson(IForgeRecipeSerializer.java:23) ~[forge-1.20.1-47.4.0-universal.jar%23478!/:?]
	at net.minecraft.world.item.crafting.RecipeManager.fromJson(RecipeManager.java:171) ~[server-1.20.1-20230612.114412-srg.jar%23473!/:?]
	at net.minecraft.world.item.crafting.RecipeManager.m_5787_(RecipeManager.java:67) ~[server-1.20.1-20230612.114412-srg.jar%23473!/:?]
	at net.minecraft.world.item.crafting.RecipeManager.m_5787_(RecipeManager.java:34) ~[server-1.20.1-20230612.114412-srg.jar%23473!/:?]
	at net.minecraft.server.packs.resources.SimplePreparableReloadListener.m_10789_(SimplePreparableReloadListener.java:13) ~[server-1.20.1-20230612.114412-srg.jar%23473!/:?]
	at java.util.concurrent.CompletableFuture$UniAccept.tryFire(CompletableFuture.java:718) ~[?:?]
	at java.util.concurrent.CompletableFuture$Completion.run(CompletableFuture.java:482) ~[?:?]
	at net.minecraft.server.packs.resources.SimpleReloadInstance.m_143940_(SimpleReloadInstance.java:69) ~[server-1.20.1-20230612.114412-srg.jar%23473!/:?]
	at net.minecraft.Util.m_214652_(Util.java:783) ~[server-1.20.1-20230612.114412-srg.jar%23473!/:?]
	at net.minecraft.Util.m_214679_(Util.java:772) ~[server-1.20.1-20230612.114412-srg.jar%23473!/:?]
	at net.minecraft.server.Main.main(Main.java:166) ~[server-1.20.1-20230612.114412-srg.jar%23473!/:?]
	at jdk.internal.reflect.NativeMethodAccessorImpl.invoke0(Native Method) ~[?:?]
	at jdk.internal.reflect.NativeMethodAccessorImpl.invoke(NativeMethodAccessorImpl.java:77) ~[?:?]
	at jdk.internal.reflect.DelegatingMethodAccessorImpl.invoke(DelegatingMethodAccessorImpl.java:43) ~[?:?]
	at java.lang.reflect.Method.invoke(Method.java:569) ~[?:?]
	at net.minecraftforge.fml.loading.targets.CommonLaunchHandler.runTarget(CommonLaunchHandler.java:111) ~[fmlloader-1.20.1-47.4.0.jar%2369!/:?]
	at net.minecraftforge.fml.loading.targets.CommonLaunchHandler.serverService(CommonLaunchHandler.java:103) ~[fmlloader-1.20.1-47.4.0.jar%2369!/:?]
	at net.minecraftforge.fml.loading.targets.CommonServerLaunchHandler.lambda$makeService$0(CommonServerLaunchHandler.java:27) ~[fmlloader-1.20.1-47.4.0.jar%2369!/:?]
	at cpw.mods.modlauncher.LaunchServiceHandlerDecorator.launch(LaunchServiceHandlerDecorator.java:30) ~[modlauncher-10.0.9.jar%2355!/:?]
	at cpw.mods.modlauncher.LaunchServiceHandler.launch(LaunchServiceHandler.java:53) ~[modlauncher-10.0.9.jar%2355!/:?]
	at cpw.mods.modlauncher.LaunchServiceHandler.launch(LaunchServiceHandler.java:71) ~[modlauncher-10.0.9.jar%2355!/:?]
	at cpw.mods.modlauncher.Launcher.run(Launcher.java:108) ~[modlauncher-10.0.9.jar%2355!/:?]
	at cpw.mods.modlauncher.Launcher.main(Launcher.java:78) ~[modlauncher-10.0.9.jar%2355!/:?]
	at cpw.mods.modlauncher.BootstrapLaunchConsumer.accept(BootstrapLaunchConsumer.java:26) ~[modlauncher-10.0.9.jar%2355!/:?]
	at cpw.mods.modlauncher.BootstrapLaunchConsumer.accept(BootstrapLaunchConsumer.java:23) ~[modlauncher-10.0.9.jar%2355!/:?]
	at cpw.mods.bootstraplauncher.BootstrapLauncher.main(BootstrapLauncher.java:141) ~[bootstraplauncher-1.1.2.jar:?]
[10Oct2025 00:16:10.248] [main/INFO] [net.minecraft.world.item.crafting.RecipeManager/]: Skipping loading recipe collectorsreap:integration/create/mixing/gummy/apple as it's serializer returned null
[10Oct2025 00:16:10.248] [main/INFO] [net.minecraft.world.item.crafting.RecipeManager/]: Skipping loading recipe expanded_combat:diamond_bow_120_smithing_singleton as it's serializer returned null
[10Oct2025 00:16:10.248] [main/ERROR] [net.minecraft.world.item.crafting.RecipeManager/]: Parsing error loading recipe dungeons_and_combat:dragon_lightning_greatsword_recipe
com.google.gson.JsonSyntaxException: Unknown item 'iceandfire:lightning_dragon_blood'
	at net.minecraft.world.item.crafting.ShapedRecipe.m_151280_(ShapedRecipe.java:292) ~[server-1.20.1-20230612.114412-srg.jar%23473!/:?]
	at java.util.Optional.orElseThrow(Optional.java:403) ~[?:?]
	at net.minecraft.world.item.crafting.ShapedRecipe.m_151278_(ShapedRecipe.java:291) ~[server-1.20.1-20230612.114412-srg.jar%23473!/:?]
	at net.minecraft.world.item.crafting.Ingredient.m_43919_(Ingredient.java:219) ~[server-1.20.1-20230612.114412-srg.jar%23473!/:?]
	at net.minecraftforge.common.crafting.VanillaIngredientSerializer.parse(VanillaIngredientSerializer.java:27) ~[forge-1.20.1-47.4.0-universal.jar%23478!/:?]
	at net.minecraftforge.common.crafting.CraftingHelper.getIngredient(CraftingHelper.java:148) ~[forge-1.20.1-47.4.0-universal.jar%23478!/:?]
	at net.minecraft.world.item.crafting.Ingredient.m_288218_(Ingredient.java:194) ~[server-1.20.1-20230612.114412-srg.jar%23473!/:?]
	at net.minecraft.world.item.crafting.ShapedRecipe.m_44210_(ShapedRecipe.java:278) ~[server-1.20.1-20230612.114412-srg.jar%23473!/:?]
	at net.minecraft.world.item.crafting.ShapedRecipe$Serializer.m_6729_(ShapedRecipe.java:306) ~[server-1.20.1-20230612.114412-srg.jar%23473!/:?]
	at net.minecraft.world.item.crafting.ShapedRecipe$Serializer.m_6729_(ShapedRecipe.java:301) ~[server-1.20.1-20230612.114412-srg.jar%23473!/:?]
	at net.minecraftforge.common.extensions.IForgeRecipeSerializer.fromJson(IForgeRecipeSerializer.java:23) ~[forge-1.20.1-47.4.0-universal.jar%23478!/:?]
	at net.minecraft.world.item.crafting.RecipeManager.fromJson(RecipeManager.java:171) ~[server-1.20.1-20230612.114412-srg.jar%23473!/:?]
	at net.minecraft.world.item.crafting.RecipeManager.m_5787_(RecipeManager.java:67) ~[server-1.20.1-20230612.114412-srg.jar%23473!/:?]
	at net.minecraft.world.item.crafting.RecipeManager.m_5787_(RecipeManager.java:34) ~[server-1.20.1-20230612.114412-srg.jar%23473!/:?]
	at net.minecraft.server.packs.resources.SimplePreparableReloadListener.m_10789_(SimplePreparableReloadListener.java:13) ~[server-1.20.1-20230612.114412-srg.jar%23473!/:?]
	at java.util.concurrent.CompletableFuture$UniAccept.tryFire(CompletableFuture.java:718) ~[?:?]
	at java.util.concurrent.CompletableFuture$Completion.run(CompletableFuture.java:482) ~[?:?]
	at net.minecraft.server.packs.resources.SimpleReloadInstance.m_143940_(SimpleReloadInstance.java:69) ~[server-1.20.1-20230612.114412-srg.jar%23473!/:?]
	at net.minecraft.Util.m_214652_(Util.java:783) ~[server-1.20.1-20230612.114412-srg.jar%23473!/:?]
	at net.minecraft.Util.m_214679_(Util.java:772) ~[server-1.20.1-20230612.114412-srg.jar%23473!/:?]
	at net.minecraft.server.Main.main(Main.java:166) ~[server-1.20.1-20230612.114412-srg.jar%23473!/:?]
	at jdk.internal.reflect.NativeMethodAccessorImpl.invoke0(Native Method) ~[?:?]
	at jdk.internal.reflect.NativeMethodAccessorImpl.invoke(NativeMethodAccessorImpl.java:77) ~[?:?]
	at jdk.internal.reflect.DelegatingMethodAccessorImpl.invoke(DelegatingMethodAccessorImpl.java:43) ~[?:?]
	at java.lang.reflect.Method.invoke(Method.java:569) ~[?:?]
	at net.minecraftforge.fml.loading.targets.CommonLaunchHandler.runTarget(CommonLaunchHandler.java:111) ~[fmlloader-1.20.1-47.4.0.jar%2369!/:?]
	at net.minecraftforge.fml.loading.targets.CommonLaunchHandler.serverService(CommonLaunchHandler.java:103) ~[fmlloader-1.20.1-47.4.0.jar%2369!/:?]
	at net.minecraftforge.fml.loading.targets.CommonServerLaunchHandler.lambda$makeService$0(CommonServerLaunchHandler.java:27) ~[fmlloader-1.20.1-47.4.0.jar%2369!/:?]
	at cpw.mods.modlauncher.LaunchServiceHandlerDecorator.launch(LaunchServiceHandlerDecorator.java:30) ~[modlauncher-10.0.9.jar%2355!/:?]
	at cpw.mods.modlauncher.LaunchServiceHandler.launch(LaunchServiceHandler.java:53) ~[modlauncher-10.0.9.jar%2355!/:?]
	at cpw.mods.modlauncher.LaunchServiceHandler.launch(LaunchServiceHandler.java:71) ~[modlauncher-10.0.9.jar%2355!/:?]
	at cpw.mods.modlauncher.Launcher.run(Launcher.java:108) ~[modlauncher-10.0.9.jar%2355!/:?]
	at cpw.mods.modlauncher.Launcher.main(Launcher.java:78) ~[modlauncher-10.0.9.jar%2355!/:?]
	at cpw.mods.modlauncher.BootstrapLaunchConsumer.accept(BootstrapLaunchConsumer.java:26) ~[modlauncher-10.0.9.jar%2355!/:?]
	at cpw.mods.modlauncher.BootstrapLaunchConsumer.accept(BootstrapLaunchConsumer.java:23) ~[modlauncher-10.0.9.jar%2355!/:?]
	at cpw.mods.bootstraplauncher.BootstrapLauncher.main(BootstrapLauncher.java:141) ~[bootstraplauncher-1.1.2.jar:?]
[10Oct2025 00:16:10.249] [main/INFO] [net.minecraft.world.item.crafting.RecipeManager/]: Skipping loading recipe expanded_combat:netherite_bow_120_smithing as it's serializer returned null
[10Oct2025 00:16:10.250] [main/INFO] [net.minecraft.world.item.crafting.RecipeManager/]: Skipping loading recipe expanded_combat:iron_arrow_variable_fletching as it's serializer returned null
[10Oct2025 00:16:10.250] [main/ERROR] [net.minecraft.world.item.crafting.RecipeManager/]: Parsing error loading recipe dungeons_and_combat:amethyst_helmet
com.google.gson.JsonSyntaxException: Unknown item 'iceandfire:armor_amythest_helmet'
	at net.minecraft.world.item.crafting.ShapedRecipe.m_151280_(ShapedRecipe.java:292) ~[server-1.20.1-20230612.114412-srg.jar%23473!/:?]
	at java.util.Optional.orElseThrow(Optional.java:403) ~[?:?]
	at net.minecraft.world.item.crafting.ShapedRecipe.m_151278_(ShapedRecipe.java:291) ~[server-1.20.1-20230612.114412-srg.jar%23473!/:?]
	at net.minecraft.world.item.crafting.Ingredient.m_43919_(Ingredient.java:219) ~[server-1.20.1-20230612.114412-srg.jar%23473!/:?]
	at net.minecraftforge.common.crafting.VanillaIngredientSerializer.parse(VanillaIngredientSerializer.java:27) ~[forge-1.20.1-47.4.0-universal.jar%23478!/:?]
	at net.minecraftforge.common.crafting.CraftingHelper.getIngredient(CraftingHelper.java:148) ~[forge-1.20.1-47.4.0-universal.jar%23478!/:?]
	at net.minecraft.world.item.crafting.Ingredient.m_288218_(Ingredient.java:194) ~[server-1.20.1-20230612.114412-srg.jar%23473!/:?]
	at net.minecraft.world.item.crafting.Ingredient.m_43917_(Ingredient.java:189) ~[server-1.20.1-20230612.114412-srg.jar%23473!/:?]
	at net.minecraft.world.item.crafting.SmithingTransformRecipe$Serializer.m_6729_(SmithingTransformRecipe.java:74) ~[server-1.20.1-20230612.114412-srg.jar%23473!/:?]
	at net.minecraft.world.item.crafting.SmithingTransformRecipe$Serializer.m_6729_(SmithingTransformRecipe.java:71) ~[server-1.20.1-20230612.114412-srg.jar%23473!/:?]
	at net.minecraftforge.common.extensions.IForgeRecipeSerializer.fromJson(IForgeRecipeSerializer.java:23) ~[forge-1.20.1-47.4.0-universal.jar%23478!/:?]
	at net.minecraft.world.item.crafting.RecipeManager.fromJson(RecipeManager.java:171) ~[server-1.20.1-20230612.114412-srg.jar%23473!/:?]
	at net.minecraft.world.item.crafting.RecipeManager.m_5787_(RecipeManager.java:67) ~[server-1.20.1-20230612.114412-srg.jar%23473!/:?]
	at net.minecraft.world.item.crafting.RecipeManager.m_5787_(RecipeManager.java:34) ~[server-1.20.1-20230612.114412-srg.jar%23473!/:?]
	at net.minecraft.server.packs.resources.SimplePreparableReloadListener.m_10789_(SimplePreparableReloadListener.java:13) ~[server-1.20.1-20230612.114412-srg.jar%23473!/:?]
	at java.util.concurrent.CompletableFuture$UniAccept.tryFire(CompletableFuture.java:718) ~[?:?]
	at java.util.concurrent.CompletableFuture$Completion.run(CompletableFuture.java:482) ~[?:?]
	at net.minecraft.server.packs.resources.SimpleReloadInstance.m_143940_(SimpleReloadInstance.java:69) ~[server-1.20.1-20230612.114412-srg.jar%23473!/:?]
	at net.minecraft.Util.m_214652_(Util.java:783) ~[server-1.20.1-20230612.114412-srg.jar%23473!/:?]
	at net.minecraft.Util.m_214679_(Util.java:772) ~[server-1.20.1-20230612.114412-srg.jar%23473!/:?]
	at net.minecraft.server.Main.main(Main.java:166) ~[server-1.20.1-20230612.114412-srg.jar%23473!/:?]
	at jdk.internal.reflect.NativeMethodAccessorImpl.invoke0(Native Method) ~[?:?]
	at jdk.internal.reflect.NativeMethodAccessorImpl.invoke(NativeMethodAccessorImpl.java:77) ~[?:?]
	at jdk.internal.reflect.DelegatingMethodAccessorImpl.invoke(DelegatingMethodAccessorImpl.java:43) ~[?:?]
	at java.lang.reflect.Method.invoke(Method.java:569) ~[?:?]
	at net.minecraftforge.fml.loading.targets.CommonLaunchHandler.runTarget(CommonLaunchHandler.java:111) ~[fmlloader-1.20.1-47.4.0.jar%2369!/:?]
	at net.minecraftforge.fml.loading.targets.CommonLaunchHandler.serverService(CommonLaunchHandler.java:103) ~[fmlloader-1.20.1-47.4.0.jar%2369!/:?]
	at net.minecraftforge.fml.loading.targets.CommonServerLaunchHandler.lambda$makeService$0(CommonServerLaunchHandler.java:27) ~[fmlloader-1.20.1-47.4.0.jar%2369!/:?]
	at cpw.mods.modlauncher.LaunchServiceHandlerDecorator.launch(LaunchServiceHandlerDecorator.java:30) ~[modlauncher-10.0.9.jar%2355!/:?]
	at cpw.mods.modlauncher.LaunchServiceHandler.launch(LaunchServiceHandler.java:53) ~[modlauncher-10.0.9.jar%2355!/:?]
	at cpw.mods.modlauncher.LaunchServiceHandler.launch(LaunchServiceHandler.java:71) ~[modlauncher-10.0.9.jar%2355!/:?]
	at cpw.mods.modlauncher.Launcher.run(Launcher.java:108) ~[modlauncher-10.0.9.jar%2355!/:?]
	at cpw.mods.modlauncher.Launcher.main(Launcher.java:78) ~[modlauncher-10.0.9.jar%2355!/:?]
	at cpw.mods.modlauncher.BootstrapLaunchConsumer.accept(BootstrapLaunchConsumer.java:26) ~[modlauncher-10.0.9.jar%2355!/:?]
	at cpw.mods.modlauncher.BootstrapLaunchConsumer.accept(BootstrapLaunchConsumer.java:23) ~[modlauncher-10.0.9.jar%2355!/:?]
	at cpw.mods.bootstraplauncher.BootstrapLauncher.main(BootstrapLauncher.java:141) ~[bootstraplauncher-1.1.2.jar:?]
[10Oct2025 00:16:10.251] [main/ERROR] [net.minecraft.world.item.crafting.RecipeManager/]: Parsing error loading recipe dungeons_and_combat:dragonsteel_ice_recipe_greatsword
com.google.gson.JsonSyntaxException: Unknown item 'iceandfire:dragonsteel_ice_ingot'
	at net.minecraft.world.item.crafting.ShapedRecipe.m_151280_(ShapedRecipe.java:292) ~[server-1.20.1-20230612.114412-srg.jar%23473!/:?]
	at java.util.Optional.orElseThrow(Optional.java:403) ~[?:?]
	at net.minecraft.world.item.crafting.ShapedRecipe.m_151278_(ShapedRecipe.java:291) ~[server-1.20.1-20230612.114412-srg.jar%23473!/:?]
	at net.minecraft.world.item.crafting.Ingredient.m_43919_(Ingredient.java:219) ~[server-1.20.1-20230612.114412-srg.jar%23473!/:?]
	at net.minecraftforge.common.crafting.VanillaIngredientSerializer.parse(VanillaIngredientSerializer.java:27) ~[forge-1.20.1-47.4.0-universal.jar%23478!/:?]
	at net.minecraftforge.common.crafting.CraftingHelper.getIngredient(CraftingHelper.java:148) ~[forge-1.20.1-47.4.0-universal.jar%23478!/:?]
	at net.minecraft.world.item.crafting.Ingredient.m_288218_(Ingredient.java:194) ~[server-1.20.1-20230612.114412-srg.jar%23473!/:?]
	at net.minecraft.world.item.crafting.ShapedRecipe.m_44210_(ShapedRecipe.java:278) ~[server-1.20.1-20230612.114412-srg.jar%23473!/:?]
	at net.minecraft.world.item.crafting.ShapedRecipe$Serializer.m_6729_(ShapedRecipe.java:306) ~[server-1.20.1-20230612.114412-srg.jar%23473!/:?]
	at net.minecraft.world.item.crafting.ShapedRecipe$Serializer.m_6729_(ShapedRecipe.java:301) ~[server-1.20.1-20230612.114412-srg.jar%23473!/:?]
	at net.minecraftforge.common.extensions.IForgeRecipeSerializer.fromJson(IForgeRecipeSerializer.java:23) ~[forge-1.20.1-47.4.0-universal.jar%23478!/:?]
	at net.minecraft.world.item.crafting.RecipeManager.fromJson(RecipeManager.java:171) ~[server-1.20.1-20230612.114412-srg.jar%23473!/:?]
	at net.minecraft.world.item.crafting.RecipeManager.m_5787_(RecipeManager.java:67) ~[server-1.20.1-20230612.114412-srg.jar%23473!/:?]
	at net.minecraft.world.item.crafting.RecipeManager.m_5787_(RecipeManager.java:34) ~[server-1.20.1-20230612.114412-srg.jar%23473!/:?]
	at net.minecraft.server.packs.resources.SimplePreparableReloadListener.m_10789_(SimplePreparableReloadListener.java:13) ~[server-1.20.1-20230612.114412-srg.jar%23473!/:?]
	at java.util.concurrent.CompletableFuture$UniAccept.tryFire(CompletableFuture.java:718) ~[?:?]
	at java.util.concurrent.CompletableFuture$Completion.run(CompletableFuture.java:482) ~[?:?]
	at net.minecraft.server.packs.resources.SimpleReloadInstance.m_143940_(SimpleReloadInstance.java:69) ~[server-1.20.1-20230612.114412-srg.jar%23473!/:?]
	at net.minecraft.Util.m_214652_(Util.java:783) ~[server-1.20.1-20230612.114412-srg.jar%23473!/:?]
	at net.minecraft.Util.m_214679_(Util.java:772) ~[server-1.20.1-20230612.114412-srg.jar%23473!/:?]
	at net.minecraft.server.Main.main(Main.java:166) ~[server-1.20.1-20230612.114412-srg.jar%23473!/:?]
	at jdk.internal.reflect.NativeMethodAccessorImpl.invoke0(Native Method) ~[?:?]
	at jdk.internal.reflect.NativeMethodAccessorImpl.invoke(NativeMethodAccessorImpl.java:77) ~[?:?]
	at jdk.internal.reflect.DelegatingMethodAccessorImpl.invoke(DelegatingMethodAccessorImpl.java:43) ~[?:?]
	at java.lang.reflect.Method.invoke(Method.java:569) ~[?:?]
	at net.minecraftforge.fml.loading.targets.CommonLaunchHandler.runTarget(CommonLaunchHandler.java:111) ~[fmlloader-1.20.1-47.4.0.jar%2369!/:?]
	at net.minecraftforge.fml.loading.targets.CommonLaunchHandler.serverService(CommonLaunchHandler.java:103) ~[fmlloader-1.20.1-47.4.0.jar%2369!/:?]
	at net.minecraftforge.fml.loading.targets.CommonServerLaunchHandler.lambda$makeService$0(CommonServerLaunchHandler.java:27) ~[fmlloader-1.20.1-47.4.0.jar%2369!/:?]
	at cpw.mods.modlauncher.LaunchServiceHandlerDecorator.launch(LaunchServiceHandlerDecorator.java:30) ~[modlauncher-10.0.9.jar%2355!/:?]
	at cpw.mods.modlauncher.LaunchServiceHandler.launch(LaunchServiceHandler.java:53) ~[modlauncher-10.0.9.jar%2355!/:?]
	at cpw.mods.modlauncher.LaunchServiceHandler.launch(LaunchServiceHandler.java:71) ~[modlauncher-10.0.9.jar%2355!/:?]
	at cpw.mods.modlauncher.Launcher.run(Launcher.java:108) ~[modlauncher-10.0.9.jar%2355!/:?]
	at cpw.mods.modlauncher.Launcher.main(Launcher.java:78) ~[modlauncher-10.0.9.jar%2355!/:?]
	at cpw.mods.modlauncher.BootstrapLaunchConsumer.accept(BootstrapLaunchConsumer.java:26) ~[modlauncher-10.0.9.jar%2355!/:?]
	at cpw.mods.modlauncher.BootstrapLaunchConsumer.accept(BootstrapLaunchConsumer.java:23) ~[modlauncher-10.0.9.jar%2355!/:?]
	at cpw.mods.bootstraplauncher.BootstrapLauncher.main(BootstrapLauncher.java:141) ~[bootstraplauncher-1.1.2.jar:?]
[10Oct2025 00:16:10.255] [main/INFO] [net.minecraft.world.item.crafting.RecipeManager/]: Skipping loading recipe collectorsreap:integration/create/mixing/gummy/vanilla as it's serializer returned null
[10Oct2025 00:16:10.256] [main/ERROR] [net.minecraft.world.item.crafting.RecipeManager/]: Parsing error loading recipe dungeons_and_combat:dragon_fire_dagger_recipe
com.google.gson.JsonSyntaxException: Unknown item 'iceandfire:fire_dragon_blood'
	at net.minecraft.world.item.crafting.ShapedRecipe.m_151280_(ShapedRecipe.java:292) ~[server-1.20.1-20230612.114412-srg.jar%23473!/:?]
	at java.util.Optional.orElseThrow(Optional.java:403) ~[?:?]
	at net.minecraft.world.item.crafting.ShapedRecipe.m_151278_(ShapedRecipe.java:291) ~[server-1.20.1-20230612.114412-srg.jar%23473!/:?]
	at net.minecraft.world.item.crafting.Ingredient.m_43919_(Ingredient.java:219) ~[server-1.20.1-20230612.114412-srg.jar%23473!/:?]
	at net.minecraftforge.common.crafting.VanillaIngredientSerializer.parse(VanillaIngredientSerializer.java:27) ~[forge-1.20.1-47.4.0-universal.jar%23478!/:?]
	at net.minecraftforge.common.crafting.CraftingHelper.getIngredient(CraftingHelper.java:148) ~[forge-1.20.1-47.4.0-universal.jar%23478!/:?]
	at net.minecraft.world.item.crafting.Ingredient.m_288218_(Ingredient.java:194) ~[server-1.20.1-20230612.114412-srg.jar%23473!/:?]
	at net.minecraft.world.item.crafting.ShapedRecipe.m_44210_(ShapedRecipe.java:278) ~[server-1.20.1-20230612.114412-srg.jar%23473!/:?]
	at net.minecraft.world.item.crafting.ShapedRecipe$Serializer.m_6729_(ShapedRecipe.java:306) ~[server-1.20.1-20230612.114412-srg.jar%23473!/:?]
	at net.minecraft.world.item.crafting.ShapedRecipe$Serializer.m_6729_(ShapedRecipe.java:301) ~[server-1.20.1-20230612.114412-srg.jar%23473!/:?]
	at net.minecraftforge.common.extensions.IForgeRecipeSerializer.fromJson(IForgeRecipeSerializer.java:23) ~[forge-1.20.1-47.4.0-universal.jar%23478!/:?]
	at net.minecraft.world.item.crafting.RecipeManager.fromJson(RecipeManager.java:171) ~[server-1.20.1-20230612.114412-srg.jar%23473!/:?]
	at net.minecraft.world.item.crafting.RecipeManager.m_5787_(RecipeManager.java:67) ~[server-1.20.1-20230612.114412-srg.jar%23473!/:?]
	at net.minecraft.world.item.crafting.RecipeManager.m_5787_(RecipeManager.java:34) ~[server-1.20.1-20230612.114412-srg.jar%23473!/:?]
	at net.minecraft.server.packs.resources.SimplePreparableReloadListener.m_10789_(SimplePreparableReloadListener.java:13) ~[server-1.20.1-20230612.114412-srg.jar%23473!/:?]
	at java.util.concurrent.CompletableFuture$UniAccept.tryFire(CompletableFuture.java:718) ~[?:?]
	at java.util.concurrent.CompletableFuture$Completion.run(CompletableFuture.java:482) ~[?:?]
	at net.minecraft.server.packs.resources.SimpleReloadInstance.m_143940_(SimpleReloadInstance.java:69) ~[server-1.20.1-20230612.114412-srg.jar%23473!/:?]
	at net.minecraft.Util.m_214652_(Util.java:783) ~[server-1.20.1-20230612.114412-srg.jar%23473!/:?]
	at net.minecraft.Util.m_214679_(Util.java:772) ~[server-1.20.1-20230612.114412-srg.jar%23473!/:?]
	at net.minecraft.server.Main.main(Main.java:166) ~[server-1.20.1-20230612.114412-srg.jar%23473!/:?]
	at jdk.internal.reflect.NativeMethodAccessorImpl.invoke0(Native Method) ~[?:?]
	at jdk.internal.reflect.NativeMethodAccessorImpl.invoke(NativeMethodAccessorImpl.java:77) ~[?:?]
	at jdk.internal.reflect.DelegatingMethodAccessorImpl.invoke(DelegatingMethodAccessorImpl.java:43) ~[?:?]
	at java.lang.reflect.Method.invoke(Method.java:569) ~[?:?]
	at net.minecraftforge.fml.loading.targets.CommonLaunchHandler.runTarget(CommonLaunchHandler.java:111) ~[fmlloader-1.20.1-47.4.0.jar%2369!/:?]
	at net.minecraftforge.fml.loading.targets.CommonLaunchHandler.serverService(CommonLaunchHandler.java:103) ~[fmlloader-1.20.1-47.4.0.jar%2369!/:?]
	at net.minecraftforge.fml.loading.targets.CommonServerLaunchHandler.lambda$makeService$0(CommonServerLaunchHandler.java:27) ~[fmlloader-1.20.1-47.4.0.jar%2369!/:?]
	at cpw.mods.modlauncher.LaunchServiceHandlerDecorator.launch(LaunchServiceHandlerDecorator.java:30) ~[modlauncher-10.0.9.jar%2355!/:?]
	at cpw.mods.modlauncher.LaunchServiceHandler.launch(LaunchServiceHandler.java:53) ~[modlauncher-10.0.9.jar%2355!/:?]
	at cpw.mods.modlauncher.LaunchServiceHandler.launch(LaunchServiceHandler.java:71) ~[modlauncher-10.0.9.jar%2355!/:?]
	at cpw.mods.modlauncher.Launcher.run(Launcher.java:108) ~[modlauncher-10.0.9.jar%2355!/:?]
	at cpw.mods.modlauncher.Launcher.main(Launcher.java:78) ~[modlauncher-10.0.9.jar%2355!/:?]
	at cpw.mods.modlauncher.BootstrapLaunchConsumer.accept(BootstrapLaunchConsumer.java:26) ~[modlauncher-10.0.9.jar%2355!/:?]
	at cpw.mods.modlauncher.BootstrapLaunchConsumer.accept(BootstrapLaunchConsumer.java:23) ~[modlauncher-10.0.9.jar%2355!/:?]
	at cpw.mods.bootstraplauncher.BootstrapLauncher.main(BootstrapLauncher.java:141) ~[bootstraplauncher-1.1.2.jar:?]
[10Oct2025 00:16:10.267] [main/ERROR] [net.minecraft.world.item.crafting.RecipeManager/]: Parsing error loading recipe farmersrespite:chilidog_alt
com.google.gson.JsonSyntaxException: Unknown item 'farmersrespite:blazing_chili'
	at net.minecraft.world.item.crafting.ShapedRecipe.m_151280_(ShapedRecipe.java:292) ~[server-1.20.1-20230612.114412-srg.jar%23473!/:?]
	at java.util.Optional.orElseThrow(Optional.java:403) ~[?:?]
	at net.minecraft.world.item.crafting.ShapedRecipe.m_151278_(ShapedRecipe.java:291) ~[server-1.20.1-20230612.114412-srg.jar%23473!/:?]
	at net.minecraft.world.item.crafting.Ingredient.m_43919_(Ingredient.java:219) ~[server-1.20.1-20230612.114412-srg.jar%23473!/:?]
	at net.minecraftforge.common.crafting.VanillaIngredientSerializer.parse(VanillaIngredientSerializer.java:27) ~[forge-1.20.1-47.4.0-universal.jar%23478!/:?]
	at net.minecraftforge.common.crafting.CraftingHelper.getIngredient(CraftingHelper.java:148) ~[forge-1.20.1-47.4.0-universal.jar%23478!/:?]
	at net.minecraft.world.item.crafting.Ingredient.m_288218_(Ingredient.java:194) ~[server-1.20.1-20230612.114412-srg.jar%23473!/:?]
	at net.minecraft.world.item.crafting.ShapelessRecipe$Serializer.m_44275_(ShapelessRecipe.java:104) ~[server-1.20.1-20230612.114412-srg.jar%23473!/:?]
	at net.minecraft.world.item.crafting.ShapelessRecipe$Serializer.m_6729_(ShapelessRecipe.java:89) ~[server-1.20.1-20230612.114412-srg.jar%23473!/:?]
	at net.minecraft.world.item.crafting.ShapelessRecipe$Serializer.m_6729_(ShapelessRecipe.java:84) ~[server-1.20.1-20230612.114412-srg.jar%23473!/:?]
	at net.minecraftforge.common.extensions.IForgeRecipeSerializer.fromJson(IForgeRecipeSerializer.java:23) ~[forge-1.20.1-47.4.0-universal.jar%23478!/:?]
	at net.minecraft.world.item.crafting.RecipeManager.fromJson(RecipeManager.java:171) ~[server-1.20.1-20230612.114412-srg.jar%23473!/:?]
	at net.minecraft.world.item.crafting.RecipeManager.m_5787_(RecipeManager.java:67) ~[server-1.20.1-20230612.114412-srg.jar%23473!/:?]
	at net.minecraft.world.item.crafting.RecipeManager.m_5787_(RecipeManager.java:34) ~[server-1.20.1-20230612.114412-srg.jar%23473!/:?]
	at net.minecraft.server.packs.resources.SimplePreparableReloadListener.m_10789_(SimplePreparableReloadListener.java:13) ~[server-1.20.1-20230612.114412-srg.jar%23473!/:?]
	at java.util.concurrent.CompletableFuture$UniAccept.tryFire(CompletableFuture.java:718) ~[?:?]
	at java.util.concurrent.CompletableFuture$Completion.run(CompletableFuture.java:482) ~[?:?]
	at net.minecraft.server.packs.resources.SimpleReloadInstance.m_143940_(SimpleReloadInstance.java:69) ~[server-1.20.1-20230612.114412-srg.jar%23473!/:?]
	at net.minecraft.Util.m_214652_(Util.java:783) ~[server-1.20.1-20230612.114412-srg.jar%23473!/:?]
	at net.minecraft.Util.m_214679_(Util.java:772) ~[server-1.20.1-20230612.114412-srg.jar%23473!/:?]
	at net.minecraft.server.Main.main(Main.java:166) ~[server-1.20.1-20230612.114412-srg.jar%23473!/:?]
	at jdk.internal.reflect.NativeMethodAccessorImpl.invoke0(Native Method) ~[?:?]
	at jdk.internal.reflect.NativeMethodAccessorImpl.invoke(NativeMethodAccessorImpl.java:77) ~[?:?]
	at jdk.internal.reflect.DelegatingMethodAccessorImpl.invoke(DelegatingMethodAccessorImpl.java:43) ~[?:?]
	at java.lang.reflect.Method.invoke(Method.java:569) ~[?:?]
	at net.minecraftforge.fml.loading.targets.CommonLaunchHandler.runTarget(CommonLaunchHandler.java:111) ~[fmlloader-1.20.1-47.4.0.jar%2369!/:?]
	at net.minecraftforge.fml.loading.targets.CommonLaunchHandler.serverService(CommonLaunchHandler.java:103) ~[fmlloader-1.20.1-47.4.0.jar%2369!/:?]
	at net.minecraftforge.fml.loading.targets.CommonServerLaunchHandler.lambda$makeService$0(CommonServerLaunchHandler.java:27) ~[fmlloader-1.20.1-47.4.0.jar%2369!/:?]
	at cpw.mods.modlauncher.LaunchServiceHandlerDecorator.launch(LaunchServiceHandlerDecorator.java:30) ~[modlauncher-10.0.9.jar%2355!/:?]
	at cpw.mods.modlauncher.LaunchServiceHandler.launch(LaunchServiceHandler.java:53) ~[modlauncher-10.0.9.jar%2355!/:?]
	at cpw.mods.modlauncher.LaunchServiceHandler.launch(LaunchServiceHandler.java:71) ~[modlauncher-10.0.9.jar%2355!/:?]
	at cpw.mods.modlauncher.Launcher.run(Launcher.java:108) ~[modlauncher-10.0.9.jar%2355!/:?]
	at cpw.mods.modlauncher.Launcher.main(Launcher.java:78) ~[modlauncher-10.0.9.jar%2355!/:?]
	at cpw.mods.modlauncher.BootstrapLaunchConsumer.accept(BootstrapLaunchConsumer.java:26) ~[modlauncher-10.0.9.jar%2355!/:?]
	at cpw.mods.modlauncher.BootstrapLaunchConsumer.accept(BootstrapLaunchConsumer.java:23) ~[modlauncher-10.0.9.jar%2355!/:?]
	at cpw.mods.bootstraplauncher.BootstrapLauncher.main(BootstrapLauncher.java:141) ~[bootstraplauncher-1.1.2.jar:?]
[10Oct2025 00:16:10.268] [main/ERROR] [net.minecraft.world.item.crafting.RecipeManager/]: Parsing error loading recipe dungeons_and_combat:red_chestplate
com.google.gson.JsonSyntaxException: Unknown item 'iceandfire:armor_red_chestplate'
	at net.minecraft.world.item.crafting.ShapedRecipe.m_151280_(ShapedRecipe.java:292) ~[server-1.20.1-20230612.114412-srg.jar%23473!/:?]
	at java.util.Optional.orElseThrow(Optional.java:403) ~[?:?]
	at net.minecraft.world.item.crafting.ShapedRecipe.m_151278_(ShapedRecipe.java:291) ~[server-1.20.1-20230612.114412-srg.jar%23473!/:?]
	at net.minecraft.world.item.crafting.Ingredient.m_43919_(Ingredient.java:219) ~[server-1.20.1-20230612.114412-srg.jar%23473!/:?]
	at net.minecraftforge.common.crafting.VanillaIngredientSerializer.parse(VanillaIngredientSerializer.java:27) ~[forge-1.20.1-47.4.0-universal.jar%23478!/:?]
	at net.minecraftforge.common.crafting.CraftingHelper.getIngredient(CraftingHelper.java:148) ~[forge-1.20.1-47.4.0-universal.jar%23478!/:?]
	at net.minecraft.world.item.crafting.Ingredient.m_288218_(Ingredient.java:194) ~[server-1.20.1-20230612.114412-srg.jar%23473!/:?]
	at net.minecraft.world.item.crafting.Ingredient.m_43917_(Ingredient.java:189) ~[server-1.20.1-20230612.114412-srg.jar%23473!/:?]
	at net.minecraft.world.item.crafting.SmithingTransformRecipe$Serializer.m_6729_(SmithingTransformRecipe.java:74) ~[server-1.20.1-20230612.114412-srg.jar%23473!/:?]
	at net.minecraft.world.item.crafting.SmithingTransformRecipe$Serializer.m_6729_(SmithingTransformRecipe.java:71) ~[server-1.20.1-20230612.114412-srg.jar%23473!/:?]
	at net.minecraftforge.common.extensions.IForgeRecipeSerializer.fromJson(IForgeRecipeSerializer.java:23) ~[forge-1.20.1-47.4.0-universal.jar%23478!/:?]
	at net.minecraft.world.item.crafting.RecipeManager.fromJson(RecipeManager.java:171) ~[server-1.20.1-20230612.114412-srg.jar%23473!/:?]
	at net.minecraft.world.item.crafting.RecipeManager.m_5787_(RecipeManager.java:67) ~[server-1.20.1-20230612.114412-srg.jar%23473!/:?]
	at net.minecraft.world.item.crafting.RecipeManager.m_5787_(RecipeManager.java:34) ~[server-1.20.1-20230612.114412-srg.jar%23473!/:?]
	at net.minecraft.server.packs.resources.SimplePreparableReloadListener.m_10789_(SimplePreparableReloadListener.java:13) ~[server-1.20.1-20230612.114412-srg.jar%23473!/:?]
	at java.util.concurrent.CompletableFuture$UniAccept.tryFire(CompletableFuture.java:718) ~[?:?]
	at java.util.concurrent.CompletableFuture$Completion.run(CompletableFuture.java:482) ~[?:?]
	at net.minecraft.server.packs.resources.SimpleReloadInstance.m_143940_(SimpleReloadInstance.java:69) ~[server-1.20.1-20230612.114412-srg.jar%23473!/:?]
	at net.minecraft.Util.m_214652_(Util.java:783) ~[server-1.20.1-20230612.114412-srg.jar%23473!/:?]
	at net.minecraft.Util.m_214679_(Util.java:772) ~[server-1.20.1-20230612.114412-srg.jar%23473!/:?]
	at net.minecraft.server.Main.main(Main.java:166) ~[server-1.20.1-20230612.114412-srg.jar%23473!/:?]
	at jdk.internal.reflect.NativeMethodAccessorImpl.invoke0(Native Method) ~[?:?]
	at jdk.internal.reflect.NativeMethodAccessorImpl.invoke(NativeMethodAccessorImpl.java:77) ~[?:?]
	at jdk.internal.reflect.DelegatingMethodAccessorImpl.invoke(DelegatingMethodAccessorImpl.java:43) ~[?:?]
	at java.lang.reflect.Method.invoke(Method.java:569) ~[?:?]
	at net.minecraftforge.fml.loading.targets.CommonLaunchHandler.runTarget(CommonLaunchHandler.java:111) ~[fmlloader-1.20.1-47.4.0.jar%2369!/:?]
	at net.minecraftforge.fml.loading.targets.CommonLaunchHandler.serverService(CommonLaunchHandler.java:103) ~[fmlloader-1.20.1-47.4.0.jar%2369!/:?]
	at net.minecraftforge.fml.loading.targets.CommonServerLaunchHandler.lambda$makeService$0(CommonServerLaunchHandler.java:27) ~[fmlloader-1.20.1-47.4.0.jar%2369!/:?]
	at cpw.mods.modlauncher.LaunchServiceHandlerDecorator.launch(LaunchServiceHandlerDecorator.java:30) ~[modlauncher-10.0.9.jar%2355!/:?]
	at cpw.mods.modlauncher.LaunchServiceHandler.launch(LaunchServiceHandler.java:53) ~[modlauncher-10.0.9.jar%2355!/:?]
	at cpw.mods.modlauncher.LaunchServiceHandler.launch(LaunchServiceHandler.java:71) ~[modlauncher-10.0.9.jar%2355!/:?]
	at cpw.mods.modlauncher.Launcher.run(Launcher.java:108) ~[modlauncher-10.0.9.jar%2355!/:?]
	at cpw.mods.modlauncher.Launcher.main(Launcher.java:78) ~[modlauncher-10.0.9.jar%2355!/:?]
	at cpw.mods.modlauncher.BootstrapLaunchConsumer.accept(BootstrapLaunchConsumer.java:26) ~[modlauncher-10.0.9.jar%2355!/:?]
	at cpw.mods.modlauncher.BootstrapLaunchConsumer.accept(BootstrapLaunchConsumer.java:23) ~[modlauncher-10.0.9.jar%2355!/:?]
	at cpw.mods.bootstraplauncher.BootstrapLauncher.main(BootstrapLauncher.java:141) ~[bootstraplauncher-1.1.2.jar:?]
[10Oct2025 00:16:10.272] [main/ERROR] [net.minecraft.world.item.crafting.RecipeManager/]: Parsing error loading recipe dungeons_and_combat:electric_helmet
com.google.gson.JsonSyntaxException: Unknown item 'iceandfire:armor_electric_helmet'
	at net.minecraft.world.item.crafting.ShapedRecipe.m_151280_(ShapedRecipe.java:292) ~[server-1.20.1-20230612.114412-srg.jar%23473!/:?]
	at java.util.Optional.orElseThrow(Optional.java:403) ~[?:?]
	at net.minecraft.world.item.crafting.ShapedRecipe.m_151278_(ShapedRecipe.java:291) ~[server-1.20.1-20230612.114412-srg.jar%23473!/:?]
	at net.minecraft.world.item.crafting.Ingredient.m_43919_(Ingredient.java:219) ~[server-1.20.1-20230612.114412-srg.jar%23473!/:?]
	at net.minecraftforge.common.crafting.VanillaIngredientSerializer.parse(VanillaIngredientSerializer.java:27) ~[forge-1.20.1-47.4.0-universal.jar%23478!/:?]
	at net.minecraftforge.common.crafting.CraftingHelper.getIngredient(CraftingHelper.java:148) ~[forge-1.20.1-47.4.0-universal.jar%23478!/:?]
	at net.minecraft.world.item.crafting.Ingredient.m_288218_(Ingredient.java:194) ~[server-1.20.1-20230612.114412-srg.jar%23473!/:?]
	at net.minecraft.world.item.crafting.Ingredient.m_43917_(Ingredient.java:189) ~[server-1.20.1-20230612.114412-srg.jar%23473!/:?]
	at net.minecraft.world.item.crafting.SmithingTransformRecipe$Serializer.m_6729_(SmithingTransformRecipe.java:74) ~[server-1.20.1-20230612.114412-srg.jar%23473!/:?]
	at net.minecraft.world.item.crafting.SmithingTransformRecipe$Serializer.m_6729_(SmithingTransformRecipe.java:71) ~[server-1.20.1-20230612.114412-srg.jar%23473!/:?]
	at net.minecraftforge.common.extensions.IForgeRecipeSerializer.fromJson(IForgeRecipeSerializer.java:23) ~[forge-1.20.1-47.4.0-universal.jar%23478!/:?]
	at net.minecraft.world.item.crafting.RecipeManager.fromJson(RecipeManager.java:171) ~[server-1.20.1-20230612.114412-srg.jar%23473!/:?]
	at net.minecraft.world.item.crafting.RecipeManager.m_5787_(RecipeManager.java:67) ~[server-1.20.1-20230612.114412-srg.jar%23473!/:?]
	at net.minecraft.world.item.crafting.RecipeManager.m_5787_(RecipeManager.java:34) ~[server-1.20.1-20230612.114412-srg.jar%23473!/:?]
	at net.minecraft.server.packs.resources.SimplePreparableReloadListener.m_10789_(SimplePreparableReloadListener.java:13) ~[server-1.20.1-20230612.114412-srg.jar%23473!/:?]
	at java.util.concurrent.CompletableFuture$UniAccept.tryFire(CompletableFuture.java:718) ~[?:?]
	at java.util.concurrent.CompletableFuture$Completion.run(CompletableFuture.java:482) ~[?:?]
	at net.minecraft.server.packs.resources.SimpleReloadInstance.m_143940_(SimpleReloadInstance.java:69) ~[server-1.20.1-20230612.114412-srg.jar%23473!/:?]
	at net.minecraft.Util.m_214652_(Util.java:783) ~[server-1.20.1-20230612.114412-srg.jar%23473!/:?]
	at net.minecraft.Util.m_214679_(Util.java:772) ~[server-1.20.1-20230612.114412-srg.jar%23473!/:?]
	at net.minecraft.server.Main.main(Main.java:166) ~[server-1.20.1-20230612.114412-srg.jar%23473!/:?]
	at jdk.internal.reflect.NativeMethodAccessorImpl.invoke0(Native Method) ~[?:?]
	at jdk.internal.reflect.NativeMethodAccessorImpl.invoke(NativeMethodAccessorImpl.java:77) ~[?:?]
	at jdk.internal.reflect.DelegatingMethodAccessorImpl.invoke(DelegatingMethodAccessorImpl.java:43) ~[?:?]
	at java.lang.reflect.Method.invoke(Method.java:569) ~[?:?]
	at net.minecraftforge.fml.loading.targets.CommonLaunchHandler.runTarget(CommonLaunchHandler.java:111) ~[fmlloader-1.20.1-47.4.0.jar%2369!/:?]
	at net.minecraftforge.fml.loading.targets.CommonLaunchHandler.serverService(CommonLaunchHandler.java:103) ~[fmlloader-1.20.1-47.4.0.jar%2369!/:?]
	at net.minecraftforge.fml.loading.targets.CommonServerLaunchHandler.lambda$makeService$0(CommonServerLaunchHandler.java:27) ~[fmlloader-1.20.1-47.4.0.jar%2369!/:?]
	at cpw.mods.modlauncher.LaunchServiceHandlerDecorator.launch(LaunchServiceHandlerDecorator.java:30) ~[modlauncher-10.0.9.jar%2355!/:?]
	at cpw.mods.modlauncher.LaunchServiceHandler.launch(LaunchServiceHandler.java:53) ~[modlauncher-10.0.9.jar%2355!/:?]
	at cpw.mods.modlauncher.LaunchServiceHandler.launch(LaunchServiceHandler.java:71) ~[modlauncher-10.0.9.jar%2355!/:?]
	at cpw.mods.modlauncher.Launcher.run(Launcher.java:108) ~[modlauncher-10.0.9.jar%2355!/:?]
	at cpw.mods.modlauncher.Launcher.main(Launcher.java:78) ~[modlauncher-10.0.9.jar%2355!/:?]
	at cpw.mods.modlauncher.BootstrapLaunchConsumer.accept(BootstrapLaunchConsumer.java:26) ~[modlauncher-10.0.9.jar%2355!/:?]
	at cpw.mods.modlauncher.BootstrapLaunchConsumer.accept(BootstrapLaunchConsumer.java:23) ~[modlauncher-10.0.9.jar%2355!/:?]
	at cpw.mods.bootstraplauncher.BootstrapLauncher.main(BootstrapLauncher.java:141) ~[bootstraplauncher-1.1.2.jar:?]
[10Oct2025 00:16:10.273] [main/ERROR] [net.minecraft.world.item.crafting.RecipeManager/]: Parsing error loading recipe dungeons_and_combat:green_leggings
com.google.gson.JsonSyntaxException: Unknown item 'iceandfire:armor_green_leggings'
	at net.minecraft.world.item.crafting.ShapedRecipe.m_151280_(ShapedRecipe.java:292) ~[server-1.20.1-20230612.114412-srg.jar%23473!/:?]
	at java.util.Optional.orElseThrow(Optional.java:403) ~[?:?]
	at net.minecraft.world.item.crafting.ShapedRecipe.m_151278_(ShapedRecipe.java:291) ~[server-1.20.1-20230612.114412-srg.jar%23473!/:?]
	at net.minecraft.world.item.crafting.Ingredient.m_43919_(Ingredient.java:219) ~[server-1.20.1-20230612.114412-srg.jar%23473!/:?]
	at net.minecraftforge.common.crafting.VanillaIngredientSerializer.parse(VanillaIngredientSerializer.java:27) ~[forge-1.20.1-47.4.0-universal.jar%23478!/:?]
	at net.minecraftforge.common.crafting.CraftingHelper.getIngredient(CraftingHelper.java:148) ~[forge-1.20.1-47.4.0-universal.jar%23478!/:?]
	at net.minecraft.world.item.crafting.Ingredient.m_288218_(Ingredient.java:194) ~[server-1.20.1-20230612.114412-srg.jar%23473!/:?]
	at net.minecraft.world.item.crafting.Ingredient.m_43917_(Ingredient.java:189) ~[server-1.20.1-20230612.114412-srg.jar%23473!/:?]
	at net.minecraft.world.item.crafting.SmithingTransformRecipe$Serializer.m_6729_(SmithingTransformRecipe.java:74) ~[server-1.20.1-20230612.114412-srg.jar%23473!/:?]
	at net.minecraft.world.item.crafting.SmithingTransformRecipe$Serializer.m_6729_(SmithingTransformRecipe.java:71) ~[server-1.20.1-20230612.114412-srg.jar%23473!/:?]
	at net.minecraftforge.common.extensions.IForgeRecipeSerializer.fromJson(IForgeRecipeSerializer.java:23) ~[forge-1.20.1-47.4.0-universal.jar%23478!/:?]
	at net.minecraft.world.item.crafting.RecipeManager.fromJson(RecipeManager.java:171) ~[server-1.20.1-20230612.114412-srg.jar%23473!/:?]
	at net.minecraft.world.item.crafting.RecipeManager.m_5787_(RecipeManager.java:67) ~[server-1.20.1-20230612.114412-srg.jar%23473!/:?]
	at net.minecraft.world.item.crafting.RecipeManager.m_5787_(RecipeManager.java:34) ~[server-1.20.1-20230612.114412-srg.jar%23473!/:?]
	at net.minecraft.server.packs.resources.SimplePreparableReloadListener.m_10789_(SimplePreparableReloadListener.java:13) ~[server-1.20.1-20230612.114412-srg.jar%23473!/:?]
	at java.util.concurrent.CompletableFuture$UniAccept.tryFire(CompletableFuture.java:718) ~[?:?]
	at java.util.concurrent.CompletableFuture$Completion.run(CompletableFuture.java:482) ~[?:?]
	at net.minecraft.server.packs.resources.SimpleReloadInstance.m_143940_(SimpleReloadInstance.java:69) ~[server-1.20.1-20230612.114412-srg.jar%23473!/:?]
	at net.minecraft.Util.m_214652_(Util.java:783) ~[server-1.20.1-20230612.114412-srg.jar%23473!/:?]
	at net.minecraft.Util.m_214679_(Util.java:772) ~[server-1.20.1-20230612.114412-srg.jar%23473!/:?]
	at net.minecraft.server.Main.main(Main.java:166) ~[server-1.20.1-20230612.114412-srg.jar%23473!/:?]
	at jdk.internal.reflect.NativeMethodAccessorImpl.invoke0(Native Method) ~[?:?]
	at jdk.internal.reflect.NativeMethodAccessorImpl.invoke(NativeMethodAccessorImpl.java:77) ~[?:?]
	at jdk.internal.reflect.DelegatingMethodAccessorImpl.invoke(DelegatingMethodAccessorImpl.java:43) ~[?:?]
	at java.lang.reflect.Method.invoke(Method.java:569) ~[?:?]
	at net.minecraftforge.fml.loading.targets.CommonLaunchHandler.runTarget(CommonLaunchHandler.java:111) ~[fmlloader-1.20.1-47.4.0.jar%2369!/:?]
	at net.minecraftforge.fml.loading.targets.CommonLaunchHandler.serverService(CommonLaunchHandler.java:103) ~[fmlloader-1.20.1-47.4.0.jar%2369!/:?]
	at net.minecraftforge.fml.loading.targets.CommonServerLaunchHandler.lambda$makeService$0(CommonServerLaunchHandler.java:27) ~[fmlloader-1.20.1-47.4.0.jar%2369!/:?]
	at cpw.mods.modlauncher.LaunchServiceHandlerDecorator.launch(LaunchServiceHandlerDecorator.java:30) ~[modlauncher-10.0.9.jar%2355!/:?]
	at cpw.mods.modlauncher.LaunchServiceHandler.launch(LaunchServiceHandler.java:53) ~[modlauncher-10.0.9.jar%2355!/:?]
	at cpw.mods.modlauncher.LaunchServiceHandler.launch(LaunchServiceHandler.java:71) ~[modlauncher-10.0.9.jar%2355!/:?]
	at cpw.mods.modlauncher.Launcher.run(Launcher.java:108) ~[modlauncher-10.0.9.jar%2355!/:?]
	at cpw.mods.modlauncher.Launcher.main(Launcher.java:78) ~[modlauncher-10.0.9.jar%2355!/:?]
	at cpw.mods.modlauncher.BootstrapLaunchConsumer.accept(BootstrapLaunchConsumer.java:26) ~[modlauncher-10.0.9.jar%2355!/:?]
	at cpw.mods.modlauncher.BootstrapLaunchConsumer.accept(BootstrapLaunchConsumer.java:23) ~[modlauncher-10.0.9.jar%2355!/:?]
	at cpw.mods.bootstraplauncher.BootstrapLauncher.main(BootstrapLauncher.java:141) ~[bootstraplauncher-1.1.2.jar:?]
[10Oct2025 00:16:10.277] [main/ERROR] [net.minecraft.world.item.crafting.RecipeManager/]: Parsing error loading recipe dungeons_and_combat:gray_leggings
com.google.gson.JsonSyntaxException: Unknown item 'iceandfire:armor_gray_leggings'
	at net.minecraft.world.item.crafting.ShapedRecipe.m_151280_(ShapedRecipe.java:292) ~[server-1.20.1-20230612.114412-srg.jar%23473!/:?]
	at java.util.Optional.orElseThrow(Optional.java:403) ~[?:?]
	at net.minecraft.world.item.crafting.ShapedRecipe.m_151278_(ShapedRecipe.java:291) ~[server-1.20.1-20230612.114412-srg.jar%23473!/:?]
	at net.minecraft.world.item.crafting.Ingredient.m_43919_(Ingredient.java:219) ~[server-1.20.1-20230612.114412-srg.jar%23473!/:?]
	at net.minecraftforge.common.crafting.VanillaIngredientSerializer.parse(VanillaIngredientSerializer.java:27) ~[forge-1.20.1-47.4.0-universal.jar%23478!/:?]
	at net.minecraftforge.common.crafting.CraftingHelper.getIngredient(CraftingHelper.java:148) ~[forge-1.20.1-47.4.0-universal.jar%23478!/:?]
	at net.minecraft.world.item.crafting.Ingredient.m_288218_(Ingredient.java:194) ~[server-1.20.1-20230612.114412-srg.jar%23473!/:?]
	at net.minecraft.world.item.crafting.Ingredient.m_43917_(Ingredient.java:189) ~[server-1.20.1-20230612.114412-srg.jar%23473!/:?]
	at net.minecraft.world.item.crafting.SmithingTransformRecipe$Serializer.m_6729_(SmithingTransformRecipe.java:74) ~[server-1.20.1-20230612.114412-srg.jar%23473!/:?]
	at net.minecraft.world.item.crafting.SmithingTransformRecipe$Serializer.m_6729_(SmithingTransformRecipe.java:71) ~[server-1.20.1-20230612.114412-srg.jar%23473!/:?]
	at net.minecraftforge.common.extensions.IForgeRecipeSerializer.fromJson(IForgeRecipeSerializer.java:23) ~[forge-1.20.1-47.4.0-universal.jar%23478!/:?]
	at net.minecraft.world.item.crafting.RecipeManager.fromJson(RecipeManager.java:171) ~[server-1.20.1-20230612.114412-srg.jar%23473!/:?]
	at net.minecraft.world.item.crafting.RecipeManager.m_5787_(RecipeManager.java:67) ~[server-1.20.1-20230612.114412-srg.jar%23473!/:?]
	at net.minecraft.world.item.crafting.RecipeManager.m_5787_(RecipeManager.java:34) ~[server-1.20.1-20230612.114412-srg.jar%23473!/:?]
	at net.minecraft.server.packs.resources.SimplePreparableReloadListener.m_10789_(SimplePreparableReloadListener.java:13) ~[server-1.20.1-20230612.114412-srg.jar%23473!/:?]
	at java.util.concurrent.CompletableFuture$UniAccept.tryFire(CompletableFuture.java:718) ~[?:?]
	at java.util.concurrent.CompletableFuture$Completion.run(CompletableFuture.java:482) ~[?:?]
	at net.minecraft.server.packs.resources.SimpleReloadInstance.m_143940_(SimpleReloadInstance.java:69) ~[server-1.20.1-20230612.114412-srg.jar%23473!/:?]
	at net.minecraft.Util.m_214652_(Util.java:783) ~[server-1.20.1-20230612.114412-srg.jar%23473!/:?]
	at net.minecraft.Util.m_214679_(Util.java:772) ~[server-1.20.1-20230612.114412-srg.jar%23473!/:?]
	at net.minecraft.server.Main.main(Main.java:166) ~[server-1.20.1-20230612.114412-srg.jar%23473!/:?]
	at jdk.internal.reflect.NativeMethodAccessorImpl.invoke0(Native Method) ~[?:?]
	at jdk.internal.reflect.NativeMethodAccessorImpl.invoke(NativeMethodAccessorImpl.java:77) ~[?:?]
	at jdk.internal.reflect.DelegatingMethodAccessorImpl.invoke(DelegatingMethodAccessorImpl.java:43) ~[?:?]
	at java.lang.reflect.Method.invoke(Method.java:569) ~[?:?]
	at net.minecraftforge.fml.loading.targets.CommonLaunchHandler.runTarget(CommonLaunchHandler.java:111) ~[fmlloader-1.20.1-47.4.0.jar%2369!/:?]
	at net.minecraftforge.fml.loading.targets.CommonLaunchHandler.serverService(CommonLaunchHandler.java:103) ~[fmlloader-1.20.1-47.4.0.jar%2369!/:?]
	at net.minecraftforge.fml.loading.targets.CommonServerLaunchHandler.lambda$makeService$0(CommonServerLaunchHandler.java:27) ~[fmlloader-1.20.1-47.4.0.jar%2369!/:?]
	at cpw.mods.modlauncher.LaunchServiceHandlerDecorator.launch(LaunchServiceHandlerDecorator.java:30) ~[modlauncher-10.0.9.jar%2355!/:?]
	at cpw.mods.modlauncher.LaunchServiceHandler.launch(LaunchServiceHandler.java:53) ~[modlauncher-10.0.9.jar%2355!/:?]
	at cpw.mods.modlauncher.LaunchServiceHandler.launch(LaunchServiceHandler.java:71) ~[modlauncher-10.0.9.jar%2355!/:?]
	at cpw.mods.modlauncher.Launcher.run(Launcher.java:108) ~[modlauncher-10.0.9.jar%2355!/:?]
	at cpw.mods.modlauncher.Launcher.main(Launcher.java:78) ~[modlauncher-10.0.9.jar%2355!/:?]
	at cpw.mods.modlauncher.BootstrapLaunchConsumer.accept(BootstrapLaunchConsumer.java:26) ~[modlauncher-10.0.9.jar%2355!/:?]
	at cpw.mods.modlauncher.BootstrapLaunchConsumer.accept(BootstrapLaunchConsumer.java:23) ~[modlauncher-10.0.9.jar%2355!/:?]
	at cpw.mods.bootstraplauncher.BootstrapLauncher.main(BootstrapLauncher.java:141) ~[bootstraplauncher-1.1.2.jar:?]
[10Oct2025 00:16:10.284] [main/ERROR] [net.minecraft.world.item.crafting.RecipeManager/]: Parsing error loading recipe dungeons_and_combat:red_helmet
com.google.gson.JsonSyntaxException: Unknown item 'iceandfire:armor_red_helmet'
	at net.minecraft.world.item.crafting.ShapedRecipe.m_151280_(ShapedRecipe.java:292) ~[server-1.20.1-20230612.114412-srg.jar%23473!/:?]
	at java.util.Optional.orElseThrow(Optional.java:403) ~[?:?]
	at net.minecraft.world.item.crafting.ShapedRecipe.m_151278_(ShapedRecipe.java:291) ~[server-1.20.1-20230612.114412-srg.jar%23473!/:?]
	at net.minecraft.world.item.crafting.Ingredient.m_43919_(Ingredient.java:219) ~[server-1.20.1-20230612.114412-srg.jar%23473!/:?]
	at net.minecraftforge.common.crafting.VanillaIngredientSerializer.parse(VanillaIngredientSerializer.java:27) ~[forge-1.20.1-47.4.0-universal.jar%23478!/:?]
	at net.minecraftforge.common.crafting.CraftingHelper.getIngredient(CraftingHelper.java:148) ~[forge-1.20.1-47.4.0-universal.jar%23478!/:?]
	at net.minecraft.world.item.crafting.Ingredient.m_288218_(Ingredient.java:194) ~[server-1.20.1-20230612.114412-srg.jar%23473!/:?]
	at net.minecraft.world.item.crafting.Ingredient.m_43917_(Ingredient.java:189) ~[server-1.20.1-20230612.114412-srg.jar%23473!/:?]
	at net.minecraft.world.item.crafting.SmithingTransformRecipe$Serializer.m_6729_(SmithingTransformRecipe.java:74) ~[server-1.20.1-20230612.114412-srg.jar%23473!/:?]
	at net.minecraft.world.item.crafting.SmithingTransformRecipe$Serializer.m_6729_(SmithingTransformRecipe.java:71) ~[server-1.20.1-20230612.114412-srg.jar%23473!/:?]
	at net.minecraftforge.common.extensions.IForgeRecipeSerializer.fromJson(IForgeRecipeSerializer.java:23) ~[forge-1.20.1-47.4.0-universal.jar%23478!/:?]
	at net.minecraft.world.item.crafting.RecipeManager.fromJson(RecipeManager.java:171) ~[server-1.20.1-20230612.114412-srg.jar%23473!/:?]
	at net.minecraft.world.item.crafting.RecipeManager.m_5787_(RecipeManager.java:67) ~[server-1.20.1-20230612.114412-srg.jar%23473!/:?]
	at net.minecraft.world.item.crafting.RecipeManager.m_5787_(RecipeManager.java:34) ~[server-1.20.1-20230612.114412-srg.jar%23473!/:?]
	at net.minecraft.server.packs.resources.SimplePreparableReloadListener.m_10789_(SimplePreparableReloadListener.java:13) ~[server-1.20.1-20230612.114412-srg.jar%23473!/:?]
	at java.util.concurrent.CompletableFuture$UniAccept.tryFire(CompletableFuture.java:718) ~[?:?]
	at java.util.concurrent.CompletableFuture$Completion.run(CompletableFuture.java:482) ~[?:?]
	at net.minecraft.server.packs.resources.SimpleReloadInstance.m_143940_(SimpleReloadInstance.java:69) ~[server-1.20.1-20230612.114412-srg.jar%23473!/:?]
	at net.minecraft.Util.m_214652_(Util.java:783) ~[server-1.20.1-20230612.114412-srg.jar%23473!/:?]
	at net.minecraft.Util.m_214679_(Util.java:772) ~[server-1.20.1-20230612.114412-srg.jar%23473!/:?]
	at net.minecraft.server.Main.main(Main.java:166) ~[server-1.20.1-20230612.114412-srg.jar%23473!/:?]
	at jdk.internal.reflect.NativeMethodAccessorImpl.invoke0(Native Method) ~[?:?]
	at jdk.internal.reflect.NativeMethodAccessorImpl.invoke(NativeMethodAccessorImpl.java:77) ~[?:?]
	at jdk.internal.reflect.DelegatingMethodAccessorImpl.invoke(DelegatingMethodAccessorImpl.java:43) ~[?:?]
	at java.lang.reflect.Method.invoke(Method.java:569) ~[?:?]
	at net.minecraftforge.fml.loading.targets.CommonLaunchHandler.runTarget(CommonLaunchHandler.java:111) ~[fmlloader-1.20.1-47.4.0.jar%2369!/:?]
	at net.minecraftforge.fml.loading.targets.CommonLaunchHandler.serverService(CommonLaunchHandler.java:103) ~[fmlloader-1.20.1-47.4.0.jar%2369!/:?]
	at net.minecraftforge.fml.loading.targets.CommonServerLaunchHandler.lambda$makeService$0(CommonServerLaunchHandler.java:27) ~[fmlloader-1.20.1-47.4.0.jar%2369!/:?]
	at cpw.mods.modlauncher.LaunchServiceHandlerDecorator.launch(LaunchServiceHandlerDecorator.java:30) ~[modlauncher-10.0.9.jar%2355!/:?]
	at cpw.mods.modlauncher.LaunchServiceHandler.launch(LaunchServiceHandler.java:53) ~[modlauncher-10.0.9.jar%2355!/:?]
	at cpw.mods.modlauncher.LaunchServiceHandler.launch(LaunchServiceHandler.java:71) ~[modlauncher-10.0.9.jar%2355!/:?]
	at cpw.mods.modlauncher.Launcher.run(Launcher.java:108) ~[modlauncher-10.0.9.jar%2355!/:?]
	at cpw.mods.modlauncher.Launcher.main(Launcher.java:78) ~[modlauncher-10.0.9.jar%2355!/:?]
	at cpw.mods.modlauncher.BootstrapLaunchConsumer.accept(BootstrapLaunchConsumer.java:26) ~[modlauncher-10.0.9.jar%2355!/:?]
	at cpw.mods.modlauncher.BootstrapLaunchConsumer.accept(BootstrapLaunchConsumer.java:23) ~[modlauncher-10.0.9.jar%2355!/:?]
	at cpw.mods.bootstraplauncher.BootstrapLauncher.main(BootstrapLauncher.java:141) ~[bootstraplauncher-1.1.2.jar:?]
[10Oct2025 00:16:10.287] [main/ERROR] [net.minecraft.world.item.crafting.RecipeManager/]: Parsing error loading recipe dungeons_and_combat:blue_boots
com.google.gson.JsonSyntaxException: Unknown item 'iceandfire:armor_blue_boots'
	at net.minecraft.world.item.crafting.ShapedRecipe.m_151280_(ShapedRecipe.java:292) ~[server-1.20.1-20230612.114412-srg.jar%23473!/:?]
	at java.util.Optional.orElseThrow(Optional.java:403) ~[?:?]
	at net.minecraft.world.item.crafting.ShapedRecipe.m_151278_(ShapedRecipe.java:291) ~[server-1.20.1-20230612.114412-srg.jar%23473!/:?]
	at net.minecraft.world.item.crafting.Ingredient.m_43919_(Ingredient.java:219) ~[server-1.20.1-20230612.114412-srg.jar%23473!/:?]
	at net.minecraftforge.common.crafting.VanillaIngredientSerializer.parse(VanillaIngredientSerializer.java:27) ~[forge-1.20.1-47.4.0-universal.jar%23478!/:?]
	at net.minecraftforge.common.crafting.CraftingHelper.getIngredient(CraftingHelper.java:148) ~[forge-1.20.1-47.4.0-universal.jar%23478!/:?]
	at net.minecraft.world.item.crafting.Ingredient.m_288218_(Ingredient.java:194) ~[server-1.20.1-20230612.114412-srg.jar%23473!/:?]
	at net.minecraft.world.item.crafting.Ingredient.m_43917_(Ingredient.java:189) ~[server-1.20.1-20230612.114412-srg.jar%23473!/:?]
	at net.minecraft.world.item.crafting.SmithingTransformRecipe$Serializer.m_6729_(SmithingTransformRecipe.java:74) ~[server-1.20.1-20230612.114412-srg.jar%23473!/:?]
	at net.minecraft.world.item.crafting.SmithingTransformRecipe$Serializer.m_6729_(SmithingTransformRecipe.java:71) ~[server-1.20.1-20230612.114412-srg.jar%23473!/:?]
	at net.minecraftforge.common.extensions.IForgeRecipeSerializer.fromJson(IForgeRecipeSerializer.java:23) ~[forge-1.20.1-47.4.0-universal.jar%23478!/:?]
	at net.minecraft.world.item.crafting.RecipeManager.fromJson(RecipeManager.java:171) ~[server-1.20.1-20230612.114412-srg.jar%23473!/:?]
	at net.minecraft.world.item.crafting.RecipeManager.m_5787_(RecipeManager.java:67) ~[server-1.20.1-20230612.114412-srg.jar%23473!/:?]
	at net.minecraft.world.item.crafting.RecipeManager.m_5787_(RecipeManager.java:34) ~[server-1.20.1-20230612.114412-srg.jar%23473!/:?]
	at net.minecraft.server.packs.resources.SimplePreparableReloadListener.m_10789_(SimplePreparableReloadListener.java:13) ~[server-1.20.1-20230612.114412-srg.jar%23473!/:?]
	at java.util.concurrent.CompletableFuture$UniAccept.tryFire(CompletableFuture.java:718) ~[?:?]
	at java.util.concurrent.CompletableFuture$Completion.run(CompletableFuture.java:482) ~[?:?]
	at net.minecraft.server.packs.resources.SimpleReloadInstance.m_143940_(SimpleReloadInstance.java:69) ~[server-1.20.1-20230612.114412-srg.jar%23473!/:?]
	at net.minecraft.Util.m_214652_(Util.java:783) ~[server-1.20.1-20230612.114412-srg.jar%23473!/:?]
	at net.minecraft.Util.m_214679_(Util.java:772) ~[server-1.20.1-20230612.114412-srg.jar%23473!/:?]
	at net.minecraft.server.Main.main(Main.java:166) ~[server-1.20.1-20230612.114412-srg.jar%23473!/:?]
	at jdk.internal.reflect.NativeMethodAccessorImpl.invoke0(Native Method) ~[?:?]
	at jdk.internal.reflect.NativeMethodAccessorImpl.invoke(NativeMethodAccessorImpl.java:77) ~[?:?]
	at jdk.internal.reflect.DelegatingMethodAccessorImpl.invoke(DelegatingMethodAccessorImpl.java:43) ~[?:?]
	at java.lang.reflect.Method.invoke(Method.java:569) ~[?:?]
	at net.minecraftforge.fml.loading.targets.CommonLaunchHandler.runTarget(CommonLaunchHandler.java:111) ~[fmlloader-1.20.1-47.4.0.jar%2369!/:?]
	at net.minecraftforge.fml.loading.targets.CommonLaunchHandler.serverService(CommonLaunchHandler.java:103) ~[fmlloader-1.20.1-47.4.0.jar%2369!/:?]
	at net.minecraftforge.fml.loading.targets.CommonServerLaunchHandler.lambda$makeService$0(CommonServerLaunchHandler.java:27) ~[fmlloader-1.20.1-47.4.0.jar%2369!/:?]
	at cpw.mods.modlauncher.LaunchServiceHandlerDecorator.launch(LaunchServiceHandlerDecorator.java:30) ~[modlauncher-10.0.9.jar%2355!/:?]
	at cpw.mods.modlauncher.LaunchServiceHandler.launch(LaunchServiceHandler.java:53) ~[modlauncher-10.0.9.jar%2355!/:?]
	at cpw.mods.modlauncher.LaunchServiceHandler.launch(LaunchServiceHandler.java:71) ~[modlauncher-10.0.9.jar%2355!/:?]
	at cpw.mods.modlauncher.Launcher.run(Launcher.java:108) ~[modlauncher-10.0.9.jar%2355!/:?]
	at cpw.mods.modlauncher.Launcher.main(Launcher.java:78) ~[modlauncher-10.0.9.jar%2355!/:?]
	at cpw.mods.modlauncher.BootstrapLaunchConsumer.accept(BootstrapLaunchConsumer.java:26) ~[modlauncher-10.0.9.jar%2355!/:?]
	at cpw.mods.modlauncher.BootstrapLaunchConsumer.accept(BootstrapLaunchConsumer.java:23) ~[modlauncher-10.0.9.jar%2355!/:?]
	at cpw.mods.bootstraplauncher.BootstrapLauncher.main(BootstrapLauncher.java:141) ~[bootstraplauncher-1.1.2.jar:?]
[10Oct2025 00:16:10.374] [main/ERROR] [net.minecraft.world.item.crafting.RecipeManager/]: Parsing error loading recipe dungeons_and_combat:dragonsteel_ice_recipe_katana
com.google.gson.JsonSyntaxException: Unknown item 'iceandfire:dragonsteel_ice_ingot'
	at net.minecraft.world.item.crafting.ShapedRecipe.m_151280_(ShapedRecipe.java:292) ~[server-1.20.1-20230612.114412-srg.jar%23473!/:?]
	at java.util.Optional.orElseThrow(Optional.java:403) ~[?:?]
	at net.minecraft.world.item.crafting.ShapedRecipe.m_151278_(ShapedRecipe.java:291) ~[server-1.20.1-20230612.114412-srg.jar%23473!/:?]
	at net.minecraft.world.item.crafting.Ingredient.m_43919_(Ingredient.java:219) ~[server-1.20.1-20230612.114412-srg.jar%23473!/:?]
	at net.minecraftforge.common.crafting.VanillaIngredientSerializer.parse(VanillaIngredientSerializer.java:27) ~[forge-1.20.1-47.4.0-universal.jar%23478!/:?]
	at net.minecraftforge.common.crafting.CraftingHelper.getIngredient(CraftingHelper.java:148) ~[forge-1.20.1-47.4.0-universal.jar%23478!/:?]
	at net.minecraft.world.item.crafting.Ingredient.m_288218_(Ingredient.java:194) ~[server-1.20.1-20230612.114412-srg.jar%23473!/:?]
	at net.minecraft.world.item.crafting.ShapedRecipe.m_44210_(ShapedRecipe.java:278) ~[server-1.20.1-20230612.114412-srg.jar%23473!/:?]
	at net.minecraft.world.item.crafting.ShapedRecipe$Serializer.m_6729_(ShapedRecipe.java:306) ~[server-1.20.1-20230612.114412-srg.jar%23473!/:?]
	at net.minecraft.world.item.crafting.ShapedRecipe$Serializer.m_6729_(ShapedRecipe.java:301) ~[server-1.20.1-20230612.114412-srg.jar%23473!/:?]
	at net.minecraftforge.common.extensions.IForgeRecipeSerializer.fromJson(IForgeRecipeSerializer.java:23) ~[forge-1.20.1-47.4.0-universal.jar%23478!/:?]
	at net.minecraft.world.item.crafting.RecipeManager.fromJson(RecipeManager.java:171) ~[server-1.20.1-20230612.114412-srg.jar%23473!/:?]
	at net.minecraft.world.item.crafting.RecipeManager.m_5787_(RecipeManager.java:67) ~[server-1.20.1-20230612.114412-srg.jar%23473!/:?]
	at net.minecraft.world.item.crafting.RecipeManager.m_5787_(RecipeManager.java:34) ~[server-1.20.1-20230612.114412-srg.jar%23473!/:?]
	at net.minecraft.server.packs.resources.SimplePreparableReloadListener.m_10789_(SimplePreparableReloadListener.java:13) ~[server-1.20.1-20230612.114412-srg.jar%23473!/:?]
	at java.util.concurrent.CompletableFuture$UniAccept.tryFire(CompletableFuture.java:718) ~[?:?]
	at java.util.concurrent.CompletableFuture$Completion.run(CompletableFuture.java:482) ~[?:?]
	at net.minecraft.server.packs.resources.SimpleReloadInstance.m_143940_(SimpleReloadInstance.java:69) ~[server-1.20.1-20230612.114412-srg.jar%23473!/:?]
	at net.minecraft.Util.m_214652_(Util.java:783) ~[server-1.20.1-20230612.114412-srg.jar%23473!/:?]
	at net.minecraft.Util.m_214679_(Util.java:772) ~[server-1.20.1-20230612.114412-srg.jar%23473!/:?]
	at net.minecraft.server.Main.main(Main.java:166) ~[server-1.20.1-20230612.114412-srg.jar%23473!/:?]
	at jdk.internal.reflect.NativeMethodAccessorImpl.invoke0(Native Method) ~[?:?]
	at jdk.internal.reflect.NativeMethodAccessorImpl.invoke(NativeMethodAccessorImpl.java:77) ~[?:?]
	at jdk.internal.reflect.DelegatingMethodAccessorImpl.invoke(DelegatingMethodAccessorImpl.java:43) ~[?:?]
	at java.lang.reflect.Method.invoke(Method.java:569) ~[?:?]
	at net.minecraftforge.fml.loading.targets.CommonLaunchHandler.runTarget(CommonLaunchHandler.java:111) ~[fmlloader-1.20.1-47.4.0.jar%2369!/:?]
	at net.minecraftforge.fml.loading.targets.CommonLaunchHandler.serverService(CommonLaunchHandler.java:103) ~[fmlloader-1.20.1-47.4.0.jar%2369!/:?]
	at net.minecraftforge.fml.loading.targets.CommonServerLaunchHandler.lambda$makeService$0(CommonServerLaunchHandler.java:27) ~[fmlloader-1.20.1-47.4.0.jar%2369!/:?]
	at cpw.mods.modlauncher.LaunchServiceHandlerDecorator.launch(LaunchServiceHandlerDecorator.java:30) ~[modlauncher-10.0.9.jar%2355!/:?]
	at cpw.mods.modlauncher.LaunchServiceHandler.launch(LaunchServiceHandler.java:53) ~[modlauncher-10.0.9.jar%2355!/:?]
	at cpw.mods.modlauncher.LaunchServiceHandler.launch(LaunchServiceHandler.java:71) ~[modlauncher-10.0.9.jar%2355!/:?]
	at cpw.mods.modlauncher.Launcher.run(Launcher.java:108) ~[modlauncher-10.0.9.jar%2355!/:?]
	at cpw.mods.modlauncher.Launcher.main(Launcher.java:78) ~[modlauncher-10.0.9.jar%2355!/:?]
	at cpw.mods.modlauncher.BootstrapLaunchConsumer.accept(BootstrapLaunchConsumer.java:26) ~[modlauncher-10.0.9.jar%2355!/:?]
	at cpw.mods.modlauncher.BootstrapLaunchConsumer.accept(BootstrapLaunchConsumer.java:23) ~[modlauncher-10.0.9.jar%2355!/:?]
	at cpw.mods.bootstraplauncher.BootstrapLauncher.main(BootstrapLauncher.java:141) ~[bootstraplauncher-1.1.2.jar:?]
[10Oct2025 00:16:10.376] [main/INFO] [net.minecraft.world.item.crafting.RecipeManager/]: Skipping loading recipe collectorsreap:integration/create/mixing/gummy/green_tea as it's serializer returned null
[10Oct2025 00:16:10.377] [main/ERROR] [net.minecraft.world.item.crafting.RecipeManager/]: Parsing error loading recipe dungeons_and_combat:dragonsteel_ice_leggings
com.google.gson.JsonSyntaxException: Unknown item 'iceandfire:dragonsteel_ice_leggings'
	at net.minecraft.world.item.crafting.ShapedRecipe.m_151280_(ShapedRecipe.java:292) ~[server-1.20.1-20230612.114412-srg.jar%23473!/:?]
	at java.util.Optional.orElseThrow(Optional.java:403) ~[?:?]
	at net.minecraft.world.item.crafting.ShapedRecipe.m_151278_(ShapedRecipe.java:291) ~[server-1.20.1-20230612.114412-srg.jar%23473!/:?]
	at net.minecraft.world.item.crafting.Ingredient.m_43919_(Ingredient.java:219) ~[server-1.20.1-20230612.114412-srg.jar%23473!/:?]
	at net.minecraftforge.common.crafting.VanillaIngredientSerializer.parse(VanillaIngredientSerializer.java:27) ~[forge-1.20.1-47.4.0-universal.jar%23478!/:?]
	at net.minecraftforge.common.crafting.CraftingHelper.getIngredient(CraftingHelper.java:148) ~[forge-1.20.1-47.4.0-universal.jar%23478!/:?]
	at net.minecraft.world.item.crafting.Ingredient.m_288218_(Ingredient.java:194) ~[server-1.20.1-20230612.114412-srg.jar%23473!/:?]
	at net.minecraft.world.item.crafting.Ingredient.m_43917_(Ingredient.java:189) ~[server-1.20.1-20230612.114412-srg.jar%23473!/:?]
	at net.minecraft.world.item.crafting.SmithingTransformRecipe$Serializer.m_6729_(SmithingTransformRecipe.java:74) ~[server-1.20.1-20230612.114412-srg.jar%23473!/:?]
	at net.minecraft.world.item.crafting.SmithingTransformRecipe$Serializer.m_6729_(SmithingTransformRecipe.java:71) ~[server-1.20.1-20230612.114412-srg.jar%23473!/:?]
	at net.minecraftforge.common.extensions.IForgeRecipeSerializer.fromJson(IForgeRecipeSerializer.java:23) ~[forge-1.20.1-47.4.0-universal.jar%23478!/:?]
	at net.minecraft.world.item.crafting.RecipeManager.fromJson(RecipeManager.java:171) ~[server-1.20.1-20230612.114412-srg.jar%23473!/:?]
	at net.minecraft.world.item.crafting.RecipeManager.m_5787_(RecipeManager.java:67) ~[server-1.20.1-20230612.114412-srg.jar%23473!/:?]
	at net.minecraft.world.item.crafting.RecipeManager.m_5787_(RecipeManager.java:34) ~[server-1.20.1-20230612.114412-srg.jar%23473!/:?]
	at net.minecraft.server.packs.resources.SimplePreparableReloadListener.m_10789_(SimplePreparableReloadListener.java:13) ~[server-1.20.1-20230612.114412-srg.jar%23473!/:?]
	at java.util.concurrent.CompletableFuture$UniAccept.tryFire(CompletableFuture.java:718) ~[?:?]
	at java.util.concurrent.CompletableFuture$Completion.run(CompletableFuture.java:482) ~[?:?]
	at net.minecraft.server.packs.resources.SimpleReloadInstance.m_143940_(SimpleReloadInstance.java:69) ~[server-1.20.1-20230612.114412-srg.jar%23473!/:?]
	at net.minecraft.Util.m_214652_(Util.java:783) ~[server-1.20.1-20230612.114412-srg.jar%23473!/:?]
	at net.minecraft.Util.m_214679_(Util.java:772) ~[server-1.20.1-20230612.114412-srg.jar%23473!/:?]
	at net.minecraft.server.Main.main(Main.java:166) ~[server-1.20.1-20230612.114412-srg.jar%23473!/:?]
	at jdk.internal.reflect.NativeMethodAccessorImpl.invoke0(Native Method) ~[?:?]
	at jdk.internal.reflect.NativeMethodAccessorImpl.invoke(NativeMethodAccessorImpl.java:77) ~[?:?]
	at jdk.internal.reflect.DelegatingMethodAccessorImpl.invoke(DelegatingMethodAccessorImpl.java:43) ~[?:?]
	at java.lang.reflect.Method.invoke(Method.java:569) ~[?:?]
	at net.minecraftforge.fml.loading.targets.CommonLaunchHandler.runTarget(CommonLaunchHandler.java:111) ~[fmlloader-1.20.1-47.4.0.jar%2369!/:?]
	at net.minecraftforge.fml.loading.targets.CommonLaunchHandler.serverService(CommonLaunchHandler.java:103) ~[fmlloader-1.20.1-47.4.0.jar%2369!/:?]
	at net.minecraftforge.fml.loading.targets.CommonServerLaunchHandler.lambda$makeService$0(CommonServerLaunchHandler.java:27) ~[fmlloader-1.20.1-47.4.0.jar%2369!/:?]
	at cpw.mods.modlauncher.LaunchServiceHandlerDecorator.launch(LaunchServiceHandlerDecorator.java:30) ~[modlauncher-10.0.9.jar%2355!/:?]
	at cpw.mods.modlauncher.LaunchServiceHandler.launch(LaunchServiceHandler.java:53) ~[modlauncher-10.0.9.jar%2355!/:?]
	at cpw.mods.modlauncher.LaunchServiceHandler.launch(LaunchServiceHandler.java:71) ~[modlauncher-10.0.9.jar%2355!/:?]
	at cpw.mods.modlauncher.Launcher.run(Launcher.java:108) ~[modlauncher-10.0.9.jar%2355!/:?]
	at cpw.mods.modlauncher.Launcher.main(Launcher.java:78) ~[modlauncher-10.0.9.jar%2355!/:?]
	at cpw.mods.modlauncher.BootstrapLaunchConsumer.accept(BootstrapLaunchConsumer.java:26) ~[modlauncher-10.0.9.jar%2355!/:?]
	at cpw.mods.modlauncher.BootstrapLaunchConsumer.accept(BootstrapLaunchConsumer.java:23) ~[modlauncher-10.0.9.jar%2355!/:?]
	at cpw.mods.bootstraplauncher.BootstrapLauncher.main(BootstrapLauncher.java:141) ~[bootstraplauncher-1.1.2.jar:?]
[10Oct2025 00:16:10.381] [main/INFO] [net.minecraft.world.item.crafting.RecipeManager/]: Skipping loading recipe botanypots:rusticdelight/crop/bell_peppers as it's serializer returned null
[10Oct2025 00:16:10.382] [main/ERROR] [net.minecraft.world.item.crafting.RecipeManager/]: Parsing error loading recipe dungeons_and_combat:silver_dragon_boots
com.google.gson.JsonSyntaxException: Unknown item 'iceandfire:armor_silver_boots'
	at net.minecraft.world.item.crafting.ShapedRecipe.m_151280_(ShapedRecipe.java:292) ~[server-1.20.1-20230612.114412-srg.jar%23473!/:?]
	at java.util.Optional.orElseThrow(Optional.java:403) ~[?:?]
	at net.minecraft.world.item.crafting.ShapedRecipe.m_151278_(ShapedRecipe.java:291) ~[server-1.20.1-20230612.114412-srg.jar%23473!/:?]
	at net.minecraft.world.item.crafting.Ingredient.m_43919_(Ingredient.java:219) ~[server-1.20.1-20230612.114412-srg.jar%23473!/:?]
	at net.minecraftforge.common.crafting.VanillaIngredientSerializer.parse(VanillaIngredientSerializer.java:27) ~[forge-1.20.1-47.4.0-universal.jar%23478!/:?]
	at net.minecraftforge.common.crafting.CraftingHelper.getIngredient(CraftingHelper.java:148) ~[forge-1.20.1-47.4.0-universal.jar%23478!/:?]
	at net.minecraft.world.item.crafting.Ingredient.m_288218_(Ingredient.java:194) ~[server-1.20.1-20230612.114412-srg.jar%23473!/:?]
	at net.minecraft.world.item.crafting.Ingredient.m_43917_(Ingredient.java:189) ~[server-1.20.1-20230612.114412-srg.jar%23473!/:?]
	at net.minecraft.world.item.crafting.SmithingTransformRecipe$Serializer.m_6729_(SmithingTransformRecipe.java:74) ~[server-1.20.1-20230612.114412-srg.jar%23473!/:?]
	at net.minecraft.world.item.crafting.SmithingTransformRecipe$Serializer.m_6729_(SmithingTransformRecipe.java:71) ~[server-1.20.1-20230612.114412-srg.jar%23473!/:?]
	at net.minecraftforge.common.extensions.IForgeRecipeSerializer.fromJson(IForgeRecipeSerializer.java:23) ~[forge-1.20.1-47.4.0-universal.jar%23478!/:?]
	at net.minecraft.world.item.crafting.RecipeManager.fromJson(RecipeManager.java:171) ~[server-1.20.1-20230612.114412-srg.jar%23473!/:?]
	at net.minecraft.world.item.crafting.RecipeManager.m_5787_(RecipeManager.java:67) ~[server-1.20.1-20230612.114412-srg.jar%23473!/:?]
	at net.minecraft.world.item.crafting.RecipeManager.m_5787_(RecipeManager.java:34) ~[server-1.20.1-20230612.114412-srg.jar%23473!/:?]
	at net.minecraft.server.packs.resources.SimplePreparableReloadListener.m_10789_(SimplePreparableReloadListener.java:13) ~[server-1.20.1-20230612.114412-srg.jar%23473!/:?]
	at java.util.concurrent.CompletableFuture$UniAccept.tryFire(CompletableFuture.java:718) ~[?:?]
	at java.util.concurrent.CompletableFuture$Completion.run(CompletableFuture.java:482) ~[?:?]
	at net.minecraft.server.packs.resources.SimpleReloadInstance.m_143940_(SimpleReloadInstance.java:69) ~[server-1.20.1-20230612.114412-srg.jar%23473!/:?]
	at net.minecraft.Util.m_214652_(Util.java:783) ~[server-1.20.1-20230612.114412-srg.jar%23473!/:?]
	at net.minecraft.Util.m_214679_(Util.java:772) ~[server-1.20.1-20230612.114412-srg.jar%23473!/:?]
	at net.minecraft.server.Main.main(Main.java:166) ~[server-1.20.1-20230612.114412-srg.jar%23473!/:?]
	at jdk.internal.reflect.NativeMethodAccessorImpl.invoke0(Native Method) ~[?:?]
	at jdk.internal.reflect.NativeMethodAccessorImpl.invoke(NativeMethodAccessorImpl.java:77) ~[?:?]
	at jdk.internal.reflect.DelegatingMethodAccessorImpl.invoke(DelegatingMethodAccessorImpl.java:43) ~[?:?]
	at java.lang.reflect.Method.invoke(Method.java:569) ~[?:?]
	at net.minecraftforge.fml.loading.targets.CommonLaunchHandler.runTarget(CommonLaunchHandler.java:111) ~[fmlloader-1.20.1-47.4.0.jar%2369!/:?]
	at net.minecraftforge.fml.loading.targets.CommonLaunchHandler.serverService(CommonLaunchHandler.java:103) ~[fmlloader-1.20.1-47.4.0.jar%2369!/:?]
	at net.minecraftforge.fml.loading.targets.CommonServerLaunchHandler.lambda$makeService$0(CommonServerLaunchHandler.java:27) ~[fmlloader-1.20.1-47.4.0.jar%2369!/:?]
	at cpw.mods.modlauncher.LaunchServiceHandlerDecorator.launch(LaunchServiceHandlerDecorator.java:30) ~[modlauncher-10.0.9.jar%2355!/:?]
	at cpw.mods.modlauncher.LaunchServiceHandler.launch(LaunchServiceHandler.java:53) ~[modlauncher-10.0.9.jar%2355!/:?]
	at cpw.mods.modlauncher.LaunchServiceHandler.launch(LaunchServiceHandler.java:71) ~[modlauncher-10.0.9.jar%2355!/:?]
	at cpw.mods.modlauncher.Launcher.run(Launcher.java:108) ~[modlauncher-10.0.9.jar%2355!/:?]
	at cpw.mods.modlauncher.Launcher.main(Launcher.java:78) ~[modlauncher-10.0.9.jar%2355!/:?]
	at cpw.mods.modlauncher.BootstrapLaunchConsumer.accept(BootstrapLaunchConsumer.java:26) ~[modlauncher-10.0.9.jar%2355!/:?]
	at cpw.mods.modlauncher.BootstrapLaunchConsumer.accept(BootstrapLaunchConsumer.java:23) ~[modlauncher-10.0.9.jar%2355!/:?]
	at cpw.mods.bootstraplauncher.BootstrapLauncher.main(BootstrapLauncher.java:141) ~[bootstraplauncher-1.1.2.jar:?]
[10Oct2025 00:16:10.383] [main/ERROR] [net.minecraft.world.item.crafting.RecipeManager/]: Parsing error loading recipe dungeons_and_combat:red_boots
com.google.gson.JsonSyntaxException: Unknown item 'iceandfire:armor_red_boots'
	at net.minecraft.world.item.crafting.ShapedRecipe.m_151280_(ShapedRecipe.java:292) ~[server-1.20.1-20230612.114412-srg.jar%23473!/:?]
	at java.util.Optional.orElseThrow(Optional.java:403) ~[?:?]
	at net.minecraft.world.item.crafting.ShapedRecipe.m_151278_(ShapedRecipe.java:291) ~[server-1.20.1-20230612.114412-srg.jar%23473!/:?]
	at net.minecraft.world.item.crafting.Ingredient.m_43919_(Ingredient.java:219) ~[server-1.20.1-20230612.114412-srg.jar%23473!/:?]
	at net.minecraftforge.common.crafting.VanillaIngredientSerializer.parse(VanillaIngredientSerializer.java:27) ~[forge-1.20.1-47.4.0-universal.jar%23478!/:?]
	at net.minecraftforge.common.crafting.CraftingHelper.getIngredient(CraftingHelper.java:148) ~[forge-1.20.1-47.4.0-universal.jar%23478!/:?]
	at net.minecraft.world.item.crafting.Ingredient.m_288218_(Ingredient.java:194) ~[server-1.20.1-20230612.114412-srg.jar%23473!/:?]
	at net.minecraft.world.item.crafting.Ingredient.m_43917_(Ingredient.java:189) ~[server-1.20.1-20230612.114412-srg.jar%23473!/:?]
	at net.minecraft.world.item.crafting.SmithingTransformRecipe$Serializer.m_6729_(SmithingTransformRecipe.java:74) ~[server-1.20.1-20230612.114412-srg.jar%23473!/:?]
	at net.minecraft.world.item.crafting.SmithingTransformRecipe$Serializer.m_6729_(SmithingTransformRecipe.java:71) ~[server-1.20.1-20230612.114412-srg.jar%23473!/:?]
	at net.minecraftforge.common.extensions.IForgeRecipeSerializer.fromJson(IForgeRecipeSerializer.java:23) ~[forge-1.20.1-47.4.0-universal.jar%23478!/:?]
	at net.minecraft.world.item.crafting.RecipeManager.fromJson(RecipeManager.java:171) ~[server-1.20.1-20230612.114412-srg.jar%23473!/:?]
	at net.minecraft.world.item.crafting.RecipeManager.m_5787_(RecipeManager.java:67) ~[server-1.20.1-20230612.114412-srg.jar%23473!/:?]
	at net.minecraft.world.item.crafting.RecipeManager.m_5787_(RecipeManager.java:34) ~[server-1.20.1-20230612.114412-srg.jar%23473!/:?]
	at net.minecraft.server.packs.resources.SimplePreparableReloadListener.m_10789_(SimplePreparableReloadListener.java:13) ~[server-1.20.1-20230612.114412-srg.jar%23473!/:?]
	at java.util.concurrent.CompletableFuture$UniAccept.tryFire(CompletableFuture.java:718) ~[?:?]
	at java.util.concurrent.CompletableFuture$Completion.run(CompletableFuture.java:482) ~[?:?]
	at net.minecraft.server.packs.resources.SimpleReloadInstance.m_143940_(SimpleReloadInstance.java:69) ~[server-1.20.1-20230612.114412-srg.jar%23473!/:?]
	at net.minecraft.Util.m_214652_(Util.java:783) ~[server-1.20.1-20230612.114412-srg.jar%23473!/:?]
	at net.minecraft.Util.m_214679_(Util.java:772) ~[server-1.20.1-20230612.114412-srg.jar%23473!/:?]
	at net.minecraft.server.Main.main(Main.java:166) ~[server-1.20.1-20230612.114412-srg.jar%23473!/:?]
	at jdk.internal.reflect.NativeMethodAccessorImpl.invoke0(Native Method) ~[?:?]
	at jdk.internal.reflect.NativeMethodAccessorImpl.invoke(NativeMethodAccessorImpl.java:77) ~[?:?]
	at jdk.internal.reflect.DelegatingMethodAccessorImpl.invoke(DelegatingMethodAccessorImpl.java:43) ~[?:?]
	at java.lang.reflect.Method.invoke(Method.java:569) ~[?:?]
	at net.minecraftforge.fml.loading.targets.CommonLaunchHandler.runTarget(CommonLaunchHandler.java:111) ~[fmlloader-1.20.1-47.4.0.jar%2369!/:?]
	at net.minecraftforge.fml.loading.targets.CommonLaunchHandler.serverService(CommonLaunchHandler.java:103) ~[fmlloader-1.20.1-47.4.0.jar%2369!/:?]
	at net.minecraftforge.fml.loading.targets.CommonServerLaunchHandler.lambda$makeService$0(CommonServerLaunchHandler.java:27) ~[fmlloader-1.20.1-47.4.0.jar%2369!/:?]
	at cpw.mods.modlauncher.LaunchServiceHandlerDecorator.launch(LaunchServiceHandlerDecorator.java:30) ~[modlauncher-10.0.9.jar%2355!/:?]
	at cpw.mods.modlauncher.LaunchServiceHandler.launch(LaunchServiceHandler.java:53) ~[modlauncher-10.0.9.jar%2355!/:?]
	at cpw.mods.modlauncher.LaunchServiceHandler.launch(LaunchServiceHandler.java:71) ~[modlauncher-10.0.9.jar%2355!/:?]
	at cpw.mods.modlauncher.Launcher.run(Launcher.java:108) ~[modlauncher-10.0.9.jar%2355!/:?]
	at cpw.mods.modlauncher.Launcher.main(Launcher.java:78) ~[modlauncher-10.0.9.jar%2355!/:?]
	at cpw.mods.modlauncher.BootstrapLaunchConsumer.accept(BootstrapLaunchConsumer.java:26) ~[modlauncher-10.0.9.jar%2355!/:?]
	at cpw.mods.modlauncher.BootstrapLaunchConsumer.accept(BootstrapLaunchConsumer.java:23) ~[modlauncher-10.0.9.jar%2355!/:?]
	at cpw.mods.bootstraplauncher.BootstrapLauncher.main(BootstrapLauncher.java:141) ~[bootstraplauncher-1.1.2.jar:?]
[10Oct2025 00:16:10.384] [main/INFO] [net.minecraft.world.item.crafting.RecipeManager/]: Skipping loading recipe collectorsreap:gummy/yellow_tea as it's serializer returned null
[10Oct2025 00:16:10.386] [main/ERROR] [net.minecraft.world.item.crafting.RecipeManager/]: Parsing error loading recipe dungeons_and_combat:green_helmet
com.google.gson.JsonSyntaxException: Unknown item 'iceandfire:armor_green_helmet'
	at net.minecraft.world.item.crafting.ShapedRecipe.m_151280_(ShapedRecipe.java:292) ~[server-1.20.1-20230612.114412-srg.jar%23473!/:?]
	at java.util.Optional.orElseThrow(Optional.java:403) ~[?:?]
	at net.minecraft.world.item.crafting.ShapedRecipe.m_151278_(ShapedRecipe.java:291) ~[server-1.20.1-20230612.114412-srg.jar%23473!/:?]
	at net.minecraft.world.item.crafting.Ingredient.m_43919_(Ingredient.java:219) ~[server-1.20.1-20230612.114412-srg.jar%23473!/:?]
	at net.minecraftforge.common.crafting.VanillaIngredientSerializer.parse(VanillaIngredientSerializer.java:27) ~[forge-1.20.1-47.4.0-universal.jar%23478!/:?]
	at net.minecraftforge.common.crafting.CraftingHelper.getIngredient(CraftingHelper.java:148) ~[forge-1.20.1-47.4.0-universal.jar%23478!/:?]
	at net.minecraft.world.item.crafting.Ingredient.m_288218_(Ingredient.java:194) ~[server-1.20.1-20230612.114412-srg.jar%23473!/:?]
	at net.minecraft.world.item.crafting.Ingredient.m_43917_(Ingredient.java:189) ~[server-1.20.1-20230612.114412-srg.jar%23473!/:?]
	at net.minecraft.world.item.crafting.SmithingTransformRecipe$Serializer.m_6729_(SmithingTransformRecipe.java:74) ~[server-1.20.1-20230612.114412-srg.jar%23473!/:?]
	at net.minecraft.world.item.crafting.SmithingTransformRecipe$Serializer.m_6729_(SmithingTransformRecipe.java:71) ~[server-1.20.1-20230612.114412-srg.jar%23473!/:?]
	at net.minecraftforge.common.extensions.IForgeRecipeSerializer.fromJson(IForgeRecipeSerializer.java:23) ~[forge-1.20.1-47.4.0-universal.jar%23478!/:?]
	at net.minecraft.world.item.crafting.RecipeManager.fromJson(RecipeManager.java:171) ~[server-1.20.1-20230612.114412-srg.jar%23473!/:?]
	at net.minecraft.world.item.crafting.RecipeManager.m_5787_(RecipeManager.java:67) ~[server-1.20.1-20230612.114412-srg.jar%23473!/:?]
	at net.minecraft.world.item.crafting.RecipeManager.m_5787_(RecipeManager.java:34) ~[server-1.20.1-20230612.114412-srg.jar%23473!/:?]
	at net.minecraft.server.packs.resources.SimplePreparableReloadListener.m_10789_(SimplePreparableReloadListener.java:13) ~[server-1.20.1-20230612.114412-srg.jar%23473!/:?]
	at java.util.concurrent.CompletableFuture$UniAccept.tryFire(CompletableFuture.java:718) ~[?:?]
	at java.util.concurrent.CompletableFuture$Completion.run(CompletableFuture.java:482) ~[?:?]
	at net.minecraft.server.packs.resources.SimpleReloadInstance.m_143940_(SimpleReloadInstance.java:69) ~[server-1.20.1-20230612.114412-srg.jar%23473!/:?]
	at net.minecraft.Util.m_214652_(Util.java:783) ~[server-1.20.1-20230612.114412-srg.jar%23473!/:?]
	at net.minecraft.Util.m_214679_(Util.java:772) ~[server-1.20.1-20230612.114412-srg.jar%23473!/:?]
	at net.minecraft.server.Main.main(Main.java:166) ~[server-1.20.1-20230612.114412-srg.jar%23473!/:?]
	at jdk.internal.reflect.NativeMethodAccessorImpl.invoke0(Native Method) ~[?:?]
	at jdk.internal.reflect.NativeMethodAccessorImpl.invoke(NativeMethodAccessorImpl.java:77) ~[?:?]
	at jdk.internal.reflect.DelegatingMethodAccessorImpl.invoke(DelegatingMethodAccessorImpl.java:43) ~[?:?]
	at java.lang.reflect.Method.invoke(Method.java:569) ~[?:?]
	at net.minecraftforge.fml.loading.targets.CommonLaunchHandler.runTarget(CommonLaunchHandler.java:111) ~[fmlloader-1.20.1-47.4.0.jar%2369!/:?]
	at net.minecraftforge.fml.loading.targets.CommonLaunchHandler.serverService(CommonLaunchHandler.java:103) ~[fmlloader-1.20.1-47.4.0.jar%2369!/:?]
	at net.minecraftforge.fml.loading.targets.CommonServerLaunchHandler.lambda$makeService$0(CommonServerLaunchHandler.java:27) ~[fmlloader-1.20.1-47.4.0.jar%2369!/:?]
	at cpw.mods.modlauncher.LaunchServiceHandlerDecorator.launch(LaunchServiceHandlerDecorator.java:30) ~[modlauncher-10.0.9.jar%2355!/:?]
	at cpw.mods.modlauncher.LaunchServiceHandler.launch(LaunchServiceHandler.java:53) ~[modlauncher-10.0.9.jar%2355!/:?]
	at cpw.mods.modlauncher.LaunchServiceHandler.launch(LaunchServiceHandler.java:71) ~[modlauncher-10.0.9.jar%2355!/:?]
	at cpw.mods.modlauncher.Launcher.run(Launcher.java:108) ~[modlauncher-10.0.9.jar%2355!/:?]
	at cpw.mods.modlauncher.Launcher.main(Launcher.java:78) ~[modlauncher-10.0.9.jar%2355!/:?]
	at cpw.mods.modlauncher.BootstrapLaunchConsumer.accept(BootstrapLaunchConsumer.java:26) ~[modlauncher-10.0.9.jar%2355!/:?]
	at cpw.mods.modlauncher.BootstrapLaunchConsumer.accept(BootstrapLaunchConsumer.java:23) ~[modlauncher-10.0.9.jar%2355!/:?]
	at cpw.mods.bootstraplauncher.BootstrapLauncher.main(BootstrapLauncher.java:141) ~[bootstraplauncher-1.1.2.jar:?]
[10Oct2025 00:16:10.387] [main/INFO] [net.minecraft.world.item.crafting.RecipeManager/]: Skipping loading recipe collectorsreap:integration/create/mixing/gummy/yucca as it's serializer returned null
[10Oct2025 00:16:10.394] [main/ERROR] [net.minecraft.world.item.crafting.RecipeManager/]: Parsing error loading recipe dungeons_and_combat:amethyst_boots
com.google.gson.JsonSyntaxException: Unknown item 'iceandfire:armor_amythest_boots'
	at net.minecraft.world.item.crafting.ShapedRecipe.m_151280_(ShapedRecipe.java:292) ~[server-1.20.1-20230612.114412-srg.jar%23473!/:?]
	at java.util.Optional.orElseThrow(Optional.java:403) ~[?:?]
	at net.minecraft.world.item.crafting.ShapedRecipe.m_151278_(ShapedRecipe.java:291) ~[server-1.20.1-20230612.114412-srg.jar%23473!/:?]
	at net.minecraft.world.item.crafting.Ingredient.m_43919_(Ingredient.java:219) ~[server-1.20.1-20230612.114412-srg.jar%23473!/:?]
	at net.minecraftforge.common.crafting.VanillaIngredientSerializer.parse(VanillaIngredientSerializer.java:27) ~[forge-1.20.1-47.4.0-universal.jar%23478!/:?]
	at net.minecraftforge.common.crafting.CraftingHelper.getIngredient(CraftingHelper.java:148) ~[forge-1.20.1-47.4.0-universal.jar%23478!/:?]
	at net.minecraft.world.item.crafting.Ingredient.m_288218_(Ingredient.java:194) ~[server-1.20.1-20230612.114412-srg.jar%23473!/:?]
	at net.minecraft.world.item.crafting.Ingredient.m_43917_(Ingredient.java:189) ~[server-1.20.1-20230612.114412-srg.jar%23473!/:?]
	at net.minecraft.world.item.crafting.SmithingTransformRecipe$Serializer.m_6729_(SmithingTransformRecipe.java:74) ~[server-1.20.1-20230612.114412-srg.jar%23473!/:?]
	at net.minecraft.world.item.crafting.SmithingTransformRecipe$Serializer.m_6729_(SmithingTransformRecipe.java:71) ~[server-1.20.1-20230612.114412-srg.jar%23473!/:?]
	at net.minecraftforge.common.extensions.IForgeRecipeSerializer.fromJson(IForgeRecipeSerializer.java:23) ~[forge-1.20.1-47.4.0-universal.jar%23478!/:?]
	at net.minecraft.world.item.crafting.RecipeManager.fromJson(RecipeManager.java:171) ~[server-1.20.1-20230612.114412-srg.jar%23473!/:?]
	at net.minecraft.world.item.crafting.RecipeManager.m_5787_(RecipeManager.java:67) ~[server-1.20.1-20230612.114412-srg.jar%23473!/:?]
	at net.minecraft.world.item.crafting.RecipeManager.m_5787_(RecipeManager.java:34) ~[server-1.20.1-20230612.114412-srg.jar%23473!/:?]
	at net.minecraft.server.packs.resources.SimplePreparableReloadListener.m_10789_(SimplePreparableReloadListener.java:13) ~[server-1.20.1-20230612.114412-srg.jar%23473!/:?]
	at java.util.concurrent.CompletableFuture$UniAccept.tryFire(CompletableFuture.java:718) ~[?:?]
	at java.util.concurrent.CompletableFuture$Completion.run(CompletableFuture.java:482) ~[?:?]
	at net.minecraft.server.packs.resources.SimpleReloadInstance.m_143940_(SimpleReloadInstance.java:69) ~[server-1.20.1-20230612.114412-srg.jar%23473!/:?]
	at net.minecraft.Util.m_214652_(Util.java:783) ~[server-1.20.1-20230612.114412-srg.jar%23473!/:?]
	at net.minecraft.Util.m_214679_(Util.java:772) ~[server-1.20.1-20230612.114412-srg.jar%23473!/:?]
	at net.minecraft.server.Main.main(Main.java:166) ~[server-1.20.1-20230612.114412-srg.jar%23473!/:?]
	at jdk.internal.reflect.NativeMethodAccessorImpl.invoke0(Native Method) ~[?:?]
	at jdk.internal.reflect.NativeMethodAccessorImpl.invoke(NativeMethodAccessorImpl.java:77) ~[?:?]
	at jdk.internal.reflect.DelegatingMethodAccessorImpl.invoke(DelegatingMethodAccessorImpl.java:43) ~[?:?]
	at java.lang.reflect.Method.invoke(Method.java:569) ~[?:?]
	at net.minecraftforge.fml.loading.targets.CommonLaunchHandler.runTarget(CommonLaunchHandler.java:111) ~[fmlloader-1.20.1-47.4.0.jar%2369!/:?]
	at net.minecraftforge.fml.loading.targets.CommonLaunchHandler.serverService(CommonLaunchHandler.java:103) ~[fmlloader-1.20.1-47.4.0.jar%2369!/:?]
	at net.minecraftforge.fml.loading.targets.CommonServerLaunchHandler.lambda$makeService$0(CommonServerLaunchHandler.java:27) ~[fmlloader-1.20.1-47.4.0.jar%2369!/:?]
	at cpw.mods.modlauncher.LaunchServiceHandlerDecorator.launch(LaunchServiceHandlerDecorator.java:30) ~[modlauncher-10.0.9.jar%2355!/:?]
	at cpw.mods.modlauncher.LaunchServiceHandler.launch(LaunchServiceHandler.java:53) ~[modlauncher-10.0.9.jar%2355!/:?]
	at cpw.mods.modlauncher.LaunchServiceHandler.launch(LaunchServiceHandler.java:71) ~[modlauncher-10.0.9.jar%2355!/:?]
	at cpw.mods.modlauncher.Launcher.run(Launcher.java:108) ~[modlauncher-10.0.9.jar%2355!/:?]
	at cpw.mods.modlauncher.Launcher.main(Launcher.java:78) ~[modlauncher-10.0.9.jar%2355!/:?]
	at cpw.mods.modlauncher.BootstrapLaunchConsumer.accept(BootstrapLaunchConsumer.java:26) ~[modlauncher-10.0.9.jar%2355!/:?]
	at cpw.mods.modlauncher.BootstrapLaunchConsumer.accept(BootstrapLaunchConsumer.java:23) ~[modlauncher-10.0.9.jar%2355!/:?]
	at cpw.mods.bootstraplauncher.BootstrapLauncher.main(BootstrapLauncher.java:141) ~[bootstraplauncher-1.1.2.jar:?]
[10Oct2025 00:16:10.398] [main/ERROR] [net.minecraft.world.item.crafting.RecipeManager/]: Parsing error loading recipe oceanic_delight:jeed_nourishment
com.google.gson.JsonSyntaxException: Invalid or unsupported recipe type 'jeed:effect_provider'
	at net.minecraft.world.item.crafting.RecipeManager.m_220253_(RecipeManager.java:170) ~[server-1.20.1-20230612.114412-srg.jar%23473!/:?]
	at java.util.Optional.orElseThrow(Optional.java:403) ~[?:?]
	at net.minecraft.world.item.crafting.RecipeManager.fromJson(RecipeManager.java:169) ~[server-1.20.1-20230612.114412-srg.jar%23473!/:?]
	at net.minecraft.world.item.crafting.RecipeManager.m_5787_(RecipeManager.java:67) ~[server-1.20.1-20230612.114412-srg.jar%23473!/:?]
	at net.minecraft.world.item.crafting.RecipeManager.m_5787_(RecipeManager.java:34) ~[server-1.20.1-20230612.114412-srg.jar%23473!/:?]
	at net.minecraft.server.packs.resources.SimplePreparableReloadListener.m_10789_(SimplePreparableReloadListener.java:13) ~[server-1.20.1-20230612.114412-srg.jar%23473!/:?]
	at java.util.concurrent.CompletableFuture$UniAccept.tryFire(CompletableFuture.java:718) ~[?:?]
	at java.util.concurrent.CompletableFuture$Completion.run(CompletableFuture.java:482) ~[?:?]
	at net.minecraft.server.packs.resources.SimpleReloadInstance.m_143940_(SimpleReloadInstance.java:69) ~[server-1.20.1-20230612.114412-srg.jar%23473!/:?]
	at net.minecraft.Util.m_214652_(Util.java:783) ~[server-1.20.1-20230612.114412-srg.jar%23473!/:?]
	at net.minecraft.Util.m_214679_(Util.java:772) ~[server-1.20.1-20230612.114412-srg.jar%23473!/:?]
	at net.minecraft.server.Main.main(Main.java:166) ~[server-1.20.1-20230612.114412-srg.jar%23473!/:?]
	at jdk.internal.reflect.NativeMethodAccessorImpl.invoke0(Native Method) ~[?:?]
	at jdk.internal.reflect.NativeMethodAccessorImpl.invoke(NativeMethodAccessorImpl.java:77) ~[?:?]
	at jdk.internal.reflect.DelegatingMethodAccessorImpl.invoke(DelegatingMethodAccessorImpl.java:43) ~[?:?]
	at java.lang.reflect.Method.invoke(Method.java:569) ~[?:?]
	at net.minecraftforge.fml.loading.targets.CommonLaunchHandler.runTarget(CommonLaunchHandler.java:111) ~[fmlloader-1.20.1-47.4.0.jar%2369!/:?]
	at net.minecraftforge.fml.loading.targets.CommonLaunchHandler.serverService(CommonLaunchHandler.java:103) ~[fmlloader-1.20.1-47.4.0.jar%2369!/:?]
	at net.minecraftforge.fml.loading.targets.CommonServerLaunchHandler.lambda$makeService$0(CommonServerLaunchHandler.java:27) ~[fmlloader-1.20.1-47.4.0.jar%2369!/:?]
	at cpw.mods.modlauncher.LaunchServiceHandlerDecorator.launch(LaunchServiceHandlerDecorator.java:30) ~[modlauncher-10.0.9.jar%2355!/:?]
	at cpw.mods.modlauncher.LaunchServiceHandler.launch(LaunchServiceHandler.java:53) ~[modlauncher-10.0.9.jar%2355!/:?]
	at cpw.mods.modlauncher.LaunchServiceHandler.launch(LaunchServiceHandler.java:71) ~[modlauncher-10.0.9.jar%2355!/:?]
	at cpw.mods.modlauncher.Launcher.run(Launcher.java:108) ~[modlauncher-10.0.9.jar%2355!/:?]
	at cpw.mods.modlauncher.Launcher.main(Launcher.java:78) ~[modlauncher-10.0.9.jar%2355!/:?]
	at cpw.mods.modlauncher.BootstrapLaunchConsumer.accept(BootstrapLaunchConsumer.java:26) ~[modlauncher-10.0.9.jar%2355!/:?]
	at cpw.mods.modlauncher.BootstrapLaunchConsumer.accept(BootstrapLaunchConsumer.java:23) ~[modlauncher-10.0.9.jar%2355!/:?]
	at cpw.mods.bootstraplauncher.BootstrapLauncher.main(BootstrapLauncher.java:141) ~[bootstraplauncher-1.1.2.jar:?]
[10Oct2025 00:16:10.399] [main/INFO] [net.minecraft.world.item.crafting.RecipeManager/]: Skipping loading recipe botanypots:collectorsreap/crop/pomegranate as it's serializer returned null
[10Oct2025 00:16:10.403] [main/ERROR] [net.minecraft.world.item.crafting.RecipeManager/]: Parsing error loading recipe dungeons_and_combat:dragonsteel_ice_boots
com.google.gson.JsonSyntaxException: Unknown item 'iceandfire:dragonsteel_ice_boots'
	at net.minecraft.world.item.crafting.ShapedRecipe.m_151280_(ShapedRecipe.java:292) ~[server-1.20.1-20230612.114412-srg.jar%23473!/:?]
	at java.util.Optional.orElseThrow(Optional.java:403) ~[?:?]
	at net.minecraft.world.item.crafting.ShapedRecipe.m_151278_(ShapedRecipe.java:291) ~[server-1.20.1-20230612.114412-srg.jar%23473!/:?]
	at net.minecraft.world.item.crafting.Ingredient.m_43919_(Ingredient.java:219) ~[server-1.20.1-20230612.114412-srg.jar%23473!/:?]
	at net.minecraftforge.common.crafting.VanillaIngredientSerializer.parse(VanillaIngredientSerializer.java:27) ~[forge-1.20.1-47.4.0-universal.jar%23478!/:?]
	at net.minecraftforge.common.crafting.CraftingHelper.getIngredient(CraftingHelper.java:148) ~[forge-1.20.1-47.4.0-universal.jar%23478!/:?]
	at net.minecraft.world.item.crafting.Ingredient.m_288218_(Ingredient.java:194) ~[server-1.20.1-20230612.114412-srg.jar%23473!/:?]
	at net.minecraft.world.item.crafting.Ingredient.m_43917_(Ingredient.java:189) ~[server-1.20.1-20230612.114412-srg.jar%23473!/:?]
	at net.minecraft.world.item.crafting.SmithingTransformRecipe$Serializer.m_6729_(SmithingTransformRecipe.java:74) ~[server-1.20.1-20230612.114412-srg.jar%23473!/:?]
	at net.minecraft.world.item.crafting.SmithingTransformRecipe$Serializer.m_6729_(SmithingTransformRecipe.java:71) ~[server-1.20.1-20230612.114412-srg.jar%23473!/:?]
	at net.minecraftforge.common.extensions.IForgeRecipeSerializer.fromJson(IForgeRecipeSerializer.java:23) ~[forge-1.20.1-47.4.0-universal.jar%23478!/:?]
	at net.minecraft.world.item.crafting.RecipeManager.fromJson(RecipeManager.java:171) ~[server-1.20.1-20230612.114412-srg.jar%23473!/:?]
	at net.minecraft.world.item.crafting.RecipeManager.m_5787_(RecipeManager.java:67) ~[server-1.20.1-20230612.114412-srg.jar%23473!/:?]
	at net.minecraft.world.item.crafting.RecipeManager.m_5787_(RecipeManager.java:34) ~[server-1.20.1-20230612.114412-srg.jar%23473!/:?]
	at net.minecraft.server.packs.resources.SimplePreparableReloadListener.m_10789_(SimplePreparableReloadListener.java:13) ~[server-1.20.1-20230612.114412-srg.jar%23473!/:?]
	at java.util.concurrent.CompletableFuture$UniAccept.tryFire(CompletableFuture.java:718) ~[?:?]
	at java.util.concurrent.CompletableFuture$Completion.run(CompletableFuture.java:482) ~[?:?]
	at net.minecraft.server.packs.resources.SimpleReloadInstance.m_143940_(SimpleReloadInstance.java:69) ~[server-1.20.1-20230612.114412-srg.jar%23473!/:?]
	at net.minecraft.Util.m_214652_(Util.java:783) ~[server-1.20.1-20230612.114412-srg.jar%23473!/:?]
	at net.minecraft.Util.m_214679_(Util.java:772) ~[server-1.20.1-20230612.114412-srg.jar%23473!/:?]
	at net.minecraft.server.Main.main(Main.java:166) ~[server-1.20.1-20230612.114412-srg.jar%23473!/:?]
	at jdk.internal.reflect.NativeMethodAccessorImpl.invoke0(Native Method) ~[?:?]
	at jdk.internal.reflect.NativeMethodAccessorImpl.invoke(NativeMethodAccessorImpl.java:77) ~[?:?]
	at jdk.internal.reflect.DelegatingMethodAccessorImpl.invoke(DelegatingMethodAccessorImpl.java:43) ~[?:?]
	at java.lang.reflect.Method.invoke(Method.java:569) ~[?:?]
	at net.minecraftforge.fml.loading.targets.CommonLaunchHandler.runTarget(CommonLaunchHandler.java:111) ~[fmlloader-1.20.1-47.4.0.jar%2369!/:?]
	at net.minecraftforge.fml.loading.targets.CommonLaunchHandler.serverService(CommonLaunchHandler.java:103) ~[fmlloader-1.20.1-47.4.0.jar%2369!/:?]
	at net.minecraftforge.fml.loading.targets.CommonServerLaunchHandler.lambda$makeService$0(CommonServerLaunchHandler.java:27) ~[fmlloader-1.20.1-47.4.0.jar%2369!/:?]
	at cpw.mods.modlauncher.LaunchServiceHandlerDecorator.launch(LaunchServiceHandlerDecorator.java:30) ~[modlauncher-10.0.9.jar%2355!/:?]
	at cpw.mods.modlauncher.LaunchServiceHandler.launch(LaunchServiceHandler.java:53) ~[modlauncher-10.0.9.jar%2355!/:?]
	at cpw.mods.modlauncher.LaunchServiceHandler.launch(LaunchServiceHandler.java:71) ~[modlauncher-10.0.9.jar%2355!/:?]
	at cpw.mods.modlauncher.Launcher.run(Launcher.java:108) ~[modlauncher-10.0.9.jar%2355!/:?]
	at cpw.mods.modlauncher.Launcher.main(Launcher.java:78) ~[modlauncher-10.0.9.jar%2355!/:?]
	at cpw.mods.modlauncher.BootstrapLaunchConsumer.accept(BootstrapLaunchConsumer.java:26) ~[modlauncher-10.0.9.jar%2355!/:?]
	at cpw.mods.modlauncher.BootstrapLaunchConsumer.accept(BootstrapLaunchConsumer.java:23) ~[modlauncher-10.0.9.jar%2355!/:?]
	at cpw.mods.bootstraplauncher.BootstrapLauncher.main(BootstrapLauncher.java:141) ~[bootstraplauncher-1.1.2.jar:?]
[10Oct2025 00:16:10.404] [main/INFO] [net.minecraft.world.item.crafting.RecipeManager/]: Skipping loading recipe twilightforest:jeed/regeneration as it's serializer returned null
[10Oct2025 00:16:10.408] [main/INFO] [net.minecraft.world.item.crafting.RecipeManager/]: Skipping loading recipe expanded_combat:gold_bow_120_smithing_singleton as it's serializer returned null
[10Oct2025 00:16:10.408] [main/INFO] [net.minecraft.world.item.crafting.RecipeManager/]: Skipping loading recipe twilightforest:jeed/slowness as it's serializer returned null
[10Oct2025 00:16:10.415] [main/INFO] [net.minecraft.world.item.crafting.RecipeManager/]: Skipping loading recipe botanypots:rusticdelight/crop/cotton as it's serializer returned null
[10Oct2025 00:16:10.415] [main/INFO] [net.minecraft.world.item.crafting.RecipeManager/]: Skipping loading recipe botanypots:collectorsreap/crop/lime as it's serializer returned null
[10Oct2025 00:16:10.416] [main/ERROR] [net.minecraft.world.item.crafting.RecipeManager/]: Parsing error loading recipe dungeons_and_combat:red_leggings
com.google.gson.JsonSyntaxException: Unknown item 'iceandfire:armor_red_leggings'
	at net.minecraft.world.item.crafting.ShapedRecipe.m_151280_(ShapedRecipe.java:292) ~[server-1.20.1-20230612.114412-srg.jar%23473!/:?]
	at java.util.Optional.orElseThrow(Optional.java:403) ~[?:?]
	at net.minecraft.world.item.crafting.ShapedRecipe.m_151278_(ShapedRecipe.java:291) ~[server-1.20.1-20230612.114412-srg.jar%23473!/:?]
	at net.minecraft.world.item.crafting.Ingredient.m_43919_(Ingredient.java:219) ~[server-1.20.1-20230612.114412-srg.jar%23473!/:?]
	at net.minecraftforge.common.crafting.VanillaIngredientSerializer.parse(VanillaIngredientSerializer.java:27) ~[forge-1.20.1-47.4.0-universal.jar%23478!/:?]
	at net.minecraftforge.common.crafting.CraftingHelper.getIngredient(CraftingHelper.java:148) ~[forge-1.20.1-47.4.0-universal.jar%23478!/:?]
	at net.minecraft.world.item.crafting.Ingredient.m_288218_(Ingredient.java:194) ~[server-1.20.1-20230612.114412-srg.jar%23473!/:?]
	at net.minecraft.world.item.crafting.Ingredient.m_43917_(Ingredient.java:189) ~[server-1.20.1-20230612.114412-srg.jar%23473!/:?]
	at net.minecraft.world.item.crafting.SmithingTransformRecipe$Serializer.m_6729_(SmithingTransformRecipe.java:74) ~[server-1.20.1-20230612.114412-srg.jar%23473!/:?]
	at net.minecraft.world.item.crafting.SmithingTransformRecipe$Serializer.m_6729_(SmithingTransformRecipe.java:71) ~[server-1.20.1-20230612.114412-srg.jar%23473!/:?]
	at net.minecraftforge.common.extensions.IForgeRecipeSerializer.fromJson(IForgeRecipeSerializer.java:23) ~[forge-1.20.1-47.4.0-universal.jar%23478!/:?]
	at net.minecraft.world.item.crafting.RecipeManager.fromJson(RecipeManager.java:171) ~[server-1.20.1-20230612.114412-srg.jar%23473!/:?]
	at net.minecraft.world.item.crafting.RecipeManager.m_5787_(RecipeManager.java:67) ~[server-1.20.1-20230612.114412-srg.jar%23473!/:?]
	at net.minecraft.world.item.crafting.RecipeManager.m_5787_(RecipeManager.java:34) ~[server-1.20.1-20230612.114412-srg.jar%23473!/:?]
	at net.minecraft.server.packs.resources.SimplePreparableReloadListener.m_10789_(SimplePreparableReloadListener.java:13) ~[server-1.20.1-20230612.114412-srg.jar%23473!/:?]
	at java.util.concurrent.CompletableFuture$UniAccept.tryFire(CompletableFuture.java:718) ~[?:?]
	at java.util.concurrent.CompletableFuture$Completion.run(CompletableFuture.java:482) ~[?:?]
	at net.minecraft.server.packs.resources.SimpleReloadInstance.m_143940_(SimpleReloadInstance.java:69) ~[server-1.20.1-20230612.114412-srg.jar%23473!/:?]
	at net.minecraft.Util.m_214652_(Util.java:783) ~[server-1.20.1-20230612.114412-srg.jar%23473!/:?]
	at net.minecraft.Util.m_214679_(Util.java:772) ~[server-1.20.1-20230612.114412-srg.jar%23473!/:?]
	at net.minecraft.server.Main.main(Main.java:166) ~[server-1.20.1-20230612.114412-srg.jar%23473!/:?]
	at jdk.internal.reflect.NativeMethodAccessorImpl.invoke0(Native Method) ~[?:?]
	at jdk.internal.reflect.NativeMethodAccessorImpl.invoke(NativeMethodAccessorImpl.java:77) ~[?:?]
	at jdk.internal.reflect.DelegatingMethodAccessorImpl.invoke(DelegatingMethodAccessorImpl.java:43) ~[?:?]
	at java.lang.reflect.Method.invoke(Method.java:569) ~[?:?]
	at net.minecraftforge.fml.loading.targets.CommonLaunchHandler.runTarget(CommonLaunchHandler.java:111) ~[fmlloader-1.20.1-47.4.0.jar%2369!/:?]
	at net.minecraftforge.fml.loading.targets.CommonLaunchHandler.serverService(CommonLaunchHandler.java:103) ~[fmlloader-1.20.1-47.4.0.jar%2369!/:?]
	at net.minecraftforge.fml.loading.targets.CommonServerLaunchHandler.lambda$makeService$0(CommonServerLaunchHandler.java:27) ~[fmlloader-1.20.1-47.4.0.jar%2369!/:?]
	at cpw.mods.modlauncher.LaunchServiceHandlerDecorator.launch(LaunchServiceHandlerDecorator.java:30) ~[modlauncher-10.0.9.jar%2355!/:?]
	at cpw.mods.modlauncher.LaunchServiceHandler.launch(LaunchServiceHandler.java:53) ~[modlauncher-10.0.9.jar%2355!/:?]
	at cpw.mods.modlauncher.LaunchServiceHandler.launch(LaunchServiceHandler.java:71) ~[modlauncher-10.0.9.jar%2355!/:?]
	at cpw.mods.modlauncher.Launcher.run(Launcher.java:108) ~[modlauncher-10.0.9.jar%2355!/:?]
	at cpw.mods.modlauncher.Launcher.main(Launcher.java:78) ~[modlauncher-10.0.9.jar%2355!/:?]
	at cpw.mods.modlauncher.BootstrapLaunchConsumer.accept(BootstrapLaunchConsumer.java:26) ~[modlauncher-10.0.9.jar%2355!/:?]
	at cpw.mods.modlauncher.BootstrapLaunchConsumer.accept(BootstrapLaunchConsumer.java:23) ~[modlauncher-10.0.9.jar%2355!/:?]
	at cpw.mods.bootstraplauncher.BootstrapLauncher.main(BootstrapLauncher.java:141) ~[bootstraplauncher-1.1.2.jar:?]
[10Oct2025 00:16:10.420] [main/ERROR] [net.minecraft.world.item.crafting.RecipeManager/]: Parsing error loading recipe dungeons_and_combat:electrict_chestplate
com.google.gson.JsonSyntaxException: Unknown item 'iceandfire:armor_electric_chestplate'
	at net.minecraft.world.item.crafting.ShapedRecipe.m_151280_(ShapedRecipe.java:292) ~[server-1.20.1-20230612.114412-srg.jar%23473!/:?]
	at java.util.Optional.orElseThrow(Optional.java:403) ~[?:?]
	at net.minecraft.world.item.crafting.ShapedRecipe.m_151278_(ShapedRecipe.java:291) ~[server-1.20.1-20230612.114412-srg.jar%23473!/:?]
	at net.minecraft.world.item.crafting.Ingredient.m_43919_(Ingredient.java:219) ~[server-1.20.1-20230612.114412-srg.jar%23473!/:?]
	at net.minecraftforge.common.crafting.VanillaIngredientSerializer.parse(VanillaIngredientSerializer.java:27) ~[forge-1.20.1-47.4.0-universal.jar%23478!/:?]
	at net.minecraftforge.common.crafting.CraftingHelper.getIngredient(CraftingHelper.java:148) ~[forge-1.20.1-47.4.0-universal.jar%23478!/:?]
	at net.minecraft.world.item.crafting.Ingredient.m_288218_(Ingredient.java:194) ~[server-1.20.1-20230612.114412-srg.jar%23473!/:?]
	at net.minecraft.world.item.crafting.Ingredient.m_43917_(Ingredient.java:189) ~[server-1.20.1-20230612.114412-srg.jar%23473!/:?]
	at net.minecraft.world.item.crafting.SmithingTransformRecipe$Serializer.m_6729_(SmithingTransformRecipe.java:74) ~[server-1.20.1-20230612.114412-srg.jar%23473!/:?]
	at net.minecraft.world.item.crafting.SmithingTransformRecipe$Serializer.m_6729_(SmithingTransformRecipe.java:71) ~[server-1.20.1-20230612.114412-srg.jar%23473!/:?]
	at net.minecraftforge.common.extensions.IForgeRecipeSerializer.fromJson(IForgeRecipeSerializer.java:23) ~[forge-1.20.1-47.4.0-universal.jar%23478!/:?]
	at net.minecraft.world.item.crafting.RecipeManager.fromJson(RecipeManager.java:171) ~[server-1.20.1-20230612.114412-srg.jar%23473!/:?]
	at net.minecraft.world.item.crafting.RecipeManager.m_5787_(RecipeManager.java:67) ~[server-1.20.1-20230612.114412-srg.jar%23473!/:?]
	at net.minecraft.world.item.crafting.RecipeManager.m_5787_(RecipeManager.java:34) ~[server-1.20.1-20230612.114412-srg.jar%23473!/:?]
	at net.minecraft.server.packs.resources.SimplePreparableReloadListener.m_10789_(SimplePreparableReloadListener.java:13) ~[server-1.20.1-20230612.114412-srg.jar%23473!/:?]
	at java.util.concurrent.CompletableFuture$UniAccept.tryFire(CompletableFuture.java:718) ~[?:?]
	at java.util.concurrent.CompletableFuture$Completion.run(CompletableFuture.java:482) ~[?:?]
	at net.minecraft.server.packs.resources.SimpleReloadInstance.m_143940_(SimpleReloadInstance.java:69) ~[server-1.20.1-20230612.114412-srg.jar%23473!/:?]
	at net.minecraft.Util.m_214652_(Util.java:783) ~[server-1.20.1-20230612.114412-srg.jar%23473!/:?]
	at net.minecraft.Util.m_214679_(Util.java:772) ~[server-1.20.1-20230612.114412-srg.jar%23473!/:?]
	at net.minecraft.server.Main.main(Main.java:166) ~[server-1.20.1-20230612.114412-srg.jar%23473!/:?]
	at jdk.internal.reflect.NativeMethodAccessorImpl.invoke0(Native Method) ~[?:?]
	at jdk.internal.reflect.NativeMethodAccessorImpl.invoke(NativeMethodAccessorImpl.java:77) ~[?:?]
	at jdk.internal.reflect.DelegatingMethodAccessorImpl.invoke(DelegatingMethodAccessorImpl.java:43) ~[?:?]
	at java.lang.reflect.Method.invoke(Method.java:569) ~[?:?]
	at net.minecraftforge.fml.loading.targets.CommonLaunchHandler.runTarget(CommonLaunchHandler.java:111) ~[fmlloader-1.20.1-47.4.0.jar%2369!/:?]
	at net.minecraftforge.fml.loading.targets.CommonLaunchHandler.serverService(CommonLaunchHandler.java:103) ~[fmlloader-1.20.1-47.4.0.jar%2369!/:?]
	at net.minecraftforge.fml.loading.targets.CommonServerLaunchHandler.lambda$makeService$0(CommonServerLaunchHandler.java:27) ~[fmlloader-1.20.1-47.4.0.jar%2369!/:?]
	at cpw.mods.modlauncher.LaunchServiceHandlerDecorator.launch(LaunchServiceHandlerDecorator.java:30) ~[modlauncher-10.0.9.jar%2355!/:?]
	at cpw.mods.modlauncher.LaunchServiceHandler.launch(LaunchServiceHandler.java:53) ~[modlauncher-10.0.9.jar%2355!/:?]
	at cpw.mods.modlauncher.LaunchServiceHandler.launch(LaunchServiceHandler.java:71) ~[modlauncher-10.0.9.jar%2355!/:?]
	at cpw.mods.modlauncher.Launcher.run(Launcher.java:108) ~[modlauncher-10.0.9.jar%2355!/:?]
	at cpw.mods.modlauncher.Launcher.main(Launcher.java:78) ~[modlauncher-10.0.9.jar%2355!/:?]
	at cpw.mods.modlauncher.BootstrapLaunchConsumer.accept(BootstrapLaunchConsumer.java:26) ~[modlauncher-10.0.9.jar%2355!/:?]
	at cpw.mods.modlauncher.BootstrapLaunchConsumer.accept(BootstrapLaunchConsumer.java:23) ~[modlauncher-10.0.9.jar%2355!/:?]
	at cpw.mods.bootstraplauncher.BootstrapLauncher.main(BootstrapLauncher.java:141) ~[bootstraplauncher-1.1.2.jar:?]
[10Oct2025 00:16:10.424] [main/INFO] [net.minecraft.world.item.crafting.RecipeManager/]: Skipping loading recipe twilightforest:jeed/fire_resistance as it's serializer returned null
[10Oct2025 00:16:10.424] [main/INFO] [net.minecraft.world.item.crafting.RecipeManager/]: Skipping loading recipe collectorsreap:integration/create/filling/chocolate_arils as it's serializer returned null
[10Oct2025 00:16:10.424] [main/ERROR] [net.minecraft.world.item.crafting.RecipeManager/]: Parsing error loading recipe dungeons_and_combat:dragon_fire_lance_recipe
com.google.gson.JsonSyntaxException: Unknown item 'iceandfire:fire_dragon_blood'
	at net.minecraft.world.item.crafting.ShapedRecipe.m_151280_(ShapedRecipe.java:292) ~[server-1.20.1-20230612.114412-srg.jar%23473!/:?]
	at java.util.Optional.orElseThrow(Optional.java:403) ~[?:?]
	at net.minecraft.world.item.crafting.ShapedRecipe.m_151278_(ShapedRecipe.java:291) ~[server-1.20.1-20230612.114412-srg.jar%23473!/:?]
	at net.minecraft.world.item.crafting.Ingredient.m_43919_(Ingredient.java:219) ~[server-1.20.1-20230612.114412-srg.jar%23473!/:?]
	at net.minecraftforge.common.crafting.VanillaIngredientSerializer.parse(VanillaIngredientSerializer.java:27) ~[forge-1.20.1-47.4.0-universal.jar%23478!/:?]
	at net.minecraftforge.common.crafting.CraftingHelper.getIngredient(CraftingHelper.java:148) ~[forge-1.20.1-47.4.0-universal.jar%23478!/:?]
	at net.minecraft.world.item.crafting.Ingredient.m_288218_(Ingredient.java:194) ~[server-1.20.1-20230612.114412-srg.jar%23473!/:?]
	at net.minecraft.world.item.crafting.ShapedRecipe.m_44210_(ShapedRecipe.java:278) ~[server-1.20.1-20230612.114412-srg.jar%23473!/:?]
	at net.minecraft.world.item.crafting.ShapedRecipe$Serializer.m_6729_(ShapedRecipe.java:306) ~[server-1.20.1-20230612.114412-srg.jar%23473!/:?]
	at net.minecraft.world.item.crafting.ShapedRecipe$Serializer.m_6729_(ShapedRecipe.java:301) ~[server-1.20.1-20230612.114412-srg.jar%23473!/:?]
	at net.minecraftforge.common.extensions.IForgeRecipeSerializer.fromJson(IForgeRecipeSerializer.java:23) ~[forge-1.20.1-47.4.0-universal.jar%23478!/:?]
	at net.minecraft.world.item.crafting.RecipeManager.fromJson(RecipeManager.java:171) ~[server-1.20.1-20230612.114412-srg.jar%23473!/:?]
	at net.minecraft.world.item.crafting.RecipeManager.m_5787_(RecipeManager.java:67) ~[server-1.20.1-20230612.114412-srg.jar%23473!/:?]
	at net.minecraft.world.item.crafting.RecipeManager.m_5787_(RecipeManager.java:34) ~[server-1.20.1-20230612.114412-srg.jar%23473!/:?]
	at net.minecraft.server.packs.resources.SimplePreparableReloadListener.m_10789_(SimplePreparableReloadListener.java:13) ~[server-1.20.1-20230612.114412-srg.jar%23473!/:?]
	at java.util.concurrent.CompletableFuture$UniAccept.tryFire(CompletableFuture.java:718) ~[?:?]
	at java.util.concurrent.CompletableFuture$Completion.run(CompletableFuture.java:482) ~[?:?]
	at net.minecraft.server.packs.resources.SimpleReloadInstance.m_143940_(SimpleReloadInstance.java:69) ~[server-1.20.1-20230612.114412-srg.jar%23473!/:?]
	at net.minecraft.Util.m_214652_(Util.java:783) ~[server-1.20.1-20230612.114412-srg.jar%23473!/:?]
	at net.minecraft.Util.m_214679_(Util.java:772) ~[server-1.20.1-20230612.114412-srg.jar%23473!/:?]
	at net.minecraft.server.Main.main(Main.java:166) ~[server-1.20.1-20230612.114412-srg.jar%23473!/:?]
	at jdk.internal.reflect.NativeMethodAccessorImpl.invoke0(Native Method) ~[?:?]
	at jdk.internal.reflect.NativeMethodAccessorImpl.invoke(NativeMethodAccessorImpl.java:77) ~[?:?]
	at jdk.internal.reflect.DelegatingMethodAccessorImpl.invoke(DelegatingMethodAccessorImpl.java:43) ~[?:?]
	at java.lang.reflect.Method.invoke(Method.java:569) ~[?:?]
	at net.minecraftforge.fml.loading.targets.CommonLaunchHandler.runTarget(CommonLaunchHandler.java:111) ~[fmlloader-1.20.1-47.4.0.jar%2369!/:?]
	at net.minecraftforge.fml.loading.targets.CommonLaunchHandler.serverService(CommonLaunchHandler.java:103) ~[fmlloader-1.20.1-47.4.0.jar%2369!/:?]
	at net.minecraftforge.fml.loading.targets.CommonServerLaunchHandler.lambda$makeService$0(CommonServerLaunchHandler.java:27) ~[fmlloader-1.20.1-47.4.0.jar%2369!/:?]
	at cpw.mods.modlauncher.LaunchServiceHandlerDecorator.launch(LaunchServiceHandlerDecorator.java:30) ~[modlauncher-10.0.9.jar%2355!/:?]
	at cpw.mods.modlauncher.LaunchServiceHandler.launch(LaunchServiceHandler.java:53) ~[modlauncher-10.0.9.jar%2355!/:?]
	at cpw.mods.modlauncher.LaunchServiceHandler.launch(LaunchServiceHandler.java:71) ~[modlauncher-10.0.9.jar%2355!/:?]
	at cpw.mods.modlauncher.Launcher.run(Launcher.java:108) ~[modlauncher-10.0.9.jar%2355!/:?]
	at cpw.mods.modlauncher.Launcher.main(Launcher.java:78) ~[modlauncher-10.0.9.jar%2355!/:?]
	at cpw.mods.modlauncher.BootstrapLaunchConsumer.accept(BootstrapLaunchConsumer.java:26) ~[modlauncher-10.0.9.jar%2355!/:?]
	at cpw.mods.modlauncher.BootstrapLaunchConsumer.accept(BootstrapLaunchConsumer.java:23) ~[modlauncher-10.0.9.jar%2355!/:?]
	at cpw.mods.bootstraplauncher.BootstrapLauncher.main(BootstrapLauncher.java:141) ~[bootstraplauncher-1.1.2.jar:?]
[10Oct2025 00:16:10.434] [main/INFO] [net.minecraft.world.item.crafting.RecipeManager/]: Loaded 20 recipes
[10Oct2025 00:16:10.452] [main/INFO] [com.teamabnormals.blueprint.core.Blueprint/]: Advancement Modification Manager has loaded 9 modifier groups
[10Oct2025 00:16:10.452] [main/ERROR] [net.minecraft.server.ServerFunctionLibrary/]: Failed to load function wither_rework:wither/attack/2/phase_2/projectile/impact
java.util.concurrent.CompletionException: java.lang.IllegalArgumentException: Whilst parsing command on line 2: Unknown selector type '@n' at position 58: ...osion by @<--[HERE]
	at java.util.concurrent.CompletableFuture.encodeThrowable(CompletableFuture.java:315) ~[?:?]
	at java.util.concurrent.CompletableFuture.completeThrowable(CompletableFuture.java:320) ~[?:?]
	at java.util.concurrent.CompletableFuture$AsyncSupply.run(CompletableFuture.java:1770) ~[?:?]
	at java.util.concurrent.CompletableFuture$AsyncSupply.exec(CompletableFuture.java:1760) ~[?:?]
	at java.util.concurrent.ForkJoinTask.doExec(ForkJoinTask.java:373) ~[?:?]
	at java.util.concurrent.ForkJoinPool$WorkQueue.topLevelExec(ForkJoinPool.java:1182) ~[?:?]
	at java.util.concurrent.ForkJoinPool.scan(ForkJoinPool.java:1655) ~[?:?]
	at java.util.concurrent.ForkJoinPool.runWorker(ForkJoinPool.java:1622) ~[?:?]
	at java.util.concurrent.ForkJoinWorkerThread.run(ForkJoinWorkerThread.java:165) ~[?:?]
Caused by: java.lang.IllegalArgumentException: Whilst parsing command on line 2: Unknown selector type '@n' at position 58: ...osion by @<--[HERE]
	at net.minecraft.commands.CommandFunction.m_77984_(CommandFunction.java:63) ~[server-1.20.1-20230612.114412-srg.jar%23473!/:?]
	at net.minecraft.server.ServerFunctionLibrary.m_214320_(ServerFunctionLibrary.java:83) ~[server-1.20.1-20230612.114412-srg.jar%23473!/:?]
	at java.util.concurrent.CompletableFuture$AsyncSupply.run(CompletableFuture.java:1768) ~[?:?]
	... 6 more
[10Oct2025 00:16:10.453] [main/ERROR] [net.minecraft.server.ServerFunctionLibrary/]: Failed to load function wither_rework:wither/attack/0/projectile/rotation
java.util.concurrent.CompletionException: java.lang.IllegalArgumentException: Whilst parsing command on line 2: Incorrect argument for command at position 56: ...oat 1 run <--[HERE]
	at java.util.concurrent.CompletableFuture.encodeThrowable(CompletableFuture.java:315) ~[?:?]
	at java.util.concurrent.CompletableFuture.completeThrowable(CompletableFuture.java:320) ~[?:?]
	at java.util.concurrent.CompletableFuture$AsyncSupply.run(CompletableFuture.java:1770) ~[?:?]
	at java.util.concurrent.CompletableFuture$AsyncSupply.exec(CompletableFuture.java:1760) ~[?:?]
	at java.util.concurrent.ForkJoinTask.doExec(ForkJoinTask.java:373) ~[?:?]
	at java.util.concurrent.ForkJoinPool$WorkQueue.topLevelExec(ForkJoinPool.java:1182) ~[?:?]
	at java.util.concurrent.ForkJoinPool.scan(ForkJoinPool.java:1655) ~[?:?]
	at java.util.concurrent.ForkJoinPool.runWorker(ForkJoinPool.java:1622) ~[?:?]
	at java.util.concurrent.ForkJoinWorkerThread.run(ForkJoinWorkerThread.java:165) ~[?:?]
Caused by: java.lang.IllegalArgumentException: Whilst parsing command on line 2: Incorrect argument for command at position 56: ...oat 1 run <--[HERE]
	at net.minecraft.commands.CommandFunction.m_77984_(CommandFunction.java:63) ~[server-1.20.1-20230612.114412-srg.jar%23473!/:?]
	at net.minecraft.server.ServerFunctionLibrary.m_214320_(ServerFunctionLibrary.java:83) ~[server-1.20.1-20230612.114412-srg.jar%23473!/:?]
	at java.util.concurrent.CompletableFuture$AsyncSupply.run(CompletableFuture.java:1768) ~[?:?]
	... 6 more
[10Oct2025 00:16:10.453] [main/ERROR] [net.minecraft.server.ServerFunctionLibrary/]: Failed to load function wither_rework:wither/attack/2/phase_2/projectile/effect/trajectory
java.util.concurrent.CompletionException: java.lang.IllegalArgumentException: Whilst parsing command on line 1: Expected ' ' at position 30: ...transition<--[HERE]
	at java.util.concurrent.CompletableFuture.encodeThrowable(CompletableFuture.java:315) ~[?:?]
	at java.util.concurrent.CompletableFuture.completeThrowable(CompletableFuture.java:320) ~[?:?]
	at java.util.concurrent.CompletableFuture$AsyncSupply.run(CompletableFuture.java:1770) ~[?:?]
	at java.util.concurrent.CompletableFuture$AsyncSupply.exec(CompletableFuture.java:1760) ~[?:?]
	at java.util.concurrent.ForkJoinTask.doExec(ForkJoinTask.java:373) ~[?:?]
	at java.util.concurrent.ForkJoinPool$WorkQueue.topLevelExec(ForkJoinPool.java:1182) ~[?:?]
	at java.util.concurrent.ForkJoinPool.scan(ForkJoinPool.java:1655) ~[?:?]
	at java.util.concurrent.ForkJoinPool.runWorker(ForkJoinPool.java:1622) ~[?:?]
	at java.util.concurrent.ForkJoinWorkerThread.run(ForkJoinWorkerThread.java:165) ~[?:?]
Caused by: java.lang.IllegalArgumentException: Whilst parsing command on line 1: Expected ' ' at position 30: ...transition<--[HERE]
	at net.minecraft.commands.CommandFunction.m_77984_(CommandFunction.java:63) ~[server-1.20.1-20230612.114412-srg.jar%23473!/:?]
	at net.minecraft.server.ServerFunctionLibrary.m_214320_(ServerFunctionLibrary.java:83) ~[server-1.20.1-20230612.114412-srg.jar%23473!/:?]
	at java.util.concurrent.CompletableFuture$AsyncSupply.run(CompletableFuture.java:1768) ~[?:?]
	... 6 more
[10Oct2025 00:16:10.465] [main/ERROR] [net.minecraft.server.ServerAdvancementManager/]: Parsing error loading custom advancement collectorsreap:recipes/cutting/clam: Missing advancement, expected to find a JsonObject
[10Oct2025 00:16:10.470] [main/ERROR] [net.minecraft.server.ServerAdvancementManager/]: Parsing error loading custom advancement collectorsreap:recipes/cutting/urchin: Missing advancement, expected to find a JsonObject
[10Oct2025 00:16:10.532] [main/ERROR] [net.minecraft.server.ServerAdvancementManager/]: Parsing error loading custom advancement overweight_farming:husbandry/peel_overweight_onion: Failed to parse 'location' field
[10Oct2025 00:16:10.545] [main/ERROR] [net.minecraft.server.ServerAdvancementManager/]: Parsing error loading custom advancement collectorsreap:recipes/cutting/platinum_bass: Missing advancement, expected to find a JsonObject
[10Oct2025 00:16:10.548] [main/ERROR] [net.minecraft.server.ServerAdvancementManager/]: Parsing error loading custom advancement overweight_farming:husbandry/unpeel_vegetables: Failed to parse 'location' field
[10Oct2025 00:16:10.554] [main/ERROR] [net.minecraft.server.ServerAdvancementManager/]: Parsing error loading custom advancement sophisticatedstorage:recipes/misc/backpack_chipped_mason_table_upgrade_from_storage_chipped_mason_table_upgrade: Unknown item id 'sophisticatedstorage:chipped/mason_table_upgrade'
[10Oct2025 00:16:10.568] [main/ERROR] [net.minecraft.server.ServerAdvancementManager/]: Parsing error loading custom advancement sophisticatedstorage:recipes/misc/storage_chipped_loom_table_upgrade_from_backpack_chipped_loom_table_upgrade: Unknown item id 'sophisticatedbackpacks:chipped/loom_table_upgrade'
[10Oct2025 00:16:10.572] [main/ERROR] [net.minecraft.server.ServerAdvancementManager/]: Parsing error loading custom advancement sophisticatedstorage:recipes/misc/backpack_chipped_glassblower_upgrade_from_storage_chipped_glassblower_upgrade: Unknown item id 'sophisticatedstorage:chipped/glassblower_upgrade'
[10Oct2025 00:16:10.577] [main/ERROR] [net.minecraft.server.ServerAdvancementManager/]: Parsing error loading custom advancement sophisticatedstorage:recipes/misc/storage_chipped_carpenters_table_upgrade_from_backpack_chipped_carpenters_table_upgrade: Unknown item id 'sophisticatedbackpacks:chipped/carpenters_table_upgrade'
[10Oct2025 00:16:10.577] [main/ERROR] [net.minecraft.server.ServerAdvancementManager/]: Parsing error loading custom advancement sophisticatedstorage:recipes/misc/backpack_chipped_carpenters_table_upgrade_from_storage_chipped_carpenters_table_upgrade: Unknown item id 'sophisticatedstorage:chipped/carpenters_table_upgrade'
[10Oct2025 00:16:10.587] [main/ERROR] [net.minecraft.server.ServerAdvancementManager/]: Parsing error loading custom advancement sophisticatedstorage:recipes/misc/storage_chipped_alchemy_bench_upgrade_from_backpack_chipped_alchemy_bench_upgrade: Unknown item id 'sophisticatedbackpacks:chipped/alchemy_bench_upgrade'
[10Oct2025 00:16:10.595] [main/ERROR] [net.minecraft.server.ServerAdvancementManager/]: Parsing error loading custom advancement collectorsreap:recipes/cutting/chieftain_claw: Missing advancement, expected to find a JsonObject
[10Oct2025 00:16:10.596] [main/ERROR] [net.minecraft.server.ServerAdvancementManager/]: Parsing error loading custom advancement sophisticatedstorage:recipes/misc/backpack_chipped_loom_table_upgrade_from_storage_chipped_loom_table_upgrade: Unknown item id 'sophisticatedstorage:chipped/loom_table_upgrade'
[10Oct2025 00:16:10.610] [main/ERROR] [net.minecraft.server.ServerAdvancementManager/]: Parsing error loading custom advancement collectorsreap:recipes/cutting/lime_pie: Missing advancement, expected to find a JsonObject
[10Oct2025 00:16:10.613] [main/ERROR] [net.minecraft.server.ServerAdvancementManager/]: Parsing error loading custom advancement collectorsreap:recipes/cutting/portobello_colony: Missing advancement, expected to find a JsonObject
[10Oct2025 00:16:10.616] [main/ERROR] [net.minecraft.server.ServerAdvancementManager/]: Parsing error loading custom advancement collectorsreap:recipes/cutting/lime: Missing advancement, expected to find a JsonObject
[10Oct2025 00:16:10.621] [main/ERROR] [net.minecraft.server.ServerAdvancementManager/]: Parsing error loading custom advancement collectorsreap:recipes/cutting/chieftain_legs: Missing advancement, expected to find a JsonObject
[10Oct2025 00:16:10.625] [main/ERROR] [net.minecraft.server.ServerAdvancementManager/]: Parsing error loading custom advancement collectorsreap:recipes/cutting/portobello_quiche: Missing advancement, expected to find a JsonObject
[10Oct2025 00:16:10.632] [main/ERROR] [net.minecraft.server.ServerAdvancementManager/]: Parsing error loading custom advancement sophisticatedstorage:recipes/misc/backpack_chipped_botanist_workbench_upgrade_from_storage_chipped_botanist_workbench_upgrade: Unknown item id 'sophisticatedstorage:chipped/botanist_workbench_upgrade'
[10Oct2025 00:16:10.635] [main/ERROR] [net.minecraft.server.ServerAdvancementManager/]: Parsing error loading custom advancement sophisticatedstorage:recipes/misc/storage_chipped_glassblower_upgrade_from_backpack_chipped_glassblower_upgrade: Unknown item id 'sophisticatedbackpacks:chipped/glassblower_upgrade'
[10Oct2025 00:16:10.638] [main/ERROR] [net.minecraft.server.ServerAdvancementManager/]: Parsing error loading custom advancement collectorsreap:recipes/cutting/pomegranate_cake: Missing advancement, expected to find a JsonObject
[10Oct2025 00:16:10.638] [main/ERROR] [net.minecraft.server.ServerAdvancementManager/]: Parsing error loading custom advancement sophisticatedstorage:recipes/misc/storage_chipped_mason_table_upgrade_from_backpack_chipped_mason_table_upgrade: Unknown item id 'sophisticatedbackpacks:chipped/mason_table_upgrade'
[10Oct2025 00:16:10.651] [main/ERROR] [net.minecraft.server.ServerAdvancementManager/]: Parsing error loading custom advancement sophisticatedstorage:recipes/misc/storage_chipped_botanist_workbench_upgrade_from_backpack_chipped_botanist_workbench_upgrade: Unknown item id 'sophisticatedbackpacks:chipped/botanist_workbench_upgrade'
[10Oct2025 00:16:10.657] [main/ERROR] [net.minecraft.server.ServerAdvancementManager/]: Parsing error loading custom advancement sophisticatedstorage:recipes/misc/backpack_chipped_tinkering_table_upgrade_from_storage_chipped_tinkering_table_upgrade: Unknown item id 'sophisticatedstorage:chipped/tinkering_table_upgrade'
[10Oct2025 00:16:10.659] [main/ERROR] [net.minecraft.server.ServerAdvancementManager/]: Parsing error loading custom advancement collectorsreap:recipes/cutting/chieftain_crab: Missing advancement, expected to find a JsonObject
[10Oct2025 00:16:10.661] [main/ERROR] [net.minecraft.server.ServerAdvancementManager/]: Parsing error loading custom advancement sophisticatedstorage:recipes/misc/backpack_chipped_alchemy_bench_upgrade_from_storage_chipped_alchemy_bench_upgrade: Unknown item id 'sophisticatedstorage:chipped/alchemy_bench_upgrade'
[10Oct2025 00:16:10.663] [main/ERROR] [net.minecraft.server.ServerAdvancementManager/]: Parsing error loading custom advancement sophisticatedstorage:recipes/misc/storage_chipped_tinkering_table_upgrade_from_backpack_chipped_tinkering_table_upgrade: Unknown item id 'sophisticatedbackpacks:chipped/tinkering_table_upgrade'
[10Oct2025 00:16:10.670] [main/ERROR] [net.minecraft.server.ServerAdvancementManager/]: Parsing error loading custom advancement collectorsreap:recipes/cutting/lime_cake: Missing advancement, expected to find a JsonObject
[10Oct2025 00:16:10.671] [main/ERROR] [net.minecraft.server.ServerAdvancementManager/]: Parsing error loading custom advancement collectorsreap:recipes/cutting/pomegranate: Missing advancement, expected to find a JsonObject
[10Oct2025 00:16:10.673] [main/ERROR] [net.minecraft.server.ServerAdvancementManager/]: Parsing error loading custom advancement legendary_monsters:defeat_ambusher: Expected item to be an item, was unknown string 'legendary_monsters:ancient_dripstone_shard'
[10Oct2025 00:16:10.678] [main/ERROR] [net.minecraft.server.ServerAdvancementManager/]: Parsing error loading custom advancement collectorsreap:recipes/cutting/stygian_pomegranate: Missing advancement, expected to find a JsonObject
[10Oct2025 00:16:10.726] [main/INFO] [net.minecraft.advancements.AdvancementList/]: Loaded 3771 advancements
[10Oct2025 00:16:10.739] [main/INFO] [placebo/]: Registered 0 additional recipes.
[10Oct2025 00:16:10.763] [main/INFO] [top.theillusivec4.curios.Curios/]: Loaded 16 curio slots
[10Oct2025 00:16:10.783] [main/INFO] [top.theillusivec4.curios.Curios/]: Loaded 1 curio entities
[10Oct2025 00:16:10.787] [main/ERROR] [bettervillage/]: More Villagers compatibility is not enabled for Better Village and More Villagers is present in your mod list.
     - Please install the datapack for better compatibility between Better Villages and More Villagers.
     - You can find the datapack URL in the `compatibility` section of the Better Villages description.
     - URL=https://www.curseforge.com/minecraft/mc-mods/better-village-forge
[10Oct2025 00:16:10.813] [main/WARN] [net.minecraftforge.common.loot.LootModifierManager/]: Could not decode GlobalLootModifier with json id corn_delight:village_house - error: Unknown registry key in ResourceKey[minecraft:root / forge:global_loot_modifier_serializers]: mmlib:add_loot_table
[10Oct2025 00:16:10.813] [main/WARN] [net.minecraftforge.common.loot.LootModifierManager/]: Could not decode GlobalLootModifier with json id corn_delight:shipwreck_loot - error: Unknown registry key in ResourceKey[minecraft:root / forge:global_loot_modifier_serializers]: mmlib:add_loot_table
[10Oct2025 00:16:10.820] [main/WARN] [net.minecraftforge.common.loot.LootModifierManager/]: Unable to decode loot conditions
com.google.gson.JsonSyntaxException: Unknown type 'alternative'
	at net.minecraft.world.level.storage.loot.GsonAdapterFactory$JsonAdapter.deserialize(GsonAdapterFactory.java:99) ~[server-1.20.1-20230612.114412-srg.jar%23473!/:?]
	at com.google.gson.internal.bind.TreeTypeAdapter.read(TreeTypeAdapter.java:76) ~[gson-2.10.jar%2372!/:?]
	at com.google.gson.internal.bind.TypeAdapterRuntimeTypeWrapper.read(TypeAdapterRuntimeTypeWrapper.java:40) ~[gson-2.10.jar%2372!/:?]
	at com.google.gson.internal.bind.ArrayTypeAdapter.read(ArrayTypeAdapter.java:72) ~[gson-2.10.jar%2372!/:?]
	at com.google.gson.Gson.fromJson(Gson.java:1214) ~[gson-2.10.jar%2372!/:?]
	at com.google.gson.Gson.fromJson(Gson.java:1319) ~[gson-2.10.jar%2372!/:?]
	at com.google.gson.Gson.fromJson(Gson.java:1261) ~[gson-2.10.jar%2372!/:?]
	at net.minecraftforge.common.loot.IGlobalLootModifier.lambda$static$1(IGlobalLootModifier.java:39) ~[forge-1.20.1-47.4.0-universal.jar%23478!/:?]
	at com.mojang.serialization.Decoder$1.lambda$decode$1(Decoder.java:49) ~[datafixerupper-6.0.8.jar%2377!/:?]
	at com.mojang.serialization.DataResult.lambda$flatMap$11(DataResult.java:139) ~[datafixerupper-6.0.8.jar%2377!/:?]
	at com.mojang.datafixers.util.Either$Left.map(Either.java:38) ~[datafixerupper-6.0.8.jar%2377!/:?]
	at com.mojang.serialization.DataResult.flatMap(DataResult.java:137) ~[datafixerupper-6.0.8.jar%2377!/:?]
	at com.mojang.serialization.Decoder$1.decode(Decoder.java:49) ~[datafixerupper-6.0.8.jar%2377!/:?]
	at com.mojang.serialization.Codec$2.decode(Codec.java:71) ~[datafixerupper-6.0.8.jar%2377!/:?]
	at com.mojang.serialization.Decoder.parse(Decoder.java:18) ~[datafixerupper-6.0.8.jar%2377!/:?]
	at com.mojang.serialization.codecs.FieldDecoder.decode(FieldDecoder.java:29) ~[datafixerupper-6.0.8.jar%2377!/:?]
	at com.mojang.serialization.MapCodec$1.decode(MapCodec.java:34) ~[datafixerupper-6.0.8.jar%2377!/:?]
	at com.mojang.serialization.codecs.RecordCodecBuilder$Instance$7.decode(RecordCodecBuilder.java:406) ~[datafixerupper-6.0.8.jar%2377!/:?]
	at com.mojang.serialization.codecs.RecordCodecBuilder$2.decode(RecordCodecBuilder.java:107) ~[datafixerupper-6.0.8.jar%2377!/:?]
	at com.mojang.serialization.codecs.KeyDispatchCodec.lambda$decode$3(KeyDispatchCodec.java:67) ~[datafixerupper-6.0.8.jar%2377!/:?]
	at com.mojang.serialization.DataResult.lambda$flatMap$11(DataResult.java:139) ~[datafixerupper-6.0.8.jar%2377!/:?]
	at com.mojang.datafixers.util.Either$Left.map(Either.java:38) ~[datafixerupper-6.0.8.jar%2377!/:?]
	at com.mojang.serialization.DataResult.flatMap(DataResult.java:137) ~[datafixerupper-6.0.8.jar%2377!/:?]
	at com.mojang.serialization.codecs.KeyDispatchCodec.lambda$decode$4(KeyDispatchCodec.java:58) ~[datafixerupper-6.0.8.jar%2377!/:?]
	at com.mojang.serialization.DataResult.lambda$flatMap$11(DataResult.java:139) ~[datafixerupper-6.0.8.jar%2377!/:?]
	at com.mojang.datafixers.util.Either$Left.map(Either.java:38) ~[datafixerupper-6.0.8.jar%2377!/:?]
	at com.mojang.serialization.DataResult.flatMap(DataResult.java:137) ~[datafixerupper-6.0.8.jar%2377!/:?]
	at com.mojang.serialization.codecs.KeyDispatchCodec.decode(KeyDispatchCodec.java:56) ~[datafixerupper-6.0.8.jar%2377!/:?]
	at com.mojang.serialization.MapDecoder.lambda$compressedDecode$1(MapDecoder.java:52) ~[datafixerupper-6.0.8.jar%2377!/:?]
	at com.mojang.serialization.DataResult.lambda$flatMap$11(DataResult.java:139) ~[datafixerupper-6.0.8.jar%2377!/:?]
	at com.mojang.datafixers.util.Either$Left.map(Either.java:38) ~[datafixerupper-6.0.8.jar%2377!/:?]
	at com.mojang.serialization.DataResult.flatMap(DataResult.java:137) ~[datafixerupper-6.0.8.jar%2377!/:?]
	at com.mojang.serialization.MapDecoder.compressedDecode(MapDecoder.java:52) ~[datafixerupper-6.0.8.jar%2377!/:?]
	at com.mojang.serialization.MapCodec$MapCodecCodec.decode(MapCodec.java:91) ~[datafixerupper-6.0.8.jar%2377!/:?]
	at com.mojang.serialization.Decoder.parse(Decoder.java:18) ~[datafixerupper-6.0.8.jar%2377!/:?]
	at net.minecraftforge.common.loot.LootModifierManager.apply(LootModifierManager.java:79) ~[forge-1.20.1-47.4.0-universal.jar%23478!/:?]
	at net.minecraftforge.common.loot.LootModifierManager.m_5787_(LootModifierManager.java:38) ~[forge-1.20.1-47.4.0-universal.jar%23478!/:?]
	at net.minecraft.server.packs.resources.SimplePreparableReloadListener.m_10789_(SimplePreparableReloadListener.java:13) ~[server-1.20.1-20230612.114412-srg.jar%23473!/:?]
	at java.util.concurrent.CompletableFuture$UniAccept.tryFire(CompletableFuture.java:718) ~[?:?]
	at java.util.concurrent.CompletableFuture$Completion.run(CompletableFuture.java:482) ~[?:?]
	at net.minecraft.server.packs.resources.SimpleReloadInstance.m_143940_(SimpleReloadInstance.java:69) ~[server-1.20.1-20230612.114412-srg.jar%23473!/:?]
	at net.minecraft.Util.m_214652_(Util.java:783) ~[server-1.20.1-20230612.114412-srg.jar%23473!/:?]
	at net.minecraft.Util.m_214679_(Util.java:772) ~[server-1.20.1-20230612.114412-srg.jar%23473!/:?]
	at net.minecraft.server.Main.main(Main.java:166) ~[server-1.20.1-20230612.114412-srg.jar%23473!/:?]
	at jdk.internal.reflect.NativeMethodAccessorImpl.invoke0(Native Method) ~[?:?]
	at jdk.internal.reflect.NativeMethodAccessorImpl.invoke(NativeMethodAccessorImpl.java:77) ~[?:?]
	at jdk.internal.reflect.DelegatingMethodAccessorImpl.invoke(DelegatingMethodAccessorImpl.java:43) ~[?:?]
	at java.lang.reflect.Method.invoke(Method.java:569) ~[?:?]
	at net.minecraftforge.fml.loading.targets.CommonLaunchHandler.runTarget(CommonLaunchHandler.java:111) ~[fmlloader-1.20.1-47.4.0.jar%2369!/:?]
	at net.minecraftforge.fml.loading.targets.CommonLaunchHandler.serverService(CommonLaunchHandler.java:103) ~[fmlloader-1.20.1-47.4.0.jar%2369!/:?]
	at net.minecraftforge.fml.loading.targets.CommonServerLaunchHandler.lambda$makeService$0(CommonServerLaunchHandler.java:27) ~[fmlloader-1.20.1-47.4.0.jar%2369!/:?]
	at cpw.mods.modlauncher.LaunchServiceHandlerDecorator.launch(LaunchServiceHandlerDecorator.java:30) ~[modlauncher-10.0.9.jar%2355!/:?]
	at cpw.mods.modlauncher.LaunchServiceHandler.launch(LaunchServiceHandler.java:53) ~[modlauncher-10.0.9.jar%2355!/:?]
	at cpw.mods.modlauncher.LaunchServiceHandler.launch(LaunchServiceHandler.java:71) ~[modlauncher-10.0.9.jar%2355!/:?]
	at cpw.mods.modlauncher.Launcher.run(Launcher.java:108) ~[modlauncher-10.0.9.jar%2355!/:?]
	at cpw.mods.modlauncher.Launcher.main(Launcher.java:78) ~[modlauncher-10.0.9.jar%2355!/:?]
	at cpw.mods.modlauncher.BootstrapLaunchConsumer.accept(BootstrapLaunchConsumer.java:26) ~[modlauncher-10.0.9.jar%2355!/:?]
	at cpw.mods.modlauncher.BootstrapLaunchConsumer.accept(BootstrapLaunchConsumer.java:23) ~[modlauncher-10.0.9.jar%2355!/:?]
	at cpw.mods.bootstraplauncher.BootstrapLauncher.main(BootstrapLauncher.java:141) ~[bootstraplauncher-1.1.2.jar:?]
[10Oct2025 00:16:10.824] [main/WARN] [net.minecraftforge.common.loot.LootModifierManager/]: Could not decode GlobalLootModifier with json id miners_delight:scavenging_tentacles - error: Unknown type 'alternative'
[10Oct2025 00:16:10.824] [main/WARN] [net.minecraftforge.common.loot.LootModifierManager/]: Unable to decode loot conditions
com.google.gson.JsonSyntaxException: Unknown type 'alternative'
	at net.minecraft.world.level.storage.loot.GsonAdapterFactory$JsonAdapter.deserialize(GsonAdapterFactory.java:99) ~[server-1.20.1-20230612.114412-srg.jar%23473!/:?]
	at com.google.gson.internal.bind.TreeTypeAdapter.read(TreeTypeAdapter.java:76) ~[gson-2.10.jar%2372!/:?]
	at com.google.gson.internal.bind.TypeAdapterRuntimeTypeWrapper.read(TypeAdapterRuntimeTypeWrapper.java:40) ~[gson-2.10.jar%2372!/:?]
	at com.google.gson.internal.bind.ArrayTypeAdapter.read(ArrayTypeAdapter.java:72) ~[gson-2.10.jar%2372!/:?]
	at com.google.gson.Gson.fromJson(Gson.java:1214) ~[gson-2.10.jar%2372!/:?]
	at com.google.gson.Gson.fromJson(Gson.java:1319) ~[gson-2.10.jar%2372!/:?]
	at com.google.gson.Gson.fromJson(Gson.java:1261) ~[gson-2.10.jar%2372!/:?]
	at net.minecraftforge.common.loot.IGlobalLootModifier.lambda$static$1(IGlobalLootModifier.java:39) ~[forge-1.20.1-47.4.0-universal.jar%23478!/:?]
	at com.mojang.serialization.Decoder$1.lambda$decode$1(Decoder.java:49) ~[datafixerupper-6.0.8.jar%2377!/:?]
	at com.mojang.serialization.DataResult.lambda$flatMap$11(DataResult.java:139) ~[datafixerupper-6.0.8.jar%2377!/:?]
	at com.mojang.datafixers.util.Either$Left.map(Either.java:38) ~[datafixerupper-6.0.8.jar%2377!/:?]
	at com.mojang.serialization.DataResult.flatMap(DataResult.java:137) ~[datafixerupper-6.0.8.jar%2377!/:?]
	at com.mojang.serialization.Decoder$1.decode(Decoder.java:49) ~[datafixerupper-6.0.8.jar%2377!/:?]
	at com.mojang.serialization.Codec$2.decode(Codec.java:71) ~[datafixerupper-6.0.8.jar%2377!/:?]
	at com.mojang.serialization.Decoder.parse(Decoder.java:18) ~[datafixerupper-6.0.8.jar%2377!/:?]
	at com.mojang.serialization.codecs.FieldDecoder.decode(FieldDecoder.java:29) ~[datafixerupper-6.0.8.jar%2377!/:?]
	at com.mojang.serialization.MapCodec$1.decode(MapCodec.java:34) ~[datafixerupper-6.0.8.jar%2377!/:?]
	at com.mojang.serialization.codecs.RecordCodecBuilder$Instance$5.decode(RecordCodecBuilder.java:323) ~[datafixerupper-6.0.8.jar%2377!/:?]
	at com.mojang.serialization.codecs.RecordCodecBuilder$2.decode(RecordCodecBuilder.java:107) ~[datafixerupper-6.0.8.jar%2377!/:?]
	at com.mojang.serialization.codecs.KeyDispatchCodec.lambda$decode$3(KeyDispatchCodec.java:67) ~[datafixerupper-6.0.8.jar%2377!/:?]
	at com.mojang.serialization.DataResult.lambda$flatMap$11(DataResult.java:139) ~[datafixerupper-6.0.8.jar%2377!/:?]
	at com.mojang.datafixers.util.Either$Left.map(Either.java:38) ~[datafixerupper-6.0.8.jar%2377!/:?]
	at com.mojang.serialization.DataResult.flatMap(DataResult.java:137) ~[datafixerupper-6.0.8.jar%2377!/:?]
	at com.mojang.serialization.codecs.KeyDispatchCodec.lambda$decode$4(KeyDispatchCodec.java:58) ~[datafixerupper-6.0.8.jar%2377!/:?]
	at com.mojang.serialization.DataResult.lambda$flatMap$11(DataResult.java:139) ~[datafixerupper-6.0.8.jar%2377!/:?]
	at com.mojang.datafixers.util.Either$Left.map(Either.java:38) ~[datafixerupper-6.0.8.jar%2377!/:?]
	at com.mojang.serialization.DataResult.flatMap(DataResult.java:137) ~[datafixerupper-6.0.8.jar%2377!/:?]
	at com.mojang.serialization.codecs.KeyDispatchCodec.decode(KeyDispatchCodec.java:56) ~[datafixerupper-6.0.8.jar%2377!/:?]
	at com.mojang.serialization.MapDecoder.lambda$compressedDecode$1(MapDecoder.java:52) ~[datafixerupper-6.0.8.jar%2377!/:?]
	at com.mojang.serialization.DataResult.lambda$flatMap$11(DataResult.java:139) ~[datafixerupper-6.0.8.jar%2377!/:?]
	at com.mojang.datafixers.util.Either$Left.map(Either.java:38) ~[datafixerupper-6.0.8.jar%2377!/:?]
	at com.mojang.serialization.DataResult.flatMap(DataResult.java:137) ~[datafixerupper-6.0.8.jar%2377!/:?]
	at com.mojang.serialization.MapDecoder.compressedDecode(MapDecoder.java:52) ~[datafixerupper-6.0.8.jar%2377!/:?]
	at com.mojang.serialization.MapCodec$MapCodecCodec.decode(MapCodec.java:91) ~[datafixerupper-6.0.8.jar%2377!/:?]
	at com.mojang.serialization.Decoder.parse(Decoder.java:18) ~[datafixerupper-6.0.8.jar%2377!/:?]
	at net.minecraftforge.common.loot.LootModifierManager.apply(LootModifierManager.java:79) ~[forge-1.20.1-47.4.0-universal.jar%23478!/:?]
	at net.minecraftforge.common.loot.LootModifierManager.m_5787_(LootModifierManager.java:38) ~[forge-1.20.1-47.4.0-universal.jar%23478!/:?]
	at net.minecraft.server.packs.resources.SimplePreparableReloadListener.m_10789_(SimplePreparableReloadListener.java:13) ~[server-1.20.1-20230612.114412-srg.jar%23473!/:?]
	at java.util.concurrent.CompletableFuture$UniAccept.tryFire(CompletableFuture.java:718) ~[?:?]
	at java.util.concurrent.CompletableFuture$Completion.run(CompletableFuture.java:482) ~[?:?]
	at net.minecraft.server.packs.resources.SimpleReloadInstance.m_143940_(SimpleReloadInstance.java:69) ~[server-1.20.1-20230612.114412-srg.jar%23473!/:?]
	at net.minecraft.Util.m_214652_(Util.java:783) ~[server-1.20.1-20230612.114412-srg.jar%23473!/:?]
	at net.minecraft.Util.m_214679_(Util.java:772) ~[server-1.20.1-20230612.114412-srg.jar%23473!/:?]
	at net.minecraft.server.Main.main(Main.java:166) ~[server-1.20.1-20230612.114412-srg.jar%23473!/:?]
	at jdk.internal.reflect.NativeMethodAccessorImpl.invoke0(Native Method) ~[?:?]
	at jdk.internal.reflect.NativeMethodAccessorImpl.invoke(NativeMethodAccessorImpl.java:77) ~[?:?]
	at jdk.internal.reflect.DelegatingMethodAccessorImpl.invoke(DelegatingMethodAccessorImpl.java:43) ~[?:?]
	at java.lang.reflect.Method.invoke(Method.java:569) ~[?:?]
	at net.minecraftforge.fml.loading.targets.CommonLaunchHandler.runTarget(CommonLaunchHandler.java:111) ~[fmlloader-1.20.1-47.4.0.jar%2369!/:?]
	at net.minecraftforge.fml.loading.targets.CommonLaunchHandler.serverService(CommonLaunchHandler.java:103) ~[fmlloader-1.20.1-47.4.0.jar%2369!/:?]
	at net.minecraftforge.fml.loading.targets.CommonServerLaunchHandler.lambda$makeService$0(CommonServerLaunchHandler.java:27) ~[fmlloader-1.20.1-47.4.0.jar%2369!/:?]
	at cpw.mods.modlauncher.LaunchServiceHandlerDecorator.launch(LaunchServiceHandlerDecorator.java:30) ~[modlauncher-10.0.9.jar%2355!/:?]
	at cpw.mods.modlauncher.LaunchServiceHandler.launch(LaunchServiceHandler.java:53) ~[modlauncher-10.0.9.jar%2355!/:?]
	at cpw.mods.modlauncher.LaunchServiceHandler.launch(LaunchServiceHandler.java:71) ~[modlauncher-10.0.9.jar%2355!/:?]
	at cpw.mods.modlauncher.Launcher.run(Launcher.java:108) ~[modlauncher-10.0.9.jar%2355!/:?]
	at cpw.mods.modlauncher.Launcher.main(Launcher.java:78) ~[modlauncher-10.0.9.jar%2355!/:?]
	at cpw.mods.modlauncher.BootstrapLaunchConsumer.accept(BootstrapLaunchConsumer.java:26) ~[modlauncher-10.0.9.jar%2355!/:?]
	at cpw.mods.modlauncher.BootstrapLaunchConsumer.accept(BootstrapLaunchConsumer.java:23) ~[modlauncher-10.0.9.jar%2355!/:?]
	at cpw.mods.bootstraplauncher.BootstrapLauncher.main(BootstrapLauncher.java:141) ~[bootstraplauncher-1.1.2.jar:?]
[10Oct2025 00:16:10.825] [main/WARN] [net.minecraftforge.common.loot.LootModifierManager/]: Could not decode GlobalLootModifier with json id miners_delight:scavenging_silverfish - error: Unknown type 'alternative'
[10Oct2025 00:16:10.843] [main/INFO] [com.cupboard.Cupboard/]: Loaded config for: lootintegrations.json
[10Oct2025 00:16:10.847] [main/INFO] [twilightforest/]: Loaded 9 Stalactite configs!
[10Oct2025 00:16:10.853] [main/INFO] [com.teamabnormals.blueprint.core.Blueprint/]: Chunk Generator Modification Manager has loaded 0 modifier groups
[10Oct2025 00:16:10.858] [main/INFO] [someassemblyrequired.SomeAssemblyRequired/]: Loaded 65 sandwich ingredients
[10Oct2025 00:16:10.859] [main/INFO] [placebo/]: Registered 0 gear_sets.
[10Oct2025 00:16:10.907] [main/WARN] [net.minecraft.core.MappedRegistry/]: Not all defined tags for registry ResourceKey[minecraft:root / minecraft:worldgen/biome] are present in data pack: farmers_structures:is_quark_glimer_spawn, minecraft:is_plains, quark:has_fallen_jungle
[10Oct2025 00:16:14.394] [Server thread/INFO] [net.minecraft.server.dedicated.DedicatedServer/]: Starting minecraft server version 1.20.1
[10Oct2025 00:16:14.394] [Server thread/INFO] [net.minecraft.server.dedicated.DedicatedServer/]: Loading properties
[10Oct2025 00:16:14.395] [Server thread/INFO] [net.minecraft.server.dedicated.DedicatedServer/]: Default game type: SURVIVAL
[10Oct2025 00:16:14.395] [Server thread/INFO] [net.minecraft.server.MinecraftServer/]: Generating keypair
[10Oct2025 00:16:14.536] [Server thread/INFO] [net.minecraft.server.dedicated.DedicatedServer/]: Starting Minecraft server on *:25565
[10Oct2025 00:16:14.560] [Server thread/INFO] [net.minecraft.server.network.ServerConnectionListener/]: Using epoll channel type
[10Oct2025 00:16:14.629] [Server thread/WARN] [net.minecraft.server.dedicated.DedicatedServer/]: **** SERVER IS RUNNING IN OFFLINE/INSECURE MODE!
[10Oct2025 00:16:14.630] [Server thread/WARN] [net.minecraft.server.dedicated.DedicatedServer/]: The server will make no attempt to authenticate usernames. Beware.
[10Oct2025 00:16:14.630] [Server thread/WARN] [net.minecraft.server.dedicated.DedicatedServer/]: While this makes the game possible to play without internet access, it also opens up the ability for hackers to connect with any username they choose.
[10Oct2025 00:16:14.630] [Server thread/WARN] [net.minecraft.server.dedicated.DedicatedServer/]: To change this, set "online-mode" to "true" in the server.properties file.
[10Oct2025 00:16:14.646] [Server thread/INFO] [Puzzles Lib/]: Loading server config for easyanvils
[10Oct2025 00:16:14.648] [Thread-2/INFO] [Puzzles Lib/]: Reloading server config for easyanvils
[10Oct2025 00:16:14.649] [Thread-2/INFO] [Puzzles Lib/]: Reloading server config for easyanvils
[10Oct2025 00:16:14.651] [Server thread/INFO] [Puzzles Lib/]: Loading server config for pickupnotifier
[10Oct2025 00:16:14.662] [Server thread/INFO] [Puzzles Lib/]: Loading server config for mutantmonsters
[10Oct2025 00:16:14.663] [Thread-2/INFO] [Puzzles Lib/]: Reloading server config for mutantmonsters
[10Oct2025 00:16:14.664] [Thread-2/INFO] [Puzzles Lib/]: Reloading server config for mutantmonsters
[10Oct2025 00:16:14.666] [Server thread/INFO] [Puzzles Lib/]: Loading server config for puzzlesapi
[10Oct2025 00:16:14.679] [Server thread/INFO] [Puzzles Lib/]: Loading server config for illagerinvasion
[10Oct2025 00:16:14.689] [Server thread/INFO] [Puzzles Lib/]: Loading server config for tradingpost
[10Oct2025 00:16:14.691] [Thread-2/INFO] [Puzzles Lib/]: Reloading server config for tradingpost
[10Oct2025 00:16:14.694] [Thread-2/INFO] [Puzzles Lib/]: Reloading server config for tradingpost
[10Oct2025 00:16:14.708] [Server thread/INFO] [journeymap/]: Loading JourneyMap Forge Configs
[10Oct2025 00:16:14.708] [Thread-2/INFO] [journeymap/]: Loading JourneyMap Forge Configs
[10Oct2025 00:16:14.709] [Thread-2/INFO] [journeymap/]: Loading JourneyMap Forge Configs
[10Oct2025 00:16:15.010] [Server thread/INFO] [Framework/]: Loading server configs...
[10Oct2025 00:16:15.114] [Server thread/INFO] [net.minecraft.server.dedicated.DedicatedServer/]: Preparing level "world"
[10Oct2025 00:16:19.835] [Server thread/INFO] [net.minecraft.server.MinecraftServer/]: Preparing start region for dimension minecraft:overworld
[10Oct2025 00:16:25.932] [Worker-Main-1/INFO] [net.minecraft.server.level.progress.LoggerChunkProgressListener/]: Preparing spawn area: 0%
[10Oct2025 00:16:25.934] [Worker-Main-2/INFO] [net.minecraft.server.level.progress.LoggerChunkProgressListener/]: Preparing spawn area: 0%
[10Oct2025 00:16:25.934] [Worker-Main-3/INFO] [net.minecraft.server.level.progress.LoggerChunkProgressListener/]: Preparing spawn area: 0%
[10Oct2025 00:16:25.935] [Worker-Main-2/INFO] [net.minecraft.server.level.progress.LoggerChunkProgressListener/]: Preparing spawn area: 0%
[10Oct2025 00:16:25.935] [Worker-Main-1/INFO] [net.minecraft.server.level.progress.LoggerChunkProgressListener/]: Preparing spawn area: 0%
[10Oct2025 00:16:25.936] [Worker-Main-3/INFO] [net.minecraft.server.level.progress.LoggerChunkProgressListener/]: Preparing spawn area: 0%
[10Oct2025 00:16:25.936] [Worker-Main-3/INFO] [net.minecraft.server.level.progress.LoggerChunkProgressListener/]: Preparing spawn area: 0%
[10Oct2025 00:16:25.937] [Worker-Main-3/INFO] [net.minecraft.server.level.progress.LoggerChunkProgressListener/]: Preparing spawn area: 0%
[10Oct2025 00:16:25.937] [Worker-Main-3/INFO] [net.minecraft.server.level.progress.LoggerChunkProgressListener/]: Preparing spawn area: 0%
[10Oct2025 00:16:25.938] [Worker-Main-3/INFO] [net.minecraft.server.level.progress.LoggerChunkProgressListener/]: Preparing spawn area: 0%
[10Oct2025 00:16:25.939] [Worker-Main-2/INFO] [net.minecraft.server.level.progress.LoggerChunkProgressListener/]: Preparing spawn area: 0%
[10Oct2025 00:16:25.939] [Worker-Main-2/INFO] [net.minecraft.server.level.progress.LoggerChunkProgressListener/]: Preparing spawn area: 0%
[10Oct2025 00:16:25.939] [Worker-Main-2/INFO] [net.minecraft.server.level.progress.LoggerChunkProgressListener/]: Preparing spawn area: 0%
[10Oct2025 00:16:26.336] [Worker-Main-1/INFO] [net.minecraft.server.level.progress.LoggerChunkProgressListener/]: Preparing spawn area: 9%
[10Oct2025 00:16:26.836] [Worker-Main-3/INFO] [net.minecraft.server.level.progress.LoggerChunkProgressListener/]: Preparing spawn area: 51%
[10Oct2025 00:16:27.356] [Server thread/INFO] [net.minecraft.server.level.progress.LoggerChunkProgressListener/]: Time elapsed: 7520 ms
[10Oct2025 00:16:27.357] [Server thread/INFO] [net.minecraft.server.dedicated.DedicatedServer/]: Done (12.713s)! For help, type "help"
[10Oct2025 00:16:27.612] [Server thread/INFO] [net.minecraftforge.server.permission.PermissionAPI/]: Successfully initialized permission handler forge:default_handler
[10Oct2025 00:16:27.626] [Server thread/INFO] [puffish_skills/]: [puffish_skills] Mod configuration loaded successfully!
[10Oct2025 00:16:27.796] [Server thread/INFO] [puffish_skills/]: [puffish_skills] Data pack `irons_skills` loaded successfully!
[10Oct2025 00:16:28.099] [Server thread/INFO] [net.bettercombat.logic.WeaponRegistry/]: Encoded Weapon Attribute registry size (with package overhead): 537760 bytes (in 54 string chunks with the size of 10000)
[10Oct2025 00:17:01.141] [Server thread/INFO] [net.minecraft.server.players.PlayerList/]: nasusperro[/127.178.30.157:47451] logged in with entity id 132 at (7.5, 67.0, -310.5)
[10Oct2025 00:17:01.226] [Server thread/INFO] [net.minecraft.server.MinecraftServer/]: nasusperro joined the game
[10Oct2025 00:17:01.473] [Server thread/INFO] [net.minecraft.server.MinecraftServer/]: nasusperro has made the advancement [Dungeons And Combat]
[10Oct2025 00:17:01.494] [Server thread/INFO] [Jade/]: Syncing config to nasusperro (65f6d4fc-757e-3e8e-b8bc-907481ea3217)
[10Oct2025 00:17:01.704] [Server thread/INFO] [net.minecraft.server.MinecraftServer/]: nasusperro has made the advancement [T.O Magic 'n Extras]
[10Oct2025 00:17:44.401] [Server thread/INFO] [net.minecraft.server.MinecraftServer/]: nasusperro has made the advancement [Alex's Mobs]
[10Oct2025 00:19:44.771] [Server thread/INFO] [net.minecraft.server.MinecraftServer/]: nasusperro has made the advancement [Stone Age]
[10Oct2025 00:20:02.676] [Server thread/INFO] [net.minecraft.server.MinecraftServer/]: nasusperro has made the advancement [Getting an Upgrade]
[10Oct2025 00:21:01.923] [Server thread/INFO] [net.minecraft.server.MinecraftServer/]: nasusperro has made the advancement [A Fool's Folly]
[10Oct2025 00:21:01.931] [Server thread/INFO] [net.minecraft.server.MinecraftServer/]: nasusperro has made the advancement ['X' Marks the Spot]
[10Oct2025 00:21:28.378] [Server thread/INFO] [net.minecraft.server.MinecraftServer/]: nasusperro has made the advancement [Barrel Booty]
[10Oct2025 00:21:35.720] [Server thread/INFO] [net.minecraft.server.MinecraftServer/]: nasusperro has made the advancement [Tools of the Trade]
[10Oct2025 00:26:05.398] [Server thread/INFO] [net.minecraft.server.MinecraftServer/]: nasusperro has made the advancement [Acquire Hardware]
[10Oct2025 00:26:07.734] [Server thread/INFO] [net.minecraft.server.MinecraftServer/]: nasusperro has made the advancement [Cover Me with Diamonds]
[10Oct2025 00:26:20.435] [Server thread/INFO] [net.minecraft.server.MinecraftServer/]: nasusperro has made the advancement [Diamonds!]
[10Oct2025 00:27:04.256] [Server thread/WARN] [net.minecraft.server.MinecraftServer/]: Can't keep up! Is the server overloaded? Running 2003ms or 40 ticks behind
[10Oct2025 00:27:36.072] [Server thread/INFO] [net.minecraft.server.MinecraftServer/]: nasusperro has made the advancement [Sweet Dreams]
[10Oct2025 00:27:42.080] [Server thread/INFO] [net.minecraft.server.MinecraftServer/]: nasusperro has made the advancement [First Day]
[10Oct2025 00:28:56.021] [Server thread/INFO] [net.minecraft.server.MinecraftServer/]: nasusperro has reached the goal [Quaint Scribe]
[10Oct2025 00:30:46.078] [Server thread/INFO] [net.minecraft.server.MinecraftServer/]: nasusperro has made the advancement [Disme A Dozen]
[10Oct2025 00:31:08.575] [Server thread/INFO] [net.minecraft.server.MinecraftServer/]: nasusperro has made the advancement [Isn't It Iron Pick]
[10Oct2025 00:33:23.431] [Server thread/INFO] [net.minecraft.server.MinecraftServer/]: nasusperro has made the advancement [The Beginning of An Adventure]
[10Oct2025 00:33:23.432] [Server thread/INFO] [net.minecraft.server.MinecraftServer/]: nasusperro has made the advancement [Cover Me In Emeralds]
[10Oct2025 00:33:38.924] [Server thread/WARN] [net.minecraft.network.syncher.SynchedEntityData/]: defineId called for: class net.minecraft.world.entity.LivingEntity from class com.pikachu.mod.illager_more.CombatEvent
[10Oct2025 00:34:39.924] [Server thread/INFO] [net.minecraft.server.MinecraftServer/]: nasusperro has made the advancement [Monster Hunter]
[10Oct2025 00:34:50.980] [Server thread/INFO] [net.minecraft.server.MinecraftServer/]: nasusperro has made the advancement [Voluntary Exile]
[10Oct2025 00:37:22.497] [Server thread/INFO] [net.minecraft.server.MinecraftServer/]: nasusperro has made the advancement [Magery]
[10Oct2025 00:38:26.477] [Server thread/INFO] [net.minecraft.server.MinecraftServer/]: nasusperro has made the advancement [Arghh, Where be Me Ship?]
[10Oct2025 00:41:11.272] [Server thread/INFO] [net.minecraft.server.MinecraftServer/]: nasusperro has made the advancement [Close Quarters]
[10Oct2025 00:46:37.878] [Server thread/INFO] [net.minecraft.server.MinecraftServer/]: nasusperro has made the advancement [Suit Up]
[10Oct2025 00:51:26.028] [Server thread/INFO] [net.minecraft.server.MinecraftServer/]: nasusperro has made the advancement [Vasebreaker]
[10Oct2025 00:51:35.027] [Server thread/INFO] [net.minecraft.server.MinecraftServer/]: nasusperro has made the advancement [Berry Nice]
[10Oct2025 00:57:27.667] [Server thread/INFO] [net.minecraft.server.MinecraftServer/]: nasusperro has made the advancement [Mine? Mine? Mine?]
[10Oct2025 01:30:44.086] [Worker-Main-2/WARN] [lithostitched/]: Non-existent template pool reference: ctov:village/vampirism/totem
[10Oct2025 01:30:44.182] [Worker-Main-2/WARN] [lithostitched/]: Non-existent template pool reference: ctov:village/waystone/normal
[10Oct2025 01:30:44.199] [Worker-Main-2/WARN] [lithostitched/]: Non-existent template pool reference: ctov:village/bounty/swamp
[10Oct2025 01:32:09.626] [Server thread/INFO] [net.minecraft.server.MinecraftServer/]: nasusperro has made the advancement [Grave Ravager]
[10Oct2025 01:34:01.168] [Worker-Main-2/WARN] [net.minecraft.world.entity.EntityType/]: Skipping Entity with id aquaculture:arrau_turtle
[10Oct2025 01:34:01.170] [Worker-Main-2/WARN] [net.minecraft.world.entity.decoration.ItemFrame/]: Unable to load item from: {Count:1b,id:"aquaculture:box_turtle"}
[10Oct2025 01:34:01.170] [Worker-Main-2/WARN] [net.minecraft.world.entity.decoration.ItemFrame/]: Unable to load item from: {Count:1b,id:"aquaculture:starshell_turtle"}
[10Oct2025 01:34:01.171] [Worker-Main-2/WARN] [net.minecraft.world.entity.decoration.ItemFrame/]: Unable to load item from: {Count:1b,id:"aquaculture:arrau_turtle"}
[10Oct2025 01:34:01.171] [Worker-Main-2/WARN] [net.minecraft.world.entity.EntityType/]: Skipping Entity with id aquaculture:box_turtle
[10Oct2025 01:34:01.171] [Worker-Main-2/WARN] [net.minecraft.world.entity.EntityType/]: Skipping Entity with id aquaculture:box_turtle
[10Oct2025 01:34:01.172] [Worker-Main-2/WARN] [net.minecraft.world.entity.EntityType/]: Skipping Entity with id aquaculture:box_turtle
[10Oct2025 01:34:01.172] [Worker-Main-2/WARN] [net.minecraft.world.entity.EntityType/]: Skipping Entity with id aquaculture:box_turtle
[10Oct2025 01:34:01.172] [Worker-Main-2/WARN] [net.minecraft.world.entity.EntityType/]: Skipping Entity with id aquaculture:box_turtle
[10Oct2025 01:34:01.173] [Worker-Main-2/WARN] [net.minecraft.world.entity.EntityType/]: Skipping Entity with id aquaculture:box_turtle
[10Oct2025 01:34:01.173] [Worker-Main-2/WARN] [net.minecraft.world.entity.EntityType/]: Skipping Entity with id aquaculture:box_turtle
[10Oct2025 01:34:01.173] [Worker-Main-2/WARN] [net.minecraft.world.entity.decoration.ItemFrame/]: Unable to load item from: {Count:1b,id:"aquaculture:iron_fillet_knife",tag:{Damage:0}}
[10Oct2025 01:34:01.173] [Worker-Main-2/WARN] [net.minecraft.world.entity.decoration.ItemFrame/]: Unable to load item from: {Count:1b,id:"aquaculturedelight:turtle_meat_dish"}
[10Oct2025 01:34:01.174] [Worker-Main-2/WARN] [net.minecraft.world.entity.decoration.ItemFrame/]: Unable to load item from: {Count:1b,id:"aquaculturedelight:turtle_meat_dish"}
[10Oct2025 01:34:01.174] [Worker-Main-2/WARN] [net.minecraft.world.entity.EntityType/]: Skipping Entity with id aquaculture:arrau_turtle
[10Oct2025 01:34:01.174] [Worker-Main-2/WARN] [net.minecraft.world.entity.EntityType/]: Skipping Entity with id aquaculture:arrau_turtle
[10Oct2025 01:34:01.174] [Worker-Main-2/WARN] [net.minecraft.world.entity.EntityType/]: Skipping Entity with id aquaculture:arrau_turtle
[10Oct2025 01:34:01.174] [Worker-Main-2/WARN] [net.minecraft.world.entity.EntityType/]: Skipping Entity with id aquaculture:arrau_turtle
